{"type":"FeatureCollection","features":[{"type":"Feature","id":"13000","properties":{"prefecture":"東京都","subPrefecture":null,"county":null,"municipality":"所属未定地","ward":null,"displayName":"所属未定地"},"geometry":{"type":"MultiPolygon","coordinates":[[[[140.30396,30.49576],[140.30465,30.49593],[140.30919,30.49342],[140.31269,30.48973],[140.31444,30.48698],[140.31353,30.48383],[140.31385,30.48194],[140.31088,30.47623],[140.30876,30.47459],[140.3029,30.47393],[140.30072,30.47297],[140.29839,30.47303],[140.29557,30.47455],[140.29156,30.47823],[140.28981,30.48071],[140.28644,30.48358],[140.28801,30.48567],[140.28815,30.48753],[140.28943,30.48813],[140.2916,30.49185],[140.29378,30.4937],[140.29807,30.49411],[140.29848,30.49532],[140.30396,30.49576]]],[[[139.82706,35.59694],[139.83219,35.58894],[139.81343,35.57873],[139.80848,35.58387],[139.80583,35.58545],[139.81171,35.58864],[139.80561,35.59616],[139.80744,35.59714],[139.81355,35.58966],[139.82706,35.59694]]],[[[139.84944,35.64276],[139.84098,35.64298],[139.84173,35.65075],[139.84296,35.65682],[139.84554,35.65672],[139.85038,35.65653],[139.84944,35.64276]]],[[[140.05076,31.44022],[140.05156,31.43805],[140.05031,31.43788],[140.05076,31.44022]]],[[[140.34186,29.79384],[140.34186,29.79384],[140.34186,29.79384],[140.34186,29.79384]]],[[[139.83122,35.583],[139.83122,35.583],[139.83122,35.583],[139.83122,35.583]]],[[[140.28681,30.48529],[140.28681,30.48529],[140.28681,30.48529],[140.28681,30.48529]]],[[[139.9172,31.88698],[139.9172,31.88698],[139.9172,31.88698],[139.9172,31.88698]]],[[[140.05377,31.43815],[140.05377,31.43815],[140.05377,31.43815],[140.05377,31.43815]]],[[[140.2864,30.48276],[140.2864,30.48276],[140.2864,30.48276],[140.2864,30.48276]]],[[[139.91755,31.88722],[139.91755,31.88722],[139.91755,31.88722],[139.91755,31.88722]]],[[[140.31516,30.48736],[140.31516,30.48736],[140.31516,30.48736],[140.31516,30.48736]]],[[[139.91815,31.88753],[139.91815,31.88753],[139.91815,31.88753],[139.91815,31.88753]]],[[[139.91801,31.88817],[139.91801,31.88817],[139.91801,31.88817],[139.91801,31.88817]]],[[[140.30987,30.49315],[140.30987,30.49315],[140.30987,30.49315],[140.30987,30.49315]]],[[[140.05201,31.43835],[140.05201,31.43835],[140.05201,31.43835],[140.05201,31.43835]]],[[[140.05069,31.442],[140.05069,31.442],[140.05069,31.442],[140.05069,31.442]]],[[[139.91768,31.88774],[139.91768,31.88774],[139.91768,31.88774],[139.91768,31.88774]]],[[[140.29736,30.47245],[140.29736,30.47245],[140.29736,30.47245],[140.29736,30.47245]]],[[[140.28612,30.48243],[140.28612,30.48243],[140.28612,30.48243],[140.28612,30.48243]]],[[[140.31325,30.48043],[140.31325,30.48043],[140.31325,30.48043],[140.31325,30.48043]]],[[[139.91783,31.8875],[139.91783,31.8875],[139.91783,31.8875],[139.91783,31.8875]]],[[[140.29028,30.47864],[140.29028,30.47864],[140.29028,30.47864],[140.29028,30.47864]]],[[[140.29791,30.47261],[140.29791,30.47261],[140.29791,30.47261],[140.29791,30.47261]]],[[[140.31545,30.48631],[140.31545,30.48631],[140.31545,30.48631],[140.31545,30.48631]]],[[[140.0525,31.43806],[140.0525,31.43806],[140.0525,31.43806],[140.0525,31.43806]]],[[[140.31464,30.4867],[140.31464,30.4867],[140.31464,30.4867],[140.31464,30.4867]]],[[[140.28738,30.48227],[140.28738,30.48227],[140.28738,30.48227],[140.28738,30.48227]]],[[[140.31405,30.48492],[140.31405,30.48492],[140.31405,30.48492],[140.31405,30.48492]]],[[[140.31044,30.49234],[140.31044,30.49234],[140.31044,30.49234],[140.31044,30.49234]]],[[[140.31096,30.47616],[140.31096,30.47616],[140.31096,30.47616],[140.31096,30.47616]]],[[[140.31551,30.48643],[140.31551,30.48643],[140.31551,30.48643],[140.31551,30.48643]]],[[[140.29798,30.47296],[140.29798,30.47296],[140.29798,30.47296],[140.29798,30.47296]]],[[[140.30496,30.47391],[140.30496,30.47391],[140.30496,30.47391],[140.30496,30.47391]]],[[[140.28777,30.48608],[140.28777,30.48608],[140.28777,30.48608],[140.28777,30.48608]]],[[[140.29762,30.47265],[140.29762,30.47265],[140.29762,30.47265],[140.29762,30.47265]]],[[[140.31549,30.48612],[140.31549,30.48612],[140.31549,30.48612],[140.31549,30.48612]]],[[[140.31392,30.48153],[140.31392,30.48153],[140.31392,30.48153],[140.31392,30.48153]]],[[[140.29233,30.47722],[140.29233,30.47722],[140.29233,30.47722],[140.29233,30.47722]]],[[[139.91855,31.88869],[139.91855,31.88869],[139.91855,31.88869],[139.91855,31.88869]]],[[[140.2988,30.47283],[140.2988,30.47283],[140.2988,30.47283],[140.2988,30.47283]]],[[[140.29862,30.47285],[140.29862,30.47285],[140.29862,30.47285],[140.29862,30.47285]]],[[[140.28673,30.48299],[140.28673,30.48299],[140.28673,30.48299],[140.28673,30.48299]]],[[[139.91892,31.88807],[139.91892,31.88807],[139.91892,31.88807],[139.91892,31.88807]]],[[[140.28833,30.48187],[140.28833,30.48187],[140.28833,30.48187],[140.28833,30.48187]]],[[[139.91715,31.88851],[139.91715,31.88851],[139.91715,31.88851],[139.91715,31.88851]]],[[[140.31461,30.48489],[140.31461,30.48489],[140.31461,30.48489],[140.31461,30.48489]]],[[[140.3114,30.47709],[140.3114,30.47709],[140.3114,30.47709],[140.3114,30.47709]]],[[[140.31466,30.48587],[140.31466,30.48587],[140.31466,30.48587],[140.31466,30.48587]]],[[[140.31161,30.49121],[140.31161,30.49121],[140.31161,30.49121],[140.31161,30.49121]]],[[[140.30055,30.47281],[140.30055,30.47281],[140.30055,30.47281],[140.30055,30.47281]]],[[[140.31483,30.48703],[140.31483,30.48703],[140.31483,30.48703],[140.31483,30.48703]]],[[[140.28989,30.47928],[140.28989,30.47928],[140.28989,30.47928],[140.28989,30.47928]]],[[[140.31469,30.48651],[140.31469,30.48651],[140.31469,30.48651],[140.31469,30.48651]]],[[[140.30742,30.47447],[140.30742,30.47447],[140.30742,30.47447],[140.30742,30.47447]]],[[[140.31433,30.48536],[140.31433,30.48536],[140.31433,30.48536],[140.31433,30.48536]]],[[[140.2937,30.47581],[140.2937,30.47581],[140.2937,30.47581],[140.2937,30.47581]]],[[[140.3113,30.49153],[140.3113,30.49153],[140.3113,30.49153],[140.3113,30.49153]]],[[[139.91789,31.88761],[139.91789,31.88761],[139.91789,31.88761],[139.91789,31.88761]]],[[[140.29895,30.47286],[140.29895,30.47286],[140.29895,30.47286],[140.29895,30.47286]]],[[[140.31527,30.48717],[140.31527,30.48717],[140.31527,30.48717],[140.31527,30.48717]]],[[[140.2939,30.4756],[140.2939,30.4756],[140.2939,30.4756],[140.2939,30.4756]]],[[[140.31285,30.47986],[140.31285,30.47986],[140.31285,30.47986],[140.31285,30.47986]]],[[[140.28886,30.48157],[140.28886,30.48157],[140.28886,30.48157],[140.28886,30.48157]]],[[[140.29045,30.47872],[140.29045,30.47872],[140.29045,30.47872],[140.29045,30.47872]]],[[[140.29862,30.47268],[140.29862,30.47268],[140.29862,30.47268],[140.29862,30.47268]]],[[[140.29565,30.4743],[140.29565,30.4743],[140.29565,30.4743],[140.29565,30.4743]]],[[[140.31524,30.48705],[140.31524,30.48705],[140.31524,30.48705],[140.31524,30.48705]]],[[[140.29341,30.47604],[140.29341,30.47604],[140.29341,30.47604],[140.29341,30.47604]]],[[[140.31306,30.47926],[140.31306,30.47926],[140.31306,30.47926],[140.31306,30.47926]]],[[[140.29845,30.47281],[140.29845,30.47281],[140.29845,30.47281],[140.29845,30.47281]]],[[[140.31046,30.47592],[140.31046,30.47592],[140.31046,30.47592],[140.31046,30.47592]]],[[[139.91742,31.88694],[139.91742,31.88694],[139.91742,31.88694],[139.91742,31.88694]]],[[[140.31132,30.4774],[140.31132,30.4774],[140.31132,30.4774],[140.31132,30.4774]]],[[[140.29003,30.47916],[140.29003,30.47916],[140.29003,30.47916],[140.29003,30.47916]]],[[[140.31147,30.47727],[140.31147,30.47727],[140.31147,30.47727],[140.31147,30.47727]]],[[[140.30934,30.47504],[140.30934,30.47504],[140.30934,30.47504],[140.30934,30.47504]]],[[[140.30759,30.47444],[140.30759,30.47444],[140.30759,30.47444],[140.30759,30.47444]]],[[[140.30976,30.47524],[140.30976,30.47524],[140.30976,30.47524],[140.30976,30.47524]]],[[[140.30791,30.47445],[140.30791,30.47445],[140.30791,30.47445],[140.30791,30.47445]]],[[[140.30592,30.47434],[140.30592,30.47434],[140.30592,30.47434],[140.30592,30.47434]]],[[[140.31457,30.48711],[140.31457,30.48711],[140.31457,30.48711],[140.31457,30.48711]]],[[[140.31393,30.48195],[140.31393,30.48195],[140.31393,30.48195],[140.31393,30.48195]]],[[[140.31185,30.49087],[140.31185,30.49087],[140.31185,30.49087],[140.31185,30.49087]]],[[[140.31367,30.4815],[140.31367,30.4815],[140.31367,30.4815],[140.31367,30.4815]]],[[[140.31471,30.48507],[140.31471,30.48507],[140.31471,30.48507],[140.31471,30.48507]]],[[[139.91842,31.88854],[139.91842,31.88854],[139.91842,31.88854],[139.91842,31.88854]]],[[[140.3103,30.47547],[140.3103,30.47547],[140.3103,30.47547],[140.3103,30.47547]]],[[[140.30845,30.47455],[140.30845,30.47455],[140.30845,30.47455],[140.30845,30.47455]]],[[[140.30955,30.49316],[140.30955,30.49316],[140.30955,30.49316],[140.30955,30.49316]]],[[[140.30599,30.47423],[140.30599,30.47423],[140.30599,30.47423],[140.30599,30.47423]]],[[[140.29024,30.47886],[140.29024,30.47886],[140.29024,30.47886],[140.29024,30.47886]]],[[[140.30907,30.47458],[140.30907,30.47458],[140.30907,30.47458],[140.30907,30.47458]]],[[[140.31257,30.47914],[140.31257,30.47914],[140.31257,30.47914],[140.31257,30.47914]]],[[[140.31003,30.49284],[140.31003,30.49284],[140.31003,30.49284],[140.31003,30.49284]]],[[[140.30035,30.47278],[140.30035,30.47278],[140.30035,30.47278],[140.30035,30.47278]]],[[[140.30671,30.47443],[140.30671,30.47443],[140.30671,30.47443],[140.30671,30.47443]]],[[[140.31343,30.48904],[140.31343,30.48904],[140.31343,30.48904],[140.31343,30.48904]]],[[[139.91763,31.88786],[139.91763,31.88786],[139.91763,31.88786],[139.91763,31.88786]]],[[[140.31026,30.47575],[140.31026,30.47575],[140.31026,30.47575],[140.31026,30.47575]]],[[[140.29416,30.47574],[140.29416,30.47574],[140.29416,30.47574],[140.29416,30.47574]]],[[[140.29559,30.47446],[140.29559,30.47446],[140.29559,30.47446],[140.29559,30.47446]]],[[[140.31376,30.48308],[140.31376,30.48308],[140.31376,30.48308],[140.31376,30.48308]]],[[[140.30709,30.47444],[140.30709,30.47444],[140.30709,30.47444],[140.30709,30.47444]]],[[[140.29543,30.4744],[140.29543,30.4744],[140.29543,30.4744],[140.29543,30.4744]]],[[[140.31382,30.48246],[140.31382,30.48246],[140.31382,30.48246],[140.31382,30.48246]]],[[[139.91797,31.88833],[139.91797,31.88833],[139.91797,31.88833],[139.91797,31.88833]]],[[[140.31024,30.4759],[140.31024,30.4759],[140.31024,30.4759],[140.31024,30.4759]]],[[[139.9186,31.88854],[139.9186,31.88854],[139.9186,31.88854],[139.9186,31.88854]]],[[[140.3103,30.47556],[140.3103,30.47556],[140.3103,30.47556],[140.3103,30.47556]]],[[[140.29106,30.4783],[140.29106,30.4783],[140.29106,30.4783],[140.29106,30.4783]]],[[[140.3124,30.47881],[140.3124,30.47881],[140.3124,30.47881],[140.3124,30.47881]]],[[[139.91631,31.8873],[139.91631,31.8873],[139.91631,31.8873],[139.91631,31.8873]]],[[[139.9177,31.88756],[139.9177,31.88756],[139.9177,31.88756],[139.9177,31.88756]]],[[[139.91625,31.88728],[139.91625,31.88728],[139.91625,31.88728],[139.91625,31.88728]]],[[[139.91864,31.88886],[139.91864,31.88886],[139.91864,31.88886],[139.91864,31.88886]]],[[[140.31031,30.47565],[140.31031,30.47565],[140.31031,30.47565],[140.31031,30.47565]]],[[[139.91895,31.88792],[139.91895,31.88792],[139.91895,31.88792],[139.91895,31.88792]]],[[[139.91764,31.88766],[139.91764,31.88766],[139.91764,31.88766],[139.91764,31.88766]]],[[[139.91651,31.88726],[139.91651,31.88726],[139.91651,31.88726],[139.91651,31.88726]]],[[[139.91795,31.88749],[139.91795,31.88749],[139.91795,31.88749],[139.91795,31.88749]]],[[[139.9177,31.88704],[139.9177,31.88704],[139.9177,31.88704],[139.9177,31.88704]]],[[[139.91711,31.88681],[139.91711,31.88681],[139.91711,31.88681],[139.91711,31.88681]]]]}},{"type":"Feature","id":"13101","properties":{"prefecture":"東京都","subPrefecture":null,"county":null,"municipality":"千代田区","ward":null,"displayName":"千代田区"},"geometry":{"type":"MultiPolygon","coordinates":[[[[139.78254,35.69657],[139.78259,35.69472],[139.77771,35.69177],[139.76812,35.68864],[139.7709,35.68452],[139.77029,35.68298],[139.7642,35.67363],[139.76041,35.67206],[139.75855,35.66859],[139.74996,35.67083],[139.7478,35.66962],[139.74696,35.6705],[139.74317,35.67145],[139.73906,35.67403],[139.73678,35.67887],[139.73383,35.67888],[139.7315,35.6815],[139.73,35.68554],[139.73166,35.68962],[139.73628,35.69219],[139.73887,35.69469],[139.7416,35.69839],[139.74587,35.70291],[139.74802,35.70316],[139.7572,35.70172],[139.7613,35.70159],[139.76602,35.69964],[139.7685,35.70014],[139.7664,35.70178],[139.76806,35.70347],[139.76989,35.70337],[139.77014,35.70535],[139.77304,35.7051],[139.77317,35.70188],[139.77664,35.70062],[139.78039,35.70033],[139.77998,35.69808],[139.78266,35.69786],[139.78254,35.69657]]]]}},{"type":"Feature","id":"13102","properties":{"prefecture":"東京都","subPrefecture":null,"county":null,"municipality":"中央区","ward":null,"displayName":"中央区"},"geometry":{"type":"MultiPolygon","coordinates":[[[[139.78892,35.6947],[139.78915,35.69103],[139.7904,35.68929],[139.79237,35.68711],[139.79264,35.68437],[139.79186,35.68257],[139.78908,35.67916],[139.78753,35.67616],[139.78712,35.67391],[139.78754,35.67062],[139.78907,35.66564],[139.78959,35.65626],[139.78853,35.65618],[139.78019,35.65054],[139.77951,35.65058],[139.77279,35.64604],[139.76955,35.64917],[139.77272,35.65145],[139.77163,35.65259],[139.76836,35.65037],[139.76765,35.65108],[139.76724,35.65521],[139.76964,35.65426],[139.77065,35.65494],[139.76721,35.65812],[139.76453,35.65612],[139.75948,35.65899],[139.76332,35.6644],[139.76232,35.6669],[139.75855,35.66859],[139.76041,35.67206],[139.7642,35.67363],[139.77029,35.68298],[139.7709,35.68452],[139.76812,35.68864],[139.77771,35.69177],[139.78259,35.69472],[139.78254,35.69657],[139.78892,35.6947]]]]}},{"type":"Feature","id":"13103","properties":{"prefecture":"東京都","subPrefecture":null,"county":null,"municipality":"港区","ward":null,"displayName":"港区"},"geometry":{"type":"MultiPolygon","coordinates":[[[[139.7315,35.6815],[139.73383,35.67888],[139.73678,35.67887],[139.73906,35.67403],[139.74317,35.67145],[139.74696,35.6705],[139.7478,35.66962],[139.74996,35.67083],[139.75855,35.66859],[139.76232,35.6669],[139.76332,35.6644],[139.75948,35.65899],[139.76453,35.65612],[139.7625,35.65188],[139.7613,35.65247],[139.75908,35.64497],[139.76035,35.64498],[139.76043,35.63678],[139.75553,35.63905],[139.75484,35.63881],[139.75263,35.63442],[139.75199,35.62634],[139.75025,35.62482],[139.74677,35.62324],[139.74443,35.62339],[139.74333,35.62513],[139.73759,35.62443],[139.7354,35.6232],[139.73395,35.62611],[139.73115,35.62648],[139.73093,35.63027],[139.72633,35.63286],[139.726,35.63503],[139.72221,35.63598],[139.71996,35.63458],[139.71783,35.63505],[139.71821,35.63646],[139.71668,35.63826],[139.71684,35.6399],[139.7192,35.64185],[139.72132,35.64441],[139.72249,35.6444],[139.72356,35.6467],[139.72241,35.65233],[139.72155,35.65374],[139.72216,35.65562],[139.71805,35.65698],[139.71498,35.65714],[139.71288,35.65845],[139.71379,35.65976],[139.70856,35.66407],[139.71381,35.66935],[139.71493,35.67299],[139.71656,35.67343],[139.71948,35.6745],[139.71958,35.67831],[139.72675,35.67929],[139.72845,35.68281],[139.7315,35.6815]]],[[[139.78238,35.62951],[139.77679,35.62654],[139.77135,35.62314],[139.76873,35.62644],[139.77705,35.63133],[139.77702,35.63243],[139.77478,35.63483],[139.77266,35.63257],[139.77086,35.63307],[139.77701,35.63609],[139.78238,35.62951]]],[[[139.75941,35.628],[139.75743,35.62793],[139.75755,35.62409],[139.75351,35.62405],[139.75401,35.63092],[139.75524,35.63363],[139.75923,35.63365],[139.75941,35.628]]],[[[139.7668,35.63418],[139.7668,35.63418],[139.7668,35.63418],[139.7668,35.63418]]],[[[139.77022,35.63199],[139.77022,35.63199],[139.77022,35.63199],[139.77022,35.63199]]],[[[139.7678,35.62969],[139.7678,35.62969],[139.7678,35.62969],[139.7678,35.62969]]],[[[139.77129,35.62841],[139.77129,35.62841],[139.77129,35.62841],[139.77129,35.62841]]],[[[139.75852,35.6338],[139.75852,35.6338],[139.75852,35.6338],[139.75852,35.6338]]],[[[139.75621,35.63689],[139.75621,35.63689],[139.75621,35.63689],[139.75621,35.63689]]]]}},{"type":"Feature","id":"13104","properties":{"prefecture":"東京都","subPrefecture":null,"county":null,"municipality":"新宿区","ward":null,"displayName":"新宿区"},"geometry":{"type":"MultiPolygon","coordinates":[[[[139.74587,35.70291],[139.7416,35.69839],[139.73887,35.69469],[139.73628,35.69219],[139.73166,35.68962],[139.73,35.68554],[139.7315,35.6815],[139.72845,35.68281],[139.72675,35.67929],[139.71958,35.67831],[139.71948,35.6745],[139.71656,35.67343],[139.71486,35.67508],[139.71289,35.67462],[139.71291,35.67729],[139.71479,35.68086],[139.71141,35.68337],[139.70741,35.68446],[139.70578,35.68805],[139.70271,35.68777],[139.7021,35.68917],[139.69503,35.68665],[139.68767,35.68159],[139.68565,35.68379],[139.685,35.68589],[139.68598,35.68789],[139.68419,35.68756],[139.68322,35.68872],[139.68482,35.69142],[139.68399,35.69199],[139.68841,35.69933],[139.68745,35.70178],[139.6875,35.70401],[139.68888,35.7075],[139.69308,35.70963],[139.69433,35.71104],[139.69008,35.71148],[139.68278,35.71012],[139.68034,35.71126],[139.68185,35.71316],[139.67909,35.71524],[139.6791,35.71828],[139.67702,35.71943],[139.67358,35.71862],[139.67368,35.72026],[139.67576,35.72195],[139.67519,35.72371],[139.67734,35.72937],[139.68135,35.72704],[139.68272,35.72364],[139.68441,35.72251],[139.68662,35.72272],[139.69394,35.72219],[139.69573,35.72174],[139.69897,35.72243],[139.69982,35.72355],[139.7046,35.72301],[139.70487,35.72044],[139.70594,35.71885],[139.70456,35.71588],[139.70536,35.7137],[139.71042,35.71346],[139.71211,35.71476],[139.71441,35.71318],[139.72251,35.71227],[139.72326,35.71041],[139.72599,35.70921],[139.73184,35.70927],[139.73245,35.70739],[139.73542,35.70822],[139.73585,35.70918],[139.74281,35.70813],[139.74485,35.70362],[139.74587,35.70291]]]]}},{"type":"Feature","id":"13105","properties":{"prefecture":"東京都","subPrefecture":null,"county":null,"municipality":"文京区","ward":null,"displayName":"文京区"},"geometry":{"type":"MultiPolygon","coordinates":[[[[139.75276,35.73506],[139.75362,35.73516],[139.75994,35.73158],[139.76094,35.73221],[139.76279,35.73075],[139.76492,35.72722],[139.76326,35.72187],[139.76715,35.71824],[139.76868,35.71582],[139.76451,35.71728],[139.76601,35.71543],[139.76568,35.71359],[139.76763,35.71297],[139.76823,35.71045],[139.76667,35.71047],[139.76662,35.70871],[139.77124,35.70899],[139.77237,35.70722],[139.77016,35.70743],[139.77014,35.70535],[139.76989,35.70337],[139.76806,35.70347],[139.7664,35.70178],[139.7685,35.70014],[139.76602,35.69964],[139.7613,35.70159],[139.7572,35.70172],[139.74802,35.70316],[139.74587,35.70291],[139.74485,35.70362],[139.74281,35.70813],[139.73585,35.70918],[139.73542,35.70822],[139.73245,35.70739],[139.73184,35.70927],[139.72599,35.70921],[139.72326,35.71041],[139.72251,35.71227],[139.71981,35.71399],[139.71761,35.7145],[139.71832,35.71776],[139.72472,35.72001],[139.72275,35.72515],[139.72649,35.72705],[139.72916,35.72572],[139.72988,35.72628],[139.73197,35.7241],[139.73739,35.7269],[139.73597,35.72935],[139.73909,35.73185],[139.74086,35.73036],[139.74353,35.73289],[139.74245,35.73379],[139.74462,35.73583],[139.74662,35.73506],[139.74919,35.73287],[139.75276,35.73506]]]]}},{"type":"Feature","id":"13106","properties":{"prefecture":"東京都","subPrefecture":null,"county":null,"municipality":"台東区","ward":null,"displayName":"台東区"},"geometry":{"type":"MultiPolygon","coordinates":[[[[139.76279,35.73075],[139.76475,35.73014],[139.76605,35.72753],[139.76977,35.72813],[139.77517,35.72612],[139.77674,35.72494],[139.78146,35.72462],[139.78446,35.72786],[139.78776,35.72797],[139.78946,35.72874],[139.79121,35.73122],[139.79444,35.73023],[139.79507,35.72897],[139.80143,35.72925],[139.80972,35.72813],[139.80843,35.72037],[139.80664,35.71743],[139.7994,35.71055],[139.79702,35.70778],[139.79255,35.69976],[139.78892,35.6947],[139.78254,35.69657],[139.78266,35.69786],[139.77998,35.69808],[139.78039,35.70033],[139.77664,35.70062],[139.77317,35.70188],[139.77304,35.7051],[139.77014,35.70535],[139.77016,35.70743],[139.77237,35.70722],[139.77124,35.70899],[139.76662,35.70871],[139.76667,35.71047],[139.76823,35.71045],[139.76763,35.71297],[139.76568,35.71359],[139.76601,35.71543],[139.76451,35.71728],[139.76868,35.71582],[139.76715,35.71824],[139.76326,35.72187],[139.76492,35.72722],[139.76279,35.73075]]]]}},{"type":"Feature","id":"13107","properties":{"prefecture":"東京都","subPrefecture":null,"county":null,"municipality":"墨田区","ward":null,"displayName":"墨田区"},"geometry":{"type":"MultiPolygon","coordinates":[[[[139.80972,35.72813],[139.81139,35.73298],[139.81415,35.73621],[139.8145,35.7388],[139.81658,35.74146],[139.82036,35.74343],[139.82382,35.73771],[139.82977,35.73118],[139.83711,35.72396],[139.84215,35.71931],[139.83905,35.71711],[139.8355,35.71787],[139.83316,35.71576],[139.83363,35.71402],[139.83597,35.7122],[139.83931,35.71087],[139.8395,35.70981],[139.83564,35.70669],[139.83439,35.70473],[139.8354,35.70302],[139.83068,35.70301],[139.82886,35.70403],[139.81869,35.70801],[139.81969,35.69303],[139.81339,35.69267],[139.81147,35.69191],[139.81188,35.68856],[139.80938,35.68844],[139.80947,35.68699],[139.805,35.68678],[139.80481,35.6885],[139.80049,35.6883],[139.79917,35.68972],[139.79673,35.68854],[139.79639,35.68975],[139.79356,35.69001],[139.79348,35.69081],[139.7904,35.68929],[139.78915,35.69103],[139.78892,35.6947],[139.79255,35.69976],[139.79702,35.70778],[139.7994,35.71055],[139.80664,35.71743],[139.80843,35.72037],[139.80972,35.72813]]]]}},{"type":"Feature","id":"13108","properties":{"prefecture":"東京都","subPrefecture":null,"county":null,"municipality":"江東区","ward":null,"displayName":"江東区"},"geometry":{"type":"MultiPolygon","coordinates":[[[[139.8354,35.70302],[139.84381,35.69954],[139.84771,35.69497],[139.84789,35.69055],[139.84638,35.68338],[139.84551,35.68129],[139.84823,35.67913],[139.84689,35.67385],[139.84554,35.65672],[139.84296,35.65682],[139.84173,35.65075],[139.84098,35.64298],[139.84025,35.63389],[139.83657,35.63336],[139.82167,35.63198],[139.82125,35.63344],[139.83368,35.63463],[139.83448,35.64407],[139.82167,35.64294],[139.82042,35.64163],[139.80812,35.64046],[139.80773,35.64335],[139.80917,35.64568],[139.80604,35.64488],[139.80699,35.6369],[139.80137,35.63636],[139.80149,35.63281],[139.80033,35.63106],[139.80219,35.62622],[139.79862,35.62176],[139.79202,35.62987],[139.78733,35.62733],[139.78493,35.62961],[139.77877,35.63705],[139.78115,35.63877],[139.78263,35.63769],[139.78437,35.63944],[139.79444,35.6449],[139.79588,35.64312],[139.79809,35.64474],[139.79766,35.64781],[139.79483,35.65043],[139.79312,35.65029],[139.79509,35.64834],[139.7947,35.64722],[139.78016,35.63935],[139.77875,35.6394],[139.77613,35.64241],[139.7866,35.6495],[139.79242,35.65293],[139.78959,35.65626],[139.78907,35.66564],[139.78754,35.67062],[139.78712,35.67391],[139.78753,35.67616],[139.78908,35.67916],[139.79186,35.68257],[139.79264,35.68437],[139.79237,35.68711],[139.7904,35.68929],[139.79348,35.69081],[139.79356,35.69001],[139.79639,35.68975],[139.79673,35.68854],[139.79917,35.68972],[139.80049,35.6883],[139.80481,35.6885],[139.805,35.68678],[139.80947,35.68699],[139.80938,35.68844],[139.81188,35.68856],[139.81147,35.69191],[139.81339,35.69267],[139.81969,35.69303],[139.81869,35.70801],[139.82886,35.70403],[139.83068,35.70301],[139.8354,35.70302]]],[[[139.77344,35.62027],[139.77135,35.62314],[139.77679,35.62654],[139.78238,35.62951],[139.78495,35.62635],[139.78099,35.62388],[139.79263,35.60958],[139.78673,35.60184],[139.77317,35.6185],[139.77344,35.62027]]],[[[139.80744,35.59714],[139.8056,35.59941],[139.82021,35.60734],[139.82706,35.59694],[139.81355,35.58966],[139.80744,35.59714]]],[[[139.81727,35.60973],[139.81809,35.60833],[139.7916,35.59396],[139.79026,35.59545],[139.79114,35.59713],[139.79855,35.60707],[139.79895,35.60687],[139.81059,35.61318],[139.81727,35.60973]]],[[[139.84011,35.63207],[139.8386,35.61416],[139.83552,35.61249],[139.83063,35.61849],[139.83294,35.61974],[139.83171,35.62124],[139.82742,35.6198],[139.82585,35.6307],[139.83701,35.63177],[139.83711,35.63104],[139.84011,35.63207]]],[[[139.79766,35.61738],[139.79438,35.61394],[139.78529,35.62513],[139.78988,35.62762],[139.79792,35.61773],[139.79766,35.61738]]],[[[139.82481,35.63967],[139.83295,35.64036],[139.83277,35.63821],[139.82512,35.63746],[139.8255,35.63448],[139.82116,35.63406],[139.82044,35.63909],[139.82286,35.64232],[139.82616,35.64263],[139.82481,35.63967]]],[[[139.79448,35.59218],[139.79343,35.5928],[139.80378,35.59842],[139.80443,35.59764],[139.79448,35.59218]]],[[[139.78247,35.639],[139.78227,35.63938],[139.78989,35.64352],[139.79014,35.64313],[139.78247,35.639]]],[[[139.79667,35.6467],[139.79125,35.64373],[139.79088,35.64405],[139.79646,35.64708],[139.79667,35.6467]]],[[[139.81937,35.60899],[139.81937,35.60899],[139.81937,35.60899],[139.81937,35.60899]]],[[[139.82082,35.62883],[139.82082,35.62883],[139.82082,35.62883],[139.82082,35.62883]]],[[[139.82193,35.61929],[139.82193,35.61929],[139.82193,35.61929],[139.82193,35.61929]]],[[[139.81883,35.63925],[139.81883,35.63925],[139.81883,35.63925],[139.81883,35.63925]]],[[[139.81097,35.62873],[139.81036,35.63298],[139.81097,35.62873],[139.81097,35.62873]]],[[[139.81036,35.63298],[139.81036,35.63298],[139.81036,35.63298],[139.81036,35.63298]]],[[[139.77285,35.61475],[139.77285,35.61475],[139.77285,35.61475],[139.77285,35.61475]]],[[[139.83265,35.63747],[139.83265,35.63747],[139.83265,35.63747],[139.83265,35.63747]]],[[[139.81125,35.63431],[139.81125,35.63431],[139.81125,35.63431],[139.81125,35.63431]]],[[[139.81667,35.63482],[139.81667,35.63482],[139.81667,35.63482],[139.81667,35.63482]]],[[[139.81667,35.63029],[139.81667,35.63029],[139.81667,35.63029],[139.81667,35.63029]]],[[[139.81593,35.63022],[139.81593,35.63022],[139.81593,35.63022],[139.81593,35.63022]]],[[[139.81374,35.63001],[139.81374,35.63001],[139.81374,35.63001],[139.81374,35.63001]]],[[[139.80995,35.63561],[139.80995,35.63561],[139.80995,35.63561],[139.80995,35.63561]]],[[[139.81796,35.63495],[139.81796,35.63495],[139.81796,35.63495],[139.81796,35.63495]]],[[[139.82621,35.64066],[139.82621,35.64066],[139.82621,35.64066],[139.82621,35.64066]]],[[[139.83251,35.63541],[139.83251,35.63541],[139.83251,35.63541],[139.83251,35.63541]]],[[[139.81529,35.63469],[139.81529,35.63469],[139.81529,35.63469],[139.81529,35.63469]]],[[[139.8264,35.63495],[139.8264,35.63495],[139.8264,35.63495],[139.8264,35.63495]]],[[[139.83311,35.64304],[139.83311,35.64304],[139.83311,35.64304],[139.83311,35.64304]]],[[[139.81007,35.63316],[139.81007,35.63316],[139.81007,35.63316],[139.81007,35.63316]]],[[[139.82624,35.63595],[139.82624,35.63595],[139.82624,35.63595],[139.82624,35.63595]]],[[[139.8104,35.63092],[139.8104,35.63092],[139.8104,35.63092],[139.8104,35.63092]]],[[[139.82667,35.64167],[139.82667,35.64167],[139.82667,35.64167],[139.82667,35.64167]]],[[[139.82022,35.6329],[139.82022,35.6329],[139.82022,35.6329],[139.82022,35.6329]]],[[[139.83301,35.64114],[139.83301,35.64114],[139.83301,35.64114],[139.83301,35.64114]]],[[[139.81667,35.63256],[139.81667,35.63256],[139.81667,35.63256],[139.81667,35.63256]]],[[[139.80973,35.63558],[139.80973,35.63558],[139.80973,35.63558],[139.80973,35.63558]]],[[[139.81343,35.63225],[139.81343,35.63225],[139.81343,35.63225],[139.81343,35.63225]]],[[[139.81561,35.63246],[139.81561,35.63246],[139.81561,35.63246],[139.81561,35.63246]]],[[[139.81945,35.63056],[139.81945,35.63056],[139.81945,35.63056],[139.81945,35.63056]]],[[[139.81957,35.63738],[139.81957,35.63738],[139.81957,35.63738],[139.81957,35.63738]]],[[[139.81057,35.62971],[139.81057,35.62971],[139.81057,35.62971],[139.81057,35.62971]]],[[[139.81125,35.63658],[139.81125,35.63658],[139.81125,35.63658],[139.81125,35.63658]]],[[[139.81667,35.6371],[139.81667,35.6371],[139.81667,35.6371],[139.81667,35.6371]]],[[[139.81497,35.63693],[139.81497,35.63693],[139.81497,35.63693],[139.81497,35.63693]]],[[[139.81606,35.63704],[139.81606,35.63704],[139.81606,35.63704],[139.81606,35.63704]]],[[[139.80945,35.63751],[139.80945,35.63751],[139.80945,35.63751],[139.80945,35.63751]]],[[[139.81387,35.63683],[139.81387,35.63683],[139.81387,35.63683],[139.81387,35.63683]]],[[[139.81826,35.63725],[139.81826,35.63725],[139.81826,35.63725],[139.81826,35.63725]]],[[[139.81277,35.63672],[139.81277,35.63672],[139.81277,35.63672],[139.81277,35.63672]]],[[[139.81907,35.63916],[139.81907,35.63916],[139.81907,35.63916],[139.81907,35.63916]]],[[[139.8311,35.63731],[139.8311,35.63731],[139.8311,35.63731],[139.8311,35.63731]]],[[[139.8301,35.63721],[139.8301,35.63721],[139.8301,35.63721],[139.8301,35.63721]]],[[[139.82815,35.63702],[139.82815,35.63702],[139.82815,35.63702],[139.82815,35.63702]]],[[[139.82913,35.63712],[139.82913,35.63712],[139.82913,35.63712],[139.82913,35.63712]]],[[[139.82772,35.63495],[139.82772,35.63495],[139.82772,35.63495],[139.82772,35.63495]]],[[[139.83137,35.6353],[139.83137,35.6353],[139.83137,35.6353],[139.83137,35.6353]]],[[[139.82939,35.63511],[139.82939,35.63511],[139.82939,35.63511],[139.82939,35.63511]]],[[[139.82918,35.64077],[139.82918,35.64077],[139.82918,35.64077],[139.82918,35.64077]]],[[[139.8301,35.64086],[139.8301,35.64086],[139.8301,35.64086],[139.8301,35.64086]]],[[[139.8301,35.63518],[139.8301,35.63518],[139.8301,35.63518],[139.8301,35.63518]]],[[[139.82819,35.64068],[139.82819,35.64068],[139.82819,35.64068],[139.82819,35.64068]]],[[[139.83115,35.64096],[139.83115,35.64096],[139.83115,35.64096],[139.83115,35.64096]]],[[[139.83214,35.64105],[139.83214,35.64105],[139.83214,35.64105],[139.83214,35.64105]]],[[[139.82988,35.64271],[139.82988,35.64271],[139.82988,35.64271],[139.82988,35.64271]]],[[[139.82892,35.64262],[139.82892,35.64262],[139.82892,35.64262],[139.82892,35.64262]]],[[[139.83185,35.6429],[139.83185,35.6429],[139.83185,35.6429],[139.83185,35.6429]]],[[[139.83089,35.6428],[139.83089,35.6428],[139.83089,35.6428],[139.83089,35.6428]]],[[[139.82075,35.62933],[139.82075,35.62933],[139.82075,35.62933],[139.82075,35.62933]]],[[[139.81097,35.62873],[139.81097,35.62873],[139.81097,35.62873],[139.81097,35.62873]]],[[[139.81883,35.63925],[139.81883,35.63925],[139.81883,35.63925],[139.81883,35.63925]]],[[[139.79041,35.60642],[139.79041,35.60642],[139.79041,35.60642],[139.79041,35.60642]]],[[[139.81988,35.63898],[139.81988,35.63898],[139.81988,35.63898],[139.81988,35.63898]]],[[[139.81004,35.63523],[139.81004,35.63523],[139.81004,35.63523],[139.81004,35.63523]]]]}},{"type":"Feature","id":"13109","properties":{"prefecture":"東京都","subPrefecture":null,"county":null,"municipality":"品川区","ward":null,"displayName":"品川区"},"geometry":{"type":"MultiPolygon","coordinates":[[[[139.75025,35.62482],[139.75183,35.62475],[139.75157,35.61834],[139.75049,35.60738],[139.75059,35.60598],[139.74772,35.60272],[139.74696,35.59219],[139.74654,35.59017],[139.73879,35.58791],[139.73587,35.58737],[139.73011,35.58737],[139.72893,35.58883],[139.73055,35.59216],[139.7289,35.59271],[139.72824,35.59438],[139.72109,35.59429],[139.71918,35.59185],[139.71758,35.59617],[139.71534,35.59692],[139.71449,35.59997],[139.71237,35.60059],[139.70107,35.60141],[139.69821,35.60358],[139.69539,35.60749],[139.69558,35.61228],[139.69638,35.61418],[139.69816,35.61528],[139.70399,35.62188],[139.70164,35.62315],[139.69614,35.62482],[139.70147,35.6259],[139.70402,35.62471],[139.70713,35.62547],[139.7117,35.62796],[139.71463,35.62905],[139.7144,35.63428],[139.71323,35.63755],[139.71534,35.64038],[139.71764,35.64166],[139.7192,35.64185],[139.71684,35.6399],[139.71668,35.63826],[139.71821,35.63646],[139.71783,35.63505],[139.71996,35.63458],[139.72221,35.63598],[139.726,35.63503],[139.72633,35.63286],[139.73093,35.63027],[139.73115,35.62648],[139.73395,35.62611],[139.7354,35.6232],[139.73759,35.62443],[139.74333,35.62513],[139.74443,35.62339],[139.74677,35.62324],[139.75025,35.62482]]],[[[139.77315,35.59576],[139.7668,35.59257],[139.76542,35.59448],[139.76256,35.59461],[139.76287,35.58972],[139.76257,35.58501],[139.75597,35.58493],[139.75601,35.58925],[139.75027,35.58935],[139.74947,35.58886],[139.75019,35.59134],[139.74843,35.59193],[139.749,35.60073],[139.75167,35.60469],[139.75302,35.61765],[139.758,35.61767],[139.76195,35.61465],[139.76388,35.60892],[139.76348,35.60872],[139.77315,35.59576]]],[[[139.75351,35.62405],[139.75755,35.62409],[139.75743,35.62793],[139.75941,35.628],[139.75975,35.61935],[139.75321,35.619],[139.75351,35.62405]]],[[[139.77344,35.62027],[139.77063,35.61874],[139.76766,35.62208],[139.76759,35.6258],[139.76873,35.62644],[139.77135,35.62314],[139.77344,35.62027]]],[[[139.74965,35.59135],[139.74965,35.59135],[139.74965,35.59135],[139.74965,35.59135]]],[[[139.75733,35.61764],[139.75733,35.61764],[139.75733,35.61764],[139.75733,35.61764]]]]}},{"type":"Feature","id":"13110","properties":{"prefecture":"東京都","subPrefecture":null,"county":null,"municipality":"目黒区","ward":null,"displayName":"目黒区"},"geometry":{"type":"MultiPolygon","coordinates":[[[[139.68028,35.60067],[139.6793,35.60558],[139.67726,35.60794],[139.67325,35.60815],[139.66851,35.60651],[139.66511,35.60749],[139.66319,35.60874],[139.66322,35.61566],[139.66487,35.61673],[139.66477,35.61827],[139.6665,35.61853],[139.66531,35.62228],[139.66393,35.62395],[139.66351,35.6266],[139.66181,35.62748],[139.66226,35.63023],[139.66148,35.63171],[139.66385,35.63194],[139.67199,35.62971],[139.6764,35.62725],[139.67797,35.62535],[139.6796,35.62507],[139.68204,35.63113],[139.68424,35.63425],[139.68609,35.63804],[139.68608,35.64054],[139.6843,35.64377],[139.68472,35.64578],[139.68391,35.6492],[139.68421,35.65227],[139.6795,35.65733],[139.67624,35.66149],[139.675,35.66388],[139.67966,35.66382],[139.68527,35.66259],[139.68801,35.66083],[139.69294,35.65388],[139.6997,35.64809],[139.70862,35.64201],[139.71524,35.64262],[139.71764,35.64166],[139.71534,35.64038],[139.71323,35.63755],[139.7144,35.63428],[139.71463,35.62905],[139.7117,35.62796],[139.70713,35.62547],[139.70402,35.62471],[139.70147,35.6259],[139.69614,35.62482],[139.70164,35.62315],[139.70399,35.62188],[139.69816,35.61528],[139.69638,35.61418],[139.69558,35.61228],[139.69539,35.60749],[139.6913,35.61093],[139.68613,35.61168],[139.684,35.61309],[139.68502,35.60732],[139.68476,35.60534],[139.68198,35.60581],[139.68041,35.6044],[139.68028,35.60067]]]]}},{"type":"Feature","id":"13111","properties":{"prefecture":"東京都","subPrefecture":null,"county":null,"municipality":"大田区","ward":null,"displayName":"大田区"},"geometry":{"type":"MultiPolygon","coordinates":[[[[139.69539,35.60749],[139.69821,35.60358],[139.70107,35.60141],[139.71237,35.60059],[139.71449,35.59997],[139.71534,35.59692],[139.71758,35.59617],[139.71918,35.59185],[139.72109,35.59429],[139.72824,35.59438],[139.7289,35.59271],[139.73055,35.59216],[139.72893,35.58883],[139.73011,35.58737],[139.73587,35.58737],[139.73879,35.58791],[139.74654,35.59017],[139.74785,35.58869],[139.75194,35.57946],[139.75171,35.5772],[139.74987,35.57619],[139.75409,35.57448],[139.75636,35.56907],[139.75601,35.56854],[139.75024,35.56738],[139.74978,35.56663],[139.75527,35.5616],[139.75568,35.56273],[139.75859,35.56437],[139.76102,35.56316],[139.76373,35.56046],[139.771,35.56897],[139.78544,35.57055],[139.80126,35.5483],[139.80396,35.54603],[139.80917,35.53907],[139.79491,35.53214],[139.78762,35.53431],[139.78654,35.5358],[139.78442,35.53538],[139.78196,35.53883],[139.77879,35.537],[139.7765,35.53447],[139.76808,35.53934],[139.75649,35.54455],[139.75008,35.54458],[139.74678,35.54383],[139.7396,35.54516],[139.73767,35.54439],[139.73464,35.54098],[139.73303,35.54101],[139.73074,35.54276],[139.72611,35.54347],[139.72237,35.54151],[139.7173,35.538],[139.71075,35.53654],[139.70574,35.53625],[139.70223,35.53703],[139.69993,35.53836],[139.69794,35.54145],[139.69845,35.5454],[139.70302,35.54892],[139.70407,35.55047],[139.70374,35.55261],[139.70194,35.55421],[139.69778,35.55613],[139.69207,35.55665],[139.68962,35.55729],[139.68609,35.55937],[139.68155,35.56119],[139.67879,35.56299],[139.67641,35.56604],[139.67126,35.57852],[139.66931,35.58472],[139.66729,35.58718],[139.66441,35.58957],[139.6588,35.58943],[139.65514,35.59015],[139.65705,35.59342],[139.65819,35.59352],[139.65297,35.59594],[139.65381,35.59733],[139.65578,35.59647],[139.65753,35.59898],[139.6599,35.59997],[139.66268,35.59841],[139.6644,35.59967],[139.66689,35.59955],[139.66879,35.59822],[139.66967,35.5991],[139.67565,35.59179],[139.68067,35.5949],[139.68028,35.60067],[139.68041,35.6044],[139.68198,35.60581],[139.68476,35.60534],[139.68502,35.60732],[139.684,35.61309],[139.68613,35.61168],[139.6913,35.61093],[139.69539,35.60749]]],[[[139.74947,35.58886],[139.75027,35.58935],[139.75601,35.58925],[139.75597,35.58493],[139.76257,35.58501],[139.76287,35.58972],[139.76256,35.59461],[139.76542,35.59448],[139.7668,35.59257],[139.77315,35.59576],[139.77288,35.59551],[139.77678,35.59029],[139.77377,35.58752],[139.77549,35.58518],[139.77853,35.58648],[139.78741,35.58006],[139.78506,35.57722],[139.76667,35.57714],[139.76689,35.57881],[139.76935,35.58014],[139.76757,35.58148],[139.76248,35.57716],[139.75584,35.57707],[139.75407,35.57834],[139.74947,35.58886]]],[[[139.76423,35.575],[139.77353,35.57492],[139.77217,35.57279],[139.76561,35.5649],[139.75848,35.56844],[139.75714,35.5715],[139.75761,35.57446],[139.76328,35.57447],[139.76423,35.575]]],[[[139.80583,35.58545],[139.79448,35.59218],[139.80443,35.59764],[139.80561,35.59616],[139.81171,35.58864],[139.80583,35.58545]]],[[[139.81667,35.53326],[139.81096,35.5282],[139.80709,35.53111],[139.8198,35.54238],[139.82309,35.54384],[139.82603,35.54157],[139.81667,35.53326]]],[[[139.7535,35.5626],[139.7535,35.5626],[139.7535,35.5626],[139.7535,35.5626]]]]}},{"type":"Feature","id":"13112","properties":{"prefecture":"東京都","subPrefecture":null,"county":null,"municipality":"世田谷区","ward":null,"displayName":"世田谷区"},"geometry":{"type":"MultiPolygon","coordinates":[[[[139.59418,35.68214],[139.59794,35.68182],[139.60326,35.68065],[139.60837,35.67637],[139.60892,35.67035],[139.61365,35.67011],[139.61584,35.66945],[139.61656,35.67264],[139.61329,35.6729],[139.61337,35.67398],[139.61031,35.67664],[139.61902,35.67382],[139.62163,35.67265],[139.62505,35.66913],[139.6326,35.66808],[139.63911,35.66584],[139.64128,35.6672],[139.64773,35.66843],[139.65033,35.6699],[139.65512,35.67055],[139.66176,35.67252],[139.66206,35.67144],[139.6727,35.67228],[139.67286,35.66731],[139.675,35.66388],[139.67624,35.66149],[139.6795,35.65733],[139.68421,35.65227],[139.68391,35.6492],[139.68472,35.64578],[139.6843,35.64377],[139.68608,35.64054],[139.68609,35.63804],[139.68424,35.63425],[139.68204,35.63113],[139.6796,35.62507],[139.67797,35.62535],[139.6764,35.62725],[139.67199,35.62971],[139.66385,35.63194],[139.66148,35.63171],[139.66226,35.63023],[139.66181,35.62748],[139.66351,35.6266],[139.66393,35.62395],[139.66531,35.62228],[139.6665,35.61853],[139.66477,35.61827],[139.66487,35.61673],[139.66322,35.61566],[139.66319,35.60874],[139.66511,35.60749],[139.66851,35.60651],[139.67325,35.60815],[139.67726,35.60794],[139.6793,35.60558],[139.68028,35.60067],[139.68067,35.5949],[139.67565,35.59179],[139.66967,35.5991],[139.66879,35.59822],[139.66689,35.59955],[139.6644,35.59967],[139.66268,35.59841],[139.6599,35.59997],[139.65753,35.59898],[139.65578,35.59647],[139.65381,35.59733],[139.65297,35.59594],[139.65819,35.59352],[139.65705,35.59342],[139.65514,35.59015],[139.65043,35.59258],[139.64892,35.59488],[139.63989,35.60013],[139.63729,35.60282],[139.63518,35.60346],[139.63195,35.60568],[139.63117,35.60724],[139.62487,35.60976],[139.62397,35.61095],[139.61852,35.61379],[139.61558,35.61333],[139.61219,35.61585],[139.60899,35.61648],[139.6072,35.61564],[139.60474,35.61582],[139.60007,35.6184],[139.59662,35.6185],[139.5931,35.61757],[139.59024,35.61843],[139.58933,35.62122],[139.59022,35.62453],[139.59229,35.62423],[139.59412,35.62683],[139.59238,35.62752],[139.59295,35.62943],[139.59127,35.63105],[139.59141,35.63306],[139.58779,35.63497],[139.5856,35.63816],[139.58447,35.6412],[139.58659,35.64265],[139.58764,35.64617],[139.58957,35.64514],[139.59206,35.64591],[139.59196,35.65136],[139.59308,35.65152],[139.59233,35.65543],[139.59098,35.65532],[139.58989,35.65725],[139.58996,35.66123],[139.58734,35.66259],[139.58656,35.66396],[139.59012,35.66579],[139.58889,35.66941],[139.5885,35.67051],[139.58249,35.67339],[139.58664,35.67398],[139.58678,35.67781],[139.58813,35.68005],[139.58532,35.68205],[139.59118,35.68162],[139.59418,35.68214]]]]}},{"type":"Feature","id":"13113","properties":{"prefecture":"東京都","subPrefecture":null,"county":null,"municipality":"渋谷区","ward":null,"displayName":"渋谷区"},"geometry":{"type":"MultiPolygon","coordinates":[[[[139.71656,35.67343],[139.71493,35.67299],[139.71381,35.66935],[139.70856,35.66407],[139.71379,35.65976],[139.71288,35.65845],[139.71498,35.65714],[139.71805,35.65698],[139.72216,35.65562],[139.72155,35.65374],[139.72241,35.65233],[139.72356,35.6467],[139.72249,35.6444],[139.72132,35.64441],[139.7192,35.64185],[139.71764,35.64166],[139.71524,35.64262],[139.70862,35.64201],[139.6997,35.64809],[139.69294,35.65388],[139.68801,35.66083],[139.68527,35.66259],[139.67966,35.66382],[139.675,35.66388],[139.67286,35.66731],[139.6727,35.67228],[139.66206,35.67144],[139.66176,35.67252],[139.66218,35.6757],[139.66412,35.67635],[139.66784,35.67995],[139.6713,35.68149],[139.67506,35.68451],[139.67583,35.68586],[139.68034,35.6898],[139.68399,35.69199],[139.68482,35.69142],[139.68322,35.68872],[139.68419,35.68756],[139.68598,35.68789],[139.685,35.68589],[139.68565,35.68379],[139.68767,35.68159],[139.69503,35.68665],[139.7021,35.68917],[139.70271,35.68777],[139.70578,35.68805],[139.70741,35.68446],[139.71141,35.68337],[139.71479,35.68086],[139.71291,35.67729],[139.71289,35.67462],[139.71486,35.67508],[139.71656,35.67343]]]]}},{"type":"Feature","id":"13114","properties":{"prefecture":"東京都","subPrefecture":null,"county":null,"municipality":"中野区","ward":null,"displayName":"中野区"},"geometry":{"type":"MultiPolygon","coordinates":[[[[139.67797,35.73068],[139.67734,35.72937],[139.67519,35.72371],[139.67576,35.72195],[139.67368,35.72026],[139.67358,35.71862],[139.67702,35.71943],[139.6791,35.71828],[139.67909,35.71524],[139.68185,35.71316],[139.68034,35.71126],[139.68278,35.71012],[139.69008,35.71148],[139.69433,35.71104],[139.69308,35.70963],[139.68888,35.7075],[139.6875,35.70401],[139.68745,35.70178],[139.68841,35.69933],[139.68399,35.69199],[139.68034,35.6898],[139.67583,35.68586],[139.67506,35.68451],[139.6713,35.68149],[139.66784,35.67995],[139.66412,35.67635],[139.66324,35.6779],[139.665,35.67902],[139.66258,35.67943],[139.65927,35.6819],[139.65922,35.68669],[139.66094,35.68677],[139.66755,35.69175],[139.66722,35.6933],[139.6651,35.69544],[139.66117,35.6952],[139.66062,35.69652],[139.66254,35.69924],[139.66109,35.70143],[139.66091,35.70468],[139.6582,35.70504],[139.65822,35.70922],[139.6506,35.70934],[139.64284,35.7115],[139.64167,35.71281],[139.64179,35.71476],[139.63697,35.7165],[139.63219,35.71695],[139.63187,35.71972],[139.629,35.72101],[139.62433,35.72941],[139.62455,35.73015],[139.62769,35.73523],[139.63342,35.73535],[139.63507,35.7323],[139.63643,35.73228],[139.63827,35.72803],[139.63993,35.72631],[139.64357,35.72531],[139.6474,35.72549],[139.64744,35.72675],[139.65645,35.72636],[139.65962,35.72583],[139.66225,35.72692],[139.66513,35.73132],[139.66818,35.73139],[139.67146,35.73354],[139.67468,35.73306],[139.67797,35.73068]]]]}},{"type":"Feature","id":"13115","properties":{"prefecture":"東京都","subPrefecture":null,"county":null,"municipality":"杉並区","ward":null,"displayName":"杉並区"},"geometry":{"type":"MultiPolygon","coordinates":[[[[139.66412,35.67635],[139.66218,35.6757],[139.66176,35.67252],[139.65512,35.67055],[139.65033,35.6699],[139.64773,35.66843],[139.64128,35.6672],[139.63911,35.66584],[139.6326,35.66808],[139.62505,35.66913],[139.62163,35.67265],[139.61902,35.67382],[139.61031,35.67664],[139.61337,35.67398],[139.61329,35.6729],[139.61656,35.67264],[139.61584,35.66945],[139.61365,35.67011],[139.60892,35.67035],[139.60837,35.67637],[139.60326,35.68065],[139.59794,35.68182],[139.59418,35.68214],[139.59361,35.68413],[139.59056,35.687],[139.59405,35.689],[139.59189,35.69088],[139.58672,35.69396],[139.58829,35.69562],[139.59025,35.69482],[139.59285,35.7011],[139.59547,35.70544],[139.59046,35.70955],[139.58665,35.71191],[139.58688,35.71293],[139.58499,35.71631],[139.58509,35.71802],[139.58681,35.71976],[139.58945,35.72028],[139.59336,35.71807],[139.59565,35.72154],[139.5998,35.72391],[139.60195,35.72601],[139.60955,35.72871],[139.61539,35.73029],[139.61599,35.72983],[139.62178,35.73045],[139.62455,35.73015],[139.62433,35.72941],[139.629,35.72101],[139.63187,35.71972],[139.63219,35.71695],[139.63697,35.7165],[139.64179,35.71476],[139.64167,35.71281],[139.64284,35.7115],[139.6506,35.70934],[139.65822,35.70922],[139.6582,35.70504],[139.66091,35.70468],[139.66109,35.70143],[139.66254,35.69924],[139.66062,35.69652],[139.66117,35.6952],[139.6651,35.69544],[139.66722,35.6933],[139.66755,35.69175],[139.66094,35.68677],[139.65922,35.68669],[139.65927,35.6819],[139.66258,35.67943],[139.665,35.67902],[139.66324,35.6779],[139.66412,35.67635]]]]}},{"type":"Feature","id":"13116","properties":{"prefecture":"東京都","subPrefecture":null,"county":null,"municipality":"豊島区","ward":null,"displayName":"豊島区"},"geometry":{"type":"MultiPolygon","coordinates":[[[[139.71951,35.74504],[139.72001,35.74179],[139.72363,35.73993],[139.72791,35.74471],[139.73264,35.74509],[139.73178,35.74331],[139.73556,35.74055],[139.74106,35.74235],[139.74441,35.74063],[139.74388,35.7396],[139.74657,35.73985],[139.74835,35.73869],[139.74956,35.73654],[139.75276,35.73506],[139.74919,35.73287],[139.74662,35.73506],[139.74462,35.73583],[139.74245,35.73379],[139.74353,35.73289],[139.74086,35.73036],[139.73909,35.73185],[139.73597,35.72935],[139.73739,35.7269],[139.73197,35.7241],[139.72988,35.72628],[139.72916,35.72572],[139.72649,35.72705],[139.72275,35.72515],[139.72472,35.72001],[139.71832,35.71776],[139.71761,35.7145],[139.71981,35.71399],[139.72251,35.71227],[139.71441,35.71318],[139.71211,35.71476],[139.71042,35.71346],[139.70536,35.7137],[139.70456,35.71588],[139.70594,35.71885],[139.70487,35.72044],[139.7046,35.72301],[139.69982,35.72355],[139.69897,35.72243],[139.69573,35.72174],[139.69394,35.72219],[139.68662,35.72272],[139.68441,35.72251],[139.68272,35.72364],[139.68135,35.72704],[139.67734,35.72937],[139.67797,35.73068],[139.67928,35.73359],[139.67874,35.73442],[139.68076,35.73876],[139.68961,35.74132],[139.69258,35.74363],[139.69453,35.74223],[139.69887,35.74239],[139.69922,35.73973],[139.70099,35.73991],[139.70233,35.73615],[139.70381,35.73587],[139.70445,35.7377],[139.7079,35.7412],[139.71043,35.74579],[139.7148,35.74574],[139.71951,35.74504]]]]}},{"type":"Feature","id":"13117","properties":{"prefecture":"東京都","subPrefecture":null,"county":null,"municipality":"北区","ward":null,"displayName":"北区"},"geometry":{"type":"MultiPolygon","coordinates":[[[[139.73805,35.78022],[139.73788,35.77743],[139.73617,35.77416],[139.73589,35.77105],[139.73744,35.76995],[139.74641,35.76701],[139.75128,35.76743],[139.75498,35.76838],[139.75794,35.77018],[139.76007,35.76794],[139.7601,35.76676],[139.75817,35.76459],[139.74889,35.75981],[139.74834,35.75809],[139.75122,35.75607],[139.75796,35.75486],[139.75759,35.75317],[139.75089,35.75371],[139.74978,35.75012],[139.7547,35.74919],[139.75538,35.74758],[139.7578,35.74761],[139.7572,35.74546],[139.76032,35.74345],[139.76384,35.74414],[139.76393,35.74285],[139.76589,35.74162],[139.76818,35.74146],[139.76901,35.73926],[139.77112,35.7379],[139.76376,35.73493],[139.76342,35.73369],[139.76132,35.73381],[139.76094,35.73221],[139.75994,35.73158],[139.75362,35.73516],[139.75276,35.73506],[139.74956,35.73654],[139.74835,35.73869],[139.74657,35.73985],[139.74388,35.7396],[139.74441,35.74063],[139.74106,35.74235],[139.73556,35.74055],[139.73178,35.74331],[139.73264,35.74509],[139.72791,35.74471],[139.72363,35.73993],[139.72001,35.74179],[139.71951,35.74504],[139.72141,35.74631],[139.72261,35.75076],[139.7227,35.75323],[139.72043,35.75506],[139.7163,35.76072],[139.71317,35.76327],[139.7109,35.76362],[139.7064,35.76667],[139.70566,35.77071],[139.70239,35.78108],[139.70303,35.78357],[139.70215,35.78408],[139.69908,35.78227],[139.69498,35.78262],[139.69128,35.78441],[139.68947,35.7868],[139.69064,35.79057],[139.69644,35.79771],[139.69686,35.7989],[139.70526,35.79341],[139.70975,35.79195],[139.71743,35.79192],[139.72224,35.79073],[139.72446,35.78727],[139.72659,35.78749],[139.73387,35.79005],[139.73854,35.7874],[139.73805,35.78022]]]]}},{"type":"Feature","id":"13118","properties":{"prefecture":"東京都","subPrefecture":null,"county":null,"municipality":"荒川区","ward":null,"displayName":"荒川区"},"geometry":{"type":"MultiPolygon","coordinates":[[[[139.8145,35.7388],[139.81415,35.73621],[139.81139,35.73298],[139.80972,35.72813],[139.80143,35.72925],[139.79507,35.72897],[139.79444,35.73023],[139.79121,35.73122],[139.78946,35.72874],[139.78776,35.72797],[139.78446,35.72786],[139.78146,35.72462],[139.77674,35.72494],[139.77517,35.72612],[139.76977,35.72813],[139.76605,35.72753],[139.76475,35.73014],[139.76279,35.73075],[139.76094,35.73221],[139.76132,35.73381],[139.76342,35.73369],[139.76376,35.73493],[139.77112,35.7379],[139.76901,35.73926],[139.76818,35.74146],[139.76589,35.74162],[139.76393,35.74285],[139.76384,35.74414],[139.76032,35.74345],[139.7572,35.74546],[139.7578,35.74761],[139.75538,35.74758],[139.7547,35.74919],[139.74978,35.75012],[139.75089,35.75371],[139.75759,35.75317],[139.75796,35.75486],[139.76441,35.75399],[139.77165,35.75361],[139.78398,35.75404],[139.7888,35.75251],[139.79122,35.75],[139.79091,35.74849],[139.78869,35.74702],[139.78868,35.74491],[139.78998,35.74285],[139.79242,35.74078],[139.7948,35.73983],[139.80244,35.73863],[139.80911,35.74086],[139.81304,35.74074],[139.8145,35.7388]]]]}},{"type":"Feature","id":"13119","properties":{"prefecture":"東京都","subPrefecture":null,"county":null,"municipality":"板橋区","ward":null,"displayName":"板橋区"},"geometry":{"type":"MultiPolygon","coordinates":[[[[139.69686,35.7989],[139.69644,35.79771],[139.69064,35.79057],[139.68947,35.7868],[139.69128,35.78441],[139.69498,35.78262],[139.69908,35.78227],[139.70215,35.78408],[139.70303,35.78357],[139.70239,35.78108],[139.70566,35.77071],[139.7064,35.76667],[139.7109,35.76362],[139.71317,35.76327],[139.7163,35.76072],[139.72043,35.75506],[139.7227,35.75323],[139.72261,35.75076],[139.72141,35.74631],[139.71951,35.74504],[139.7148,35.74574],[139.71043,35.74579],[139.7079,35.7412],[139.70445,35.7377],[139.70381,35.73587],[139.70233,35.73615],[139.70099,35.73991],[139.69922,35.73973],[139.69887,35.74239],[139.69453,35.74223],[139.69258,35.74363],[139.68961,35.74132],[139.68076,35.73876],[139.6792,35.74019],[139.68084,35.74382],[139.67588,35.74539],[139.67214,35.74453],[139.67207,35.74522],[139.67502,35.75189],[139.67319,35.75539],[139.6737,35.75841],[139.6707,35.76204],[139.66901,35.76654],[139.66113,35.76867],[139.65112,35.76917],[139.64791,35.76862],[139.64296,35.77093],[139.64052,35.76911],[139.63483,35.7688],[139.63473,35.76987],[139.63021,35.77234],[139.62936,35.77174],[139.6294,35.77688],[139.62519,35.77793],[139.62471,35.77983],[139.62453,35.78081],[139.62774,35.78313],[139.62907,35.78574],[139.63169,35.78634],[139.63157,35.7882],[139.63423,35.79034],[139.63754,35.79085],[139.63941,35.79285],[139.64057,35.79769],[139.64369,35.79822],[139.64824,35.79763],[139.65336,35.80023],[139.65778,35.8005],[139.66977,35.80024],[139.67383,35.79917],[139.67838,35.79882],[139.68189,35.7993],[139.68783,35.80084],[139.69383,35.80023],[139.69686,35.7989]]]]}},{"type":"Feature","id":"13120","properties":{"prefecture":"東京都","subPrefecture":null,"county":null,"municipality":"練馬区","ward":null,"displayName":"練馬区"},"geometry":{"type":"MultiPolygon","coordinates":[[[[139.68076,35.73876],[139.67874,35.73442],[139.67928,35.73359],[139.67797,35.73068],[139.67468,35.73306],[139.67146,35.73354],[139.66818,35.73139],[139.66513,35.73132],[139.66225,35.72692],[139.65962,35.72583],[139.65645,35.72636],[139.64744,35.72675],[139.6474,35.72549],[139.64357,35.72531],[139.63993,35.72631],[139.63827,35.72803],[139.63643,35.73228],[139.63507,35.7323],[139.63342,35.73535],[139.62769,35.73523],[139.62455,35.73015],[139.62178,35.73045],[139.61599,35.72983],[139.61539,35.73029],[139.60955,35.72871],[139.60195,35.72601],[139.5998,35.72391],[139.59565,35.72154],[139.59336,35.71807],[139.58945,35.72028],[139.58681,35.71976],[139.58509,35.71802],[139.58499,35.71631],[139.58688,35.71293],[139.58665,35.71191],[139.58203,35.71394],[139.57513,35.71899],[139.56564,35.72166],[139.56526,35.72427],[139.566,35.72705],[139.56942,35.73416],[139.56733,35.73636],[139.56825,35.73808],[139.56816,35.74276],[139.56677,35.74743],[139.56883,35.74759],[139.5678,35.75006],[139.56928,35.74999],[139.5677,35.75322],[139.56777,35.75507],[139.56279,35.7616],[139.56358,35.76284],[139.56516,35.76186],[139.56931,35.76363],[139.57108,35.76334],[139.57,35.76537],[139.57459,35.76623],[139.57434,35.76819],[139.57689,35.76807],[139.57817,35.77085],[139.58224,35.77121],[139.58201,35.77256],[139.58377,35.77285],[139.58398,35.77483],[139.58654,35.77518],[139.58876,35.77853],[139.59371,35.7772],[139.59414,35.7787],[139.5972,35.77837],[139.59694,35.77641],[139.60438,35.77502],[139.59844,35.77214],[139.59739,35.77098],[139.59864,35.7691],[139.60317,35.77086],[139.60384,35.77012],[139.60636,35.77095],[139.60875,35.76884],[139.61127,35.77107],[139.61723,35.77035],[139.61682,35.76844],[139.61773,35.76665],[139.62299,35.76687],[139.62408,35.77125],[139.6256,35.77302],[139.62428,35.77413],[139.62471,35.77983],[139.62519,35.77793],[139.6294,35.77688],[139.62936,35.77174],[139.63021,35.77234],[139.63473,35.76987],[139.63483,35.7688],[139.64052,35.76911],[139.64296,35.77093],[139.64791,35.76862],[139.65112,35.76917],[139.66113,35.76867],[139.66901,35.76654],[139.6707,35.76204],[139.6737,35.75841],[139.67319,35.75539],[139.67502,35.75189],[139.67207,35.74522],[139.67214,35.74453],[139.67588,35.74539],[139.68084,35.74382],[139.6792,35.74019],[139.68076,35.73876]]]]}},{"type":"Feature","id":"13121","properties":{"prefecture":"東京都","subPrefecture":null,"county":null,"municipality":"足立区","ward":null,"displayName":"足立区"},"geometry":{"type":"MultiPolygon","coordinates":[[[[139.84675,35.79651],[139.84427,35.79385],[139.84431,35.79124],[139.84527,35.78771],[139.84805,35.78187],[139.84967,35.77968],[139.85776,35.77083],[139.8588,35.76791],[139.85657,35.76443],[139.85218,35.76575],[139.8513,35.76988],[139.8458,35.76952],[139.84169,35.76644],[139.83767,35.76576],[139.83748,35.76319],[139.83173,35.76371],[139.83101,35.76274],[139.831,35.75908],[139.82987,35.75766],[139.82755,35.75735],[139.82542,35.75913],[139.82625,35.76168],[139.82437,35.76179],[139.82354,35.75587],[139.82034,35.75593],[139.81974,35.76045],[139.81716,35.76073],[139.81354,35.75967],[139.81347,35.75447],[139.81454,35.75234],[139.81826,35.74744],[139.82036,35.74343],[139.81658,35.74146],[139.8145,35.7388],[139.81304,35.74074],[139.80911,35.74086],[139.80244,35.73863],[139.7948,35.73983],[139.79242,35.74078],[139.78998,35.74285],[139.78868,35.74491],[139.78869,35.74702],[139.79091,35.74849],[139.79122,35.75],[139.7888,35.75251],[139.78398,35.75404],[139.77165,35.75361],[139.76441,35.75399],[139.75796,35.75486],[139.75122,35.75607],[139.74834,35.75809],[139.74889,35.75981],[139.75817,35.76459],[139.7601,35.76676],[139.76007,35.76794],[139.75794,35.77018],[139.75498,35.76838],[139.75128,35.76743],[139.74641,35.76701],[139.73744,35.76995],[139.73589,35.77105],[139.73617,35.77416],[139.73788,35.77743],[139.73805,35.78022],[139.74262,35.7817],[139.74629,35.78389],[139.7467,35.78682],[139.75003,35.78594],[139.755,35.7869],[139.75626,35.78864],[139.7556,35.79003],[139.75997,35.79434],[139.76077,35.79741],[139.75981,35.79893],[139.75628,35.80175],[139.7553,35.80318],[139.75097,35.80637],[139.7503,35.80862],[139.75191,35.81094],[139.7552,35.81073],[139.75561,35.81271],[139.75715,35.81206],[139.76127,35.81289],[139.76578,35.81574],[139.76622,35.81747],[139.7703,35.81749],[139.77176,35.81687],[139.77715,35.81102],[139.77923,35.80825],[139.78149,35.80715],[139.78723,35.80688],[139.794,35.8052],[139.79884,35.80619],[139.8023,35.80855],[139.80471,35.80879],[139.8133,35.80832],[139.81793,35.81042],[139.81965,35.81178],[139.82106,35.81508],[139.82335,35.81417],[139.82493,35.8119],[139.82292,35.80941],[139.82075,35.80554],[139.81965,35.79959],[139.82049,35.79754],[139.82605,35.79336],[139.83085,35.79463],[139.83277,35.79568],[139.8369,35.80046],[139.83952,35.8007],[139.84387,35.79949],[139.84675,35.79651]]]]}},{"type":"Feature","id":"13122","properties":{"prefecture":"東京都","subPrefecture":null,"county":null,"municipality":"葛飾区","ward":null,"displayName":"葛飾区"},"geometry":{"type":"MultiPolygon","coordinates":[[[[139.88998,35.75077],[139.88592,35.75067],[139.88271,35.74954],[139.88075,35.74973],[139.88044,35.74848],[139.88231,35.74862],[139.88502,35.7456],[139.88185,35.74438],[139.88051,35.74028],[139.87759,35.74092],[139.87654,35.73704],[139.87293,35.73737],[139.87395,35.73602],[139.87217,35.73444],[139.87218,35.73004],[139.87027,35.72875],[139.87055,35.72471],[139.86874,35.7238],[139.86627,35.71853],[139.86857,35.71458],[139.8674,35.71212],[139.86661,35.71291],[139.86224,35.71283],[139.86056,35.71434],[139.85962,35.71366],[139.85627,35.71446],[139.85136,35.71085],[139.84215,35.71931],[139.83711,35.72396],[139.82977,35.73118],[139.82382,35.73771],[139.82036,35.74343],[139.81826,35.74744],[139.81454,35.75234],[139.81347,35.75447],[139.81354,35.75967],[139.81716,35.76073],[139.81974,35.76045],[139.82034,35.75593],[139.82354,35.75587],[139.82437,35.76179],[139.82625,35.76168],[139.82542,35.75913],[139.82755,35.75735],[139.82987,35.75766],[139.831,35.75908],[139.83101,35.76274],[139.83173,35.76371],[139.83748,35.76319],[139.83767,35.76576],[139.84169,35.76644],[139.8458,35.76952],[139.8513,35.76988],[139.85218,35.76575],[139.85657,35.76443],[139.8588,35.76791],[139.85776,35.77083],[139.84967,35.77968],[139.84805,35.78187],[139.84527,35.78771],[139.84431,35.79124],[139.84427,35.79385],[139.84675,35.79651],[139.85457,35.79105],[139.85649,35.79096],[139.8599,35.79533],[139.86382,35.79483],[139.86772,35.79668],[139.87077,35.79732],[139.87475,35.79654],[139.87661,35.79383],[139.87596,35.79219],[139.87326,35.7904],[139.87119,35.78663],[139.87454,35.78178],[139.87725,35.78117],[139.88312,35.78257],[139.88724,35.78402],[139.89378,35.78275],[139.89457,35.78056],[139.89342,35.77832],[139.88848,35.77579],[139.88285,35.77353],[139.88076,35.77167],[139.87946,35.76752],[139.88267,35.76201],[139.88321,35.75862],[139.88998,35.75077]]]]}},{"type":"Feature","id":"13123","properties":{"prefecture":"東京都","subPrefecture":null,"county":null,"municipality":"江戸川区","ward":null,"displayName":"江戸川区"},"geometry":{"type":"MultiPolygon","coordinates":[[[[139.84944,35.64276],[139.85038,35.65653],[139.84554,35.65672],[139.84689,35.67385],[139.84823,35.67913],[139.84551,35.68129],[139.84638,35.68338],[139.84789,35.69055],[139.84771,35.69497],[139.84381,35.69954],[139.8354,35.70302],[139.83439,35.70473],[139.83564,35.70669],[139.8395,35.70981],[139.83931,35.71087],[139.83597,35.7122],[139.83363,35.71402],[139.83316,35.71576],[139.8355,35.71787],[139.83905,35.71711],[139.84215,35.71931],[139.85136,35.71085],[139.85627,35.71446],[139.85962,35.71366],[139.86056,35.71434],[139.86224,35.71283],[139.86661,35.71291],[139.8674,35.71212],[139.86857,35.71458],[139.86627,35.71853],[139.86874,35.7238],[139.87055,35.72471],[139.87027,35.72875],[139.87218,35.73004],[139.87217,35.73444],[139.87395,35.73602],[139.87293,35.73737],[139.87654,35.73704],[139.87759,35.74092],[139.88051,35.74028],[139.88185,35.74438],[139.88502,35.7456],[139.88231,35.74862],[139.88044,35.74848],[139.88075,35.74973],[139.88271,35.74954],[139.88592,35.75067],[139.88998,35.75077],[139.89288,35.74808],[139.89666,35.74671],[139.89945,35.74439],[139.90097,35.74006],[139.90089,35.73746],[139.89794,35.73187],[139.89721,35.72675],[139.89865,35.72345],[139.90398,35.71959],[139.9057,35.71784],[139.90812,35.71386],[139.91344,35.71051],[139.91621,35.708],[139.91699,35.70352],[139.91865,35.69984],[139.91874,35.69771],[139.91385,35.69093],[139.90865,35.68551],[139.90594,35.68367],[139.90379,35.68312],[139.89356,35.682],[139.88795,35.67999],[139.88643,35.67857],[139.88562,35.67486],[139.88565,35.67207],[139.88723,35.66879],[139.88739,35.65617],[139.8869,35.65373],[139.88349,35.64512],[139.88263,35.64438],[139.87146,35.63864],[139.86904,35.6392],[139.86405,35.63853],[139.86015,35.6388],[139.85612,35.63991],[139.85199,35.64212],[139.84944,35.64276]]],[[[139.85548,35.63867],[139.85747,35.63753],[139.85359,35.63851],[139.84991,35.63847],[139.85026,35.63995],[139.85195,35.64039],[139.85548,35.63867]]],[[[139.86467,35.63695],[139.86712,35.63568],[139.86652,35.63492],[139.86454,35.63665],[139.86327,35.6357],[139.8611,35.63693],[139.86467,35.63695]]],[[[139.86296,35.63547],[139.86296,35.63547],[139.86296,35.63547],[139.86296,35.63547]]]]}},{"type":"Feature","id":"13201","properties":{"prefecture":"東京都","subPrefecture":null,"county":null,"municipality":"八王子市","ward":null,"displayName":"八王子市"},"geometry":{"type":"MultiPolygon","coordinates":[[[[139.33123,35.71346],[139.33249,35.71261],[139.33132,35.70977],[139.33308,35.70453],[139.33682,35.70151],[139.33567,35.69922],[139.33603,35.6961],[139.34039,35.69365],[139.34645,35.69198],[139.35206,35.69245],[139.35385,35.69313],[139.36333,35.69374],[139.36763,35.69214],[139.37627,35.69163],[139.37964,35.68677],[139.37805,35.68768],[139.3752,35.68578],[139.37594,35.68379],[139.37506,35.68175],[139.37671,35.67838],[139.3765,35.67645],[139.37316,35.67345],[139.37047,35.66856],[139.37242,35.66575],[139.36313,35.66107],[139.35889,35.65936],[139.35945,35.65689],[139.35735,35.65581],[139.35815,35.65411],[139.36566,35.64622],[139.3705,35.64376],[139.37371,35.64398],[139.37655,35.6454],[139.37856,35.6441],[139.3787,35.64196],[139.37718,35.64101],[139.37808,35.63932],[139.38202,35.64132],[139.38737,35.64072],[139.38985,35.64116],[139.39164,35.63981],[139.39628,35.64045],[139.39823,35.63977],[139.39894,35.64082],[139.4064,35.64526],[139.41052,35.6449],[139.41395,35.64707],[139.415,35.64703],[139.41556,35.64521],[139.41772,35.64312],[139.42025,35.64308],[139.42016,35.64208],[139.42274,35.64114],[139.42398,35.63945],[139.4268,35.63798],[139.42958,35.63397],[139.42952,35.63186],[139.42718,35.63198],[139.42502,35.62986],[139.41984,35.6286],[139.41897,35.62696],[139.41567,35.62562],[139.41319,35.62562],[139.41179,35.62435],[139.40787,35.6226],[139.40739,35.62134],[139.40471,35.62077],[139.40077,35.61453],[139.39853,35.61195],[139.39367,35.60863],[139.3939,35.60819],[139.3921,35.60684],[139.39047,35.60698],[139.38764,35.60501],[139.38835,35.60241],[139.38677,35.59962],[139.38688,35.59794],[139.38484,35.60006],[139.38157,35.60217],[139.3759,35.60431],[139.37339,35.60422],[139.36893,35.60639],[139.36583,35.60872],[139.36131,35.6051],[139.35939,35.60657],[139.35253,35.60774],[139.35161,35.60868],[139.34951,35.60823],[139.34738,35.60893],[139.34231,35.61326],[139.33991,35.6142],[139.33947,35.61701],[139.34108,35.61832],[139.3413,35.62007],[139.33842,35.62341],[139.33696,35.62249],[139.33853,35.61944],[139.33738,35.61422],[139.33576,35.61489],[139.33106,35.61541],[139.33013,35.61641],[139.32844,35.615],[139.32639,35.61576],[139.32279,35.61482],[139.3215,35.61554],[139.3175,35.61524],[139.3153,35.61291],[139.31421,35.61414],[139.30762,35.61624],[139.30349,35.61518],[139.29804,35.61611],[139.29354,35.61547],[139.29476,35.61692],[139.29314,35.6209],[139.28935,35.62018],[139.28703,35.62203],[139.28568,35.6208],[139.28278,35.62079],[139.28191,35.61983],[139.27791,35.61946],[139.27443,35.61426],[139.27153,35.61398],[139.2688,35.61212],[139.2688,35.60935],[139.26616,35.60811],[139.26614,35.60563],[139.26478,35.60246],[139.2613,35.60285],[139.25771,35.60423],[139.25222,35.60167],[139.25075,35.6032],[139.24687,35.60522],[139.23906,35.60672],[139.23766,35.60986],[139.22988,35.61457],[139.23048,35.6169],[139.22887,35.62023],[139.22721,35.6211],[139.22545,35.62375],[139.22023,35.62557],[139.21948,35.62668],[139.22147,35.62916],[139.21679,35.63448],[139.21546,35.63694],[139.21553,35.63914],[139.21446,35.6414],[139.21573,35.64556],[139.21479,35.64694],[139.21128,35.64919],[139.20694,35.64988],[139.20564,35.65136],[139.19803,35.65295],[139.19545,35.65124],[139.19412,35.65182],[139.19247,35.65026],[139.19174,35.6475],[139.18423,35.64507],[139.17916,35.64557],[139.17374,35.65035],[139.17179,35.65034],[139.16957,35.65149],[139.16702,35.65101],[139.16784,35.65386],[139.16836,35.65856],[139.16695,35.65948],[139.16717,35.66183],[139.16513,35.66334],[139.16498,35.66528],[139.1616,35.66791],[139.16475,35.67032],[139.16598,35.67499],[139.16795,35.67683],[139.17,35.68011],[139.17141,35.68874],[139.17409,35.68926],[139.17857,35.68925],[139.18257,35.68811],[139.18407,35.68905],[139.18689,35.68803],[139.19137,35.68783],[139.19327,35.68906],[139.19943,35.68828],[139.20016,35.69013],[139.20011,35.69416],[139.20075,35.69659],[139.20049,35.69915],[139.20481,35.69973],[139.20535,35.7032],[139.20434,35.70496],[139.2045,35.70739],[139.20691,35.71276],[139.21033,35.7137],[139.21482,35.7165],[139.21725,35.71887],[139.21904,35.71683],[139.222,35.7162],[139.22395,35.71661],[139.22629,35.71592],[139.22886,35.71628],[139.23005,35.71537],[139.23562,35.71484],[139.23766,35.71321],[139.24109,35.71405],[139.24332,35.71248],[139.24512,35.71334],[139.2458,35.71141],[139.24963,35.71049],[139.25195,35.71226],[139.2551,35.71269],[139.25811,35.71224],[139.26072,35.71049],[139.26881,35.70996],[139.27075,35.71069],[139.27222,35.71265],[139.27217,35.71463],[139.27391,35.71501],[139.27681,35.71397],[139.28185,35.71364],[139.28378,35.71276],[139.28672,35.7134],[139.29426,35.71338],[139.29585,35.71146],[139.30252,35.71226],[139.3038,35.71385],[139.30388,35.71171],[139.30498,35.71158],[139.30841,35.71499],[139.3085,35.71589],[139.31359,35.71395],[139.3159,35.71425],[139.31924,35.71906],[139.32294,35.71628],[139.3252,35.71292],[139.32764,35.7104],[139.32906,35.71003],[139.32909,35.71231],[139.33123,35.71346]]]]}},{"type":"Feature","id":"13202","properties":{"prefecture":"東京都","subPrefecture":null,"county":null,"municipality":"立川市","ward":null,"displayName":"立川市"},"geometry":{"type":"MultiPolygon","coordinates":[[[[139.41442,35.73303],[139.41622,35.73208],[139.4258,35.73104],[139.42644,35.73017],[139.42291,35.73019],[139.43385,35.72695],[139.43563,35.72476],[139.44612,35.72288],[139.44398,35.7117],[139.44161,35.71583],[139.43655,35.71477],[139.43334,35.7184],[139.43099,35.71897],[139.43136,35.71785],[139.42826,35.71736],[139.4291,35.71599],[139.43276,35.71586],[139.42934,35.71528],[139.43563,35.70373],[139.43032,35.70354],[139.42952,35.70442],[139.42727,35.70363],[139.42559,35.70188],[139.42752,35.69836],[139.43165,35.69694],[139.42995,35.69405],[139.43105,35.69357],[139.43122,35.69028],[139.42841,35.69112],[139.42661,35.688],[139.4247,35.68671],[139.4215,35.68858],[139.41757,35.68276],[139.41248,35.68359],[139.40564,35.6856],[139.39514,35.68918],[139.38769,35.69038],[139.38509,35.69128],[139.38859,35.69307],[139.38853,35.69515],[139.39024,35.69879],[139.39295,35.69908],[139.39396,35.70242],[139.39401,35.70501],[139.39561,35.70668],[139.39844,35.71165],[139.3957,35.71289],[139.39458,35.71163],[139.39104,35.71533],[139.38899,35.71439],[139.3871,35.71667],[139.38885,35.7179],[139.3855,35.72046],[139.38207,35.72023],[139.37931,35.72172],[139.38179,35.72312],[139.38009,35.72559],[139.37771,35.72421],[139.37646,35.72543],[139.37005,35.72451],[139.37029,35.72583],[139.36541,35.72503],[139.36527,35.72576],[139.36187,35.72629],[139.36247,35.72417],[139.35717,35.7258],[139.35505,35.72508],[139.3553,35.7263],[139.35335,35.72796],[139.35249,35.73286],[139.35344,35.73294],[139.35293,35.73609],[139.35901,35.73733],[139.35988,35.73958],[139.36546,35.73906],[139.36947,35.73588],[139.37027,35.73736],[139.37405,35.73667],[139.37796,35.73509],[139.37848,35.73352],[139.38116,35.73486],[139.3835,35.73303],[139.38434,35.73544],[139.38853,35.73367],[139.39115,35.73339],[139.38729,35.73705],[139.38482,35.73788],[139.3849,35.74152],[139.38363,35.74382],[139.38707,35.74121],[139.38807,35.73938],[139.39531,35.7335],[139.39827,35.73494],[139.40041,35.73356],[139.40237,35.734],[139.40882,35.73362],[139.40946,35.73259],[139.41442,35.73303]]]]}},{"type":"Feature","id":"13203","properties":{"prefecture":"東京都","subPrefecture":null,"county":null,"municipality":"武蔵野市","ward":null,"displayName":"武蔵野市"},"geometry":{"type":"MultiPolygon","coordinates":[[[[139.52645,35.71728],[139.52691,35.71851],[139.53,35.7175],[139.52942,35.71279],[139.53736,35.71132],[139.54087,35.71315],[139.54941,35.71692],[139.55458,35.72078],[139.55994,35.722],[139.56564,35.72166],[139.57513,35.71899],[139.58203,35.71394],[139.58665,35.71191],[139.59046,35.70955],[139.59547,35.70544],[139.59285,35.7011],[139.59025,35.69482],[139.58829,35.69562],[139.58672,35.69396],[139.58483,35.69725],[139.57992,35.69882],[139.57616,35.70146],[139.57268,35.69896],[139.5723,35.69736],[139.57052,35.69893],[139.55001,35.70675],[139.55054,35.70091],[139.55066,35.69501],[139.54902,35.69505],[139.54227,35.6967],[139.54219,35.69529],[139.53652,35.69533],[139.53642,35.69829],[139.53393,35.69897],[139.53219,35.70292],[139.53254,35.70911],[139.52716,35.70991],[139.52739,35.71282],[139.52522,35.71306],[139.52645,35.71728]]]]}},{"type":"Feature","id":"13204","properties":{"prefecture":"東京都","subPrefecture":null,"county":null,"municipality":"三鷹市","ward":null,"displayName":"三鷹市"},"geometry":{"type":"MultiPolygon","coordinates":[[[[139.58672,35.69396],[139.59189,35.69088],[139.59405,35.689],[139.59056,35.687],[139.59361,35.68413],[139.59418,35.68214],[139.59118,35.68162],[139.58532,35.68205],[139.58813,35.68005],[139.58678,35.67781],[139.58664,35.67398],[139.58249,35.67339],[139.5885,35.67051],[139.58889,35.66941],[139.58517,35.67129],[139.5845,35.6704],[139.58045,35.67072],[139.58004,35.67252],[139.57633,35.67358],[139.57542,35.67278],[139.57845,35.67191],[139.5798,35.66554],[139.58214,35.66503],[139.57852,35.66261],[139.57773,35.66105],[139.5755,35.66004],[139.57521,35.66171],[139.57281,35.66423],[139.56886,35.6635],[139.56557,35.66507],[139.56434,35.66903],[139.56438,35.67263],[139.56227,35.67801],[139.56087,35.68284],[139.55675,35.68273],[139.55216,35.68084],[139.54544,35.68206],[139.54471,35.68032],[139.54294,35.68046],[139.54227,35.67738],[139.5414,35.6699],[139.54195,35.66796],[139.54443,35.66661],[139.5416,35.66427],[139.53745,35.66547],[139.53797,35.66768],[139.53559,35.66929],[139.5344,35.66754],[139.53137,35.6677],[139.53244,35.6699],[139.53049,35.67095],[139.52945,35.67272],[139.52945,35.67561],[139.52676,35.67468],[139.52659,35.67914],[139.52539,35.6809],[139.52868,35.6812],[139.52884,35.68286],[139.52692,35.68422],[139.52626,35.68694],[139.52447,35.68841],[139.52488,35.6901],[139.52683,35.68949],[139.52854,35.69067],[139.53216,35.68878],[139.53137,35.69461],[139.5342,35.69488],[139.53393,35.69897],[139.53642,35.69829],[139.53652,35.69533],[139.54219,35.69529],[139.54227,35.6967],[139.54902,35.69505],[139.55066,35.69501],[139.55054,35.70091],[139.55001,35.70675],[139.57052,35.69893],[139.5723,35.69736],[139.57268,35.69896],[139.57616,35.70146],[139.57992,35.69882],[139.58483,35.69725],[139.58672,35.69396]]]]}},{"type":"Feature","id":"13205","properties":{"prefecture":"東京都","subPrefecture":null,"county":null,"municipality":"青梅市","ward":null,"displayName":"青梅市"},"geometry":{"type":"MultiPolygon","coordinates":[[[[139.33037,35.79362],[139.32848,35.79177],[139.33007,35.79061],[139.32626,35.78703],[139.32205,35.78978],[139.3238,35.78668],[139.32276,35.78631],[139.32058,35.78991],[139.31811,35.78922],[139.32079,35.7883],[139.32066,35.78336],[139.32412,35.78108],[139.32107,35.77722],[139.31844,35.77841],[139.31228,35.77552],[139.31137,35.77676],[139.30919,35.77571],[139.30802,35.77723],[139.30249,35.77854],[139.30194,35.77989],[139.29841,35.78128],[139.2955,35.77766],[139.29216,35.77536],[139.29309,35.77204],[139.29494,35.77024],[139.29664,35.76628],[139.29655,35.76315],[139.29744,35.76008],[139.29654,35.75455],[139.29434,35.75536],[139.29009,35.76007],[139.28814,35.75961],[139.28773,35.76092],[139.27611,35.76162],[139.27421,35.76089],[139.26904,35.76106],[139.26719,35.76004],[139.26427,35.76055],[139.26153,35.75983],[139.25686,35.76071],[139.2543,35.76403],[139.25191,35.76448],[139.24945,35.7666],[139.24482,35.7674],[139.24264,35.76681],[139.23827,35.76704],[139.23828,35.76839],[139.23527,35.76937],[139.23174,35.76889],[139.22829,35.77081],[139.22744,35.77202],[139.22432,35.77282],[139.22258,35.77245],[139.2209,35.77402],[139.2179,35.77293],[139.21434,35.77409],[139.21058,35.77317],[139.20818,35.7764],[139.20488,35.77973],[139.20365,35.78012],[139.20223,35.78242],[139.19896,35.78439],[139.19824,35.78644],[139.19553,35.78683],[139.19217,35.78919],[139.18879,35.78908],[139.18618,35.78778],[139.18209,35.78763],[139.17562,35.78486],[139.17227,35.7823],[139.16667,35.78096],[139.16568,35.77956],[139.16304,35.77824],[139.1606,35.77716],[139.15863,35.77791],[139.15782,35.77321],[139.15324,35.7739],[139.15239,35.7759],[139.14913,35.77884],[139.14824,35.77789],[139.14824,35.77529],[139.14629,35.77543],[139.14475,35.77695],[139.14283,35.77638],[139.13938,35.77205],[139.13764,35.77243],[139.13716,35.77804],[139.14048,35.77899],[139.14265,35.78098],[139.14781,35.78202],[139.14648,35.78575],[139.14757,35.78901],[139.14692,35.79303],[139.14982,35.79638],[139.15464,35.79769],[139.15631,35.79863],[139.15837,35.79828],[139.16093,35.7992],[139.16474,35.80156],[139.16732,35.80173],[139.17145,35.80347],[139.17187,35.8052],[139.17358,35.80676],[139.17551,35.80684],[139.17421,35.81283],[139.17736,35.82063],[139.17524,35.82683],[139.17843,35.83059],[139.1769,35.83306],[139.17742,35.83505],[139.1754,35.83605],[139.172,35.83996],[139.16612,35.84297],[139.16642,35.84435],[139.16258,35.84955],[139.16353,35.85087],[139.16617,35.84997],[139.16875,35.85004],[139.17111,35.84861],[139.17436,35.84831],[139.18363,35.84357],[139.18689,35.84287],[139.19244,35.84027],[139.19581,35.84005],[139.19931,35.84124],[139.20314,35.8412],[139.2048,35.84303],[139.2049,35.84457],[139.20747,35.84642],[139.21265,35.84661],[139.21478,35.84581],[139.21584,35.84431],[139.21933,35.84252],[139.22009,35.84136],[139.2244,35.84054],[139.22774,35.83905],[139.23066,35.83674],[139.23281,35.83675],[139.23567,35.83834],[139.23702,35.84015],[139.24109,35.84012],[139.24308,35.8366],[139.24681,35.83689],[139.25226,35.83825],[139.2588,35.83727],[139.2605,35.836],[139.26366,35.83742],[139.26878,35.83841],[139.27189,35.83969],[139.28,35.83931],[139.28026,35.84069],[139.28185,35.83952],[139.28288,35.83717],[139.28516,35.83602],[139.28616,35.83691],[139.29091,35.83796],[139.2956,35.83385],[139.29662,35.83545],[139.30117,35.83496],[139.30174,35.83148],[139.30117,35.82969],[139.30269,35.82601],[139.30259,35.82405],[139.30499,35.82372],[139.30477,35.8224],[139.31147,35.82528],[139.31492,35.82524],[139.31616,35.82367],[139.3165,35.81936],[139.31505,35.81689],[139.31502,35.81427],[139.31675,35.81269],[139.3188,35.80773],[139.32262,35.80027],[139.32225,35.7995],[139.32573,35.79521],[139.33036,35.79434],[139.33037,35.79362]]]]}},{"type":"Feature","id":"13206","properties":{"prefecture":"東京都","subPrefecture":null,"county":null,"municipality":"府中市","ward":null,"displayName":"府中市"},"geometry":{"type":"MultiPolygon","coordinates":[[[[139.48959,35.69545],[139.48781,35.69198],[139.48963,35.69249],[139.48904,35.69096],[139.49579,35.68864],[139.49544,35.6869],[139.49871,35.68563],[139.49989,35.68718],[139.50295,35.68727],[139.50113,35.68458],[139.50303,35.68468],[139.50519,35.68698],[139.50673,35.68649],[139.51457,35.68609],[139.51527,35.69],[139.51808,35.69138],[139.52227,35.68736],[139.5205,35.68163],[139.52094,35.68053],[139.52434,35.67969],[139.52468,35.67751],[139.5221,35.67718],[139.52509,35.67601],[139.52646,35.67238],[139.52517,35.66898],[139.52322,35.66779],[139.51944,35.66044],[139.51746,35.65839],[139.51704,35.65531],[139.51845,35.65532],[139.52071,35.65374],[139.52084,35.64619],[139.51667,35.64938],[139.51209,35.6512],[139.5068,35.65088],[139.50132,35.64919],[139.50147,35.65052],[139.49653,35.65185],[139.49037,35.65203],[139.48902,35.6515],[139.48646,35.65265],[139.47925,35.65198],[139.474,35.65075],[139.47381,35.64933],[139.47255,35.64928],[139.46788,35.65121],[139.45527,35.65433],[139.44202,35.65796],[139.4407,35.66019],[139.42983,35.67082],[139.43173,35.67268],[139.43607,35.67152],[139.43701,35.67218],[139.44066,35.67065],[139.44066,35.67175],[139.4457,35.6735],[139.44755,35.67253],[139.45252,35.67126],[139.45343,35.67166],[139.45066,35.6732],[139.45073,35.67665],[139.45229,35.67851],[139.45136,35.68066],[139.45293,35.68356],[139.45358,35.68766],[139.45604,35.69128],[139.45941,35.69239],[139.46025,35.69985],[139.46297,35.69987],[139.46402,35.69705],[139.46377,35.69544],[139.46682,35.69534],[139.46779,35.6925],[139.46589,35.69156],[139.46636,35.69056],[139.46379,35.6898],[139.46654,35.68844],[139.47737,35.68934],[139.47822,35.69037],[139.48104,35.6907],[139.48646,35.69217],[139.48808,35.69497],[139.48959,35.69545]]],[[[139.49719,35.68725],[139.49719,35.68725],[139.49719,35.68725],[139.49719,35.68725]]]]}},{"type":"Feature","id":"13207","properties":{"prefecture":"東京都","subPrefecture":null,"county":null,"municipality":"昭島市","ward":null,"displayName":"昭島市"},"geometry":{"type":"MultiPolygon","coordinates":[[[[139.38509,35.69128],[139.37627,35.69163],[139.36763,35.69214],[139.36333,35.69374],[139.35385,35.69313],[139.35206,35.69245],[139.34645,35.69198],[139.34039,35.69365],[139.33603,35.6961],[139.33567,35.69922],[139.33682,35.70151],[139.33308,35.70453],[139.33132,35.70977],[139.33249,35.71261],[139.33886,35.71586],[139.3386,35.71895],[139.34162,35.72131],[139.34628,35.72095],[139.35256,35.7229],[139.35294,35.72484],[139.35505,35.72508],[139.35717,35.7258],[139.36247,35.72417],[139.36187,35.72629],[139.36527,35.72576],[139.36541,35.72503],[139.37029,35.72583],[139.37005,35.72451],[139.37646,35.72543],[139.37771,35.72421],[139.38009,35.72559],[139.38179,35.72312],[139.37931,35.72172],[139.38207,35.72023],[139.3855,35.72046],[139.38885,35.7179],[139.3871,35.71667],[139.38899,35.71439],[139.39104,35.71533],[139.39458,35.71163],[139.3957,35.71289],[139.39844,35.71165],[139.39561,35.70668],[139.39401,35.70501],[139.39396,35.70242],[139.39295,35.69908],[139.39024,35.69879],[139.38853,35.69515],[139.38859,35.69307],[139.38509,35.69128]]]]}},{"type":"Feature","id":"13208","properties":{"prefecture":"東京都","subPrefecture":null,"county":null,"municipality":"調布市","ward":null,"displayName":"調布市"},"geometry":{"type":"MultiPolygon","coordinates":[[[[139.52692,35.68422],[139.52884,35.68286],[139.52868,35.6812],[139.52539,35.6809],[139.52659,35.67914],[139.52676,35.67468],[139.52945,35.67561],[139.52945,35.67272],[139.53049,35.67095],[139.53244,35.6699],[139.53137,35.6677],[139.5344,35.66754],[139.53559,35.66929],[139.53797,35.66768],[139.53745,35.66547],[139.5416,35.66427],[139.54443,35.66661],[139.54195,35.66796],[139.5414,35.6699],[139.54227,35.67738],[139.54294,35.68046],[139.54471,35.68032],[139.54544,35.68206],[139.55216,35.68084],[139.55675,35.68273],[139.56087,35.68284],[139.56227,35.67801],[139.56438,35.67263],[139.56434,35.66903],[139.56557,35.66507],[139.56886,35.6635],[139.57281,35.66423],[139.57521,35.66171],[139.5755,35.66004],[139.57773,35.66105],[139.57852,35.66261],[139.58214,35.66503],[139.5798,35.66554],[139.57845,35.67191],[139.57542,35.67278],[139.57633,35.67358],[139.58004,35.67252],[139.58045,35.67072],[139.5845,35.6704],[139.58517,35.67129],[139.58889,35.66941],[139.59012,35.66579],[139.58656,35.66396],[139.58734,35.66259],[139.58996,35.66123],[139.58989,35.65725],[139.59098,35.65532],[139.59233,35.65543],[139.59308,35.65152],[139.59196,35.65136],[139.59206,35.64591],[139.58957,35.64514],[139.58764,35.64617],[139.58558,35.64551],[139.58384,35.6485],[139.58078,35.64727],[139.57652,35.65034],[139.57432,35.65074],[139.56947,35.64903],[139.56967,35.64793],[139.56674,35.64759],[139.56337,35.64137],[139.56321,35.63739],[139.56197,35.63259],[139.55856,35.63375],[139.54943,35.63437],[139.54772,35.63669],[139.5404,35.63873],[139.53595,35.63948],[139.53089,35.64196],[139.52539,35.64265],[139.52084,35.64619],[139.52071,35.65374],[139.51845,35.65532],[139.51704,35.65531],[139.51746,35.65839],[139.51944,35.66044],[139.52322,35.66779],[139.52517,35.66898],[139.52646,35.67238],[139.52509,35.67601],[139.5221,35.67718],[139.52468,35.67751],[139.52434,35.67969],[139.52094,35.68053],[139.5205,35.68163],[139.52227,35.68736],[139.52451,35.68794],[139.5252,35.68585],[139.52692,35.68422]]]]}},{"type":"Feature","id":"13209","properties":{"prefecture":"東京都","subPrefecture":null,"county":null,"municipality":"町田市","ward":null,"displayName":"町田市"},"geometry":{"type":"MultiPolygon","coordinates":[[[[139.3939,35.60819],[139.39531,35.60809],[139.39706,35.60991],[139.40099,35.61012],[139.40127,35.60872],[139.40793,35.61204],[139.41019,35.61006],[139.41275,35.61228],[139.41704,35.61179],[139.4178,35.61051],[139.42054,35.60978],[139.42311,35.60663],[139.42411,35.60703],[139.42653,35.60576],[139.42817,35.60613],[139.42823,35.60805],[139.43387,35.60587],[139.43627,35.60674],[139.43817,35.60959],[139.44214,35.60945],[139.44584,35.60872],[139.44928,35.61178],[139.45287,35.60745],[139.45352,35.60448],[139.45738,35.60721],[139.46334,35.60888],[139.46667,35.60863],[139.46658,35.60658],[139.47028,35.60349],[139.47119,35.60106],[139.47397,35.5997],[139.47802,35.59897],[139.47904,35.59631],[139.48393,35.59506],[139.48345,35.59344],[139.4871,35.59172],[139.48694,35.59026],[139.48859,35.59076],[139.49183,35.58855],[139.49349,35.58916],[139.49446,35.58631],[139.49344,35.58529],[139.49402,35.58269],[139.49922,35.58097],[139.50546,35.57479],[139.50701,35.57582],[139.50735,35.57377],[139.50657,35.57172],[139.50205,35.5711],[139.50041,35.5702],[139.50083,35.56853],[139.49806,35.5679],[139.49627,35.56464],[139.49445,35.56471],[139.49289,35.56253],[139.49103,35.56143],[139.48925,35.56181],[139.48641,35.56895],[139.48287,35.57138],[139.48375,35.57196],[139.48613,35.57845],[139.4884,35.57852],[139.48987,35.58358],[139.48684,35.5847],[139.48498,35.58461],[139.48208,35.58161],[139.47811,35.58069],[139.47649,35.58201],[139.47324,35.57667],[139.47325,35.57385],[139.47153,35.57086],[139.46967,35.5695],[139.46965,35.5653],[139.46829,35.5633],[139.47048,35.56038],[139.47474,35.55961],[139.47643,35.56256],[139.47976,35.55934],[139.48186,35.55596],[139.4823,35.54722],[139.48088,35.54596],[139.48033,35.54315],[139.48164,35.53995],[139.48496,35.53806],[139.48453,35.5361],[139.48671,35.53561],[139.48577,35.53136],[139.48776,35.52799],[139.48654,35.52658],[139.48758,35.52468],[139.48575,35.52235],[139.48623,35.51978],[139.48327,35.51913],[139.48035,35.51473],[139.47699,35.51121],[139.48113,35.50531],[139.48494,35.50397],[139.48035,35.50297],[139.47638,35.50135],[139.47381,35.50125],[139.47143,35.50206],[139.46772,35.50237],[139.46827,35.50621],[139.46485,35.5109],[139.46328,35.51784],[139.46082,35.51938],[139.45613,35.52032],[139.4547,35.52223],[139.45832,35.52799],[139.45571,35.52939],[139.45415,35.53144],[139.44923,35.53464],[139.44815,35.5378],[139.4451,35.54113],[139.43965,35.54367],[139.43601,35.54683],[139.43339,35.54636],[139.43199,35.54874],[139.42779,35.55115],[139.42716,35.5533],[139.42391,35.55589],[139.42185,35.55981],[139.418,35.56192],[139.41623,35.56189],[139.41623,35.56381],[139.41343,35.56625],[139.41051,35.57142],[139.40898,35.57533],[139.40412,35.57547],[139.40211,35.57645],[139.40112,35.57978],[139.3993,35.58352],[139.3998,35.58443],[139.39483,35.58412],[139.39422,35.5856],[139.39063,35.58555],[139.38862,35.58853],[139.38533,35.58819],[139.37673,35.59196],[139.3753,35.59382],[139.37278,35.59498],[139.36973,35.59472],[139.36602,35.59763],[139.36173,35.59919],[139.35949,35.59861],[139.35602,35.59933],[139.35484,35.60055],[139.35056,35.60098],[139.34413,35.60263],[139.3399,35.60555],[139.33805,35.60446],[139.3352,35.60453],[139.33355,35.60373],[139.33103,35.60425],[139.32865,35.60342],[139.32075,35.60653],[139.31627,35.60529],[139.30929,35.60421],[139.30612,35.60547],[139.30352,35.60513],[139.30088,35.60657],[139.29915,35.6063],[139.297,35.608],[139.29686,35.6094],[139.29261,35.61181],[139.28605,35.61251],[139.28521,35.61339],[139.28099,35.61254],[139.27988,35.61148],[139.27427,35.61105],[139.2688,35.60935],[139.2688,35.61212],[139.27153,35.61398],[139.27443,35.61426],[139.27791,35.61946],[139.28191,35.61983],[139.28278,35.62079],[139.28568,35.6208],[139.28703,35.62203],[139.28935,35.62018],[139.29314,35.6209],[139.29476,35.61692],[139.29354,35.61547],[139.29804,35.61611],[139.30349,35.61518],[139.30762,35.61624],[139.31421,35.61414],[139.3153,35.61291],[139.3175,35.61524],[139.3215,35.61554],[139.32279,35.61482],[139.32639,35.61576],[139.32844,35.615],[139.33013,35.61641],[139.33106,35.61541],[139.33576,35.61489],[139.33738,35.61422],[139.33853,35.61944],[139.33696,35.62249],[139.33842,35.62341],[139.3413,35.62007],[139.34108,35.61832],[139.33947,35.61701],[139.33991,35.6142],[139.34231,35.61326],[139.34738,35.60893],[139.34951,35.60823],[139.35161,35.60868],[139.35253,35.60774],[139.35939,35.60657],[139.36131,35.6051],[139.36583,35.60872],[139.36893,35.60639],[139.37339,35.60422],[139.3759,35.60431],[139.38157,35.60217],[139.38484,35.60006],[139.38688,35.59794],[139.38677,35.59962],[139.38835,35.60241],[139.38764,35.60501],[139.39047,35.60698],[139.3921,35.60684],[139.3939,35.60819]],[[139.3811,35.59056],[139.3811,35.59056],[139.3811,35.59056],[139.3811,35.59056]]]]}},{"type":"Feature","id":"13210","properties":{"prefecture":"東京都","subPrefecture":null,"county":null,"municipality":"小金井市","ward":null,"displayName":"小金井市"},"geometry":{"type":"MultiPolygon","coordinates":[[[[139.53393,35.69897],[139.5342,35.69488],[139.53137,35.69461],[139.53216,35.68878],[139.52854,35.69067],[139.52683,35.68949],[139.52488,35.6901],[139.52447,35.68841],[139.52626,35.68694],[139.52692,35.68422],[139.5252,35.68585],[139.52451,35.68794],[139.52227,35.68736],[139.51808,35.69138],[139.51527,35.69],[139.51457,35.68609],[139.50673,35.68649],[139.50519,35.68698],[139.50303,35.68468],[139.50113,35.68458],[139.50295,35.68727],[139.49989,35.68718],[139.49871,35.68563],[139.49544,35.6869],[139.49579,35.68864],[139.48904,35.69096],[139.48963,35.69249],[139.48781,35.69198],[139.48959,35.69545],[139.49106,35.69734],[139.49144,35.70025],[139.48446,35.70226],[139.48552,35.70433],[139.48659,35.70428],[139.48743,35.70646],[139.48572,35.70838],[139.4915,35.70804],[139.49255,35.7102],[139.4954,35.70964],[139.4959,35.71316],[139.50229,35.71219],[139.50826,35.71248],[139.50859,35.71636],[139.51476,35.71721],[139.52315,35.71907],[139.52292,35.71764],[139.52645,35.71728],[139.52522,35.71306],[139.52739,35.71282],[139.52716,35.70991],[139.53254,35.70911],[139.53219,35.70292],[139.53393,35.69897]],[[139.49719,35.68725],[139.49719,35.68725],[139.49719,35.68725],[139.49719,35.68725]]]]}},{"type":"Feature","id":"13211","properties":{"prefecture":"東京都","subPrefecture":null,"county":null,"municipality":"小平市","ward":null,"displayName":"小平市"},"geometry":{"type":"MultiPolygon","coordinates":[[[[139.52017,35.73344],[139.51671,35.73059],[139.51768,35.72745],[139.52333,35.72325],[139.52467,35.71941],[139.52315,35.71907],[139.51476,35.71721],[139.50859,35.71636],[139.50826,35.71248],[139.50229,35.71219],[139.4959,35.71316],[139.4954,35.70964],[139.49255,35.7102],[139.4915,35.70804],[139.48572,35.70838],[139.48024,35.71436],[139.47849,35.7087],[139.47659,35.70893],[139.47194,35.71103],[139.47202,35.71538],[139.45867,35.71789],[139.45789,35.72081],[139.44612,35.72288],[139.43563,35.72476],[139.43385,35.72695],[139.42291,35.73019],[139.42644,35.73017],[139.42868,35.73006],[139.44247,35.73635],[139.44553,35.73503],[139.45099,35.73699],[139.46664,35.74405],[139.47101,35.74276],[139.47726,35.7399],[139.4771,35.73758],[139.47878,35.73721],[139.47883,35.73522],[139.48622,35.73451],[139.48714,35.74099],[139.48516,35.74089],[139.48573,35.74387],[139.48758,35.74504],[139.48943,35.7449],[139.49133,35.74151],[139.49817,35.74434],[139.49811,35.74586],[139.5038,35.74285],[139.50328,35.74141],[139.50472,35.74103],[139.50396,35.73675],[139.50478,35.73665],[139.50444,35.7322],[139.50561,35.73206],[139.50675,35.74],[139.50673,35.74202],[139.50857,35.74127],[139.50817,35.73839],[139.51264,35.73798],[139.51424,35.73876],[139.51434,35.74142],[139.51511,35.73912],[139.52111,35.73895],[139.52017,35.73344]]]]}},{"type":"Feature","id":"13212","properties":{"prefecture":"東京都","subPrefecture":null,"county":null,"municipality":"日野市","ward":null,"displayName":"日野市"},"geometry":{"type":"MultiPolygon","coordinates":[[[[139.41757,35.68276],[139.419,35.68217],[139.42241,35.67914],[139.42779,35.67272],[139.42983,35.67082],[139.4407,35.66019],[139.44202,35.65796],[139.4392,35.65714],[139.44054,35.6562],[139.43834,35.65458],[139.4377,35.65004],[139.43405,35.65086],[139.43321,35.64854],[139.42999,35.64746],[139.43053,35.64606],[139.42771,35.64536],[139.42715,35.64372],[139.42443,35.64541],[139.42142,35.64626],[139.41681,35.64905],[139.415,35.64703],[139.41395,35.64707],[139.41052,35.6449],[139.4064,35.64526],[139.39894,35.64082],[139.39823,35.63977],[139.39628,35.64045],[139.39164,35.63981],[139.38985,35.64116],[139.38737,35.64072],[139.38202,35.64132],[139.37808,35.63932],[139.37718,35.64101],[139.3787,35.64196],[139.37856,35.6441],[139.37655,35.6454],[139.37371,35.64398],[139.3705,35.64376],[139.36566,35.64622],[139.35815,35.65411],[139.35735,35.65581],[139.35945,35.65689],[139.35889,35.65936],[139.36313,35.66107],[139.37242,35.66575],[139.37047,35.66856],[139.37316,35.67345],[139.3765,35.67645],[139.37671,35.67838],[139.37506,35.68175],[139.37594,35.68379],[139.3752,35.68578],[139.37805,35.68768],[139.37964,35.68677],[139.37627,35.69163],[139.38509,35.69128],[139.38769,35.69038],[139.39514,35.68918],[139.40564,35.6856],[139.41248,35.68359],[139.41757,35.68276]]]]}},{"type":"Feature","id":"13213","properties":{"prefecture":"東京都","subPrefecture":null,"county":null,"municipality":"東村山市","ward":null,"displayName":"東村山市"},"geometry":{"type":"MultiPolygon","coordinates":[[[[139.49678,35.7787],[139.49651,35.77692],[139.49768,35.77215],[139.49925,35.77167],[139.50121,35.76563],[139.4972,35.76243],[139.50479,35.7611],[139.49708,35.7593],[139.49476,35.75829],[139.49523,35.75652],[139.49395,35.75595],[139.49388,35.75382],[139.49226,35.75288],[139.49302,35.75154],[139.4907,35.75206],[139.48742,35.74905],[139.48643,35.7455],[139.48453,35.74444],[139.48573,35.74387],[139.48516,35.74089],[139.48714,35.74099],[139.48622,35.73451],[139.47883,35.73522],[139.47878,35.73721],[139.4771,35.73758],[139.47726,35.7399],[139.47101,35.74276],[139.46664,35.74405],[139.45099,35.73699],[139.45016,35.73791],[139.45154,35.73908],[139.45069,35.74199],[139.45138,35.74561],[139.44877,35.74783],[139.4469,35.75204],[139.44753,35.7526],[139.4462,35.75566],[139.44415,35.75575],[139.44055,35.76022],[139.44091,35.7622],[139.44,35.76374],[139.44077,35.767],[139.44497,35.76666],[139.4465,35.76809],[139.45135,35.76933],[139.45856,35.76968],[139.45948,35.77245],[139.46155,35.77347],[139.46319,35.77287],[139.46493,35.77376],[139.46985,35.77421],[139.47116,35.7734],[139.47407,35.77466],[139.47397,35.77561],[139.47704,35.77557],[139.47535,35.77685],[139.47855,35.7785],[139.4795,35.77994],[139.48437,35.78084],[139.48899,35.77926],[139.49038,35.7809],[139.49375,35.77958],[139.49349,35.7817],[139.49598,35.7816],[139.49678,35.7787]]]]}},{"type":"Feature","id":"13214","properties":{"prefecture":"東京都","subPrefecture":null,"county":null,"municipality":"国分寺市","ward":null,"displayName":"国分寺市"},"geometry":{"type":"MultiPolygon","coordinates":[[[[139.43032,35.70354],[139.43563,35.70373],[139.42934,35.71528],[139.43276,35.71586],[139.4291,35.71599],[139.42826,35.71736],[139.43136,35.71785],[139.43099,35.71897],[139.43334,35.7184],[139.43655,35.71477],[139.44161,35.71583],[139.44398,35.7117],[139.44612,35.72288],[139.45789,35.72081],[139.45867,35.71789],[139.47202,35.71538],[139.47194,35.71103],[139.47659,35.70893],[139.47849,35.7087],[139.48024,35.71436],[139.48572,35.70838],[139.48743,35.70646],[139.48659,35.70428],[139.48552,35.70433],[139.48446,35.70226],[139.49144,35.70025],[139.49106,35.69734],[139.48959,35.69545],[139.48808,35.69497],[139.48646,35.69217],[139.48104,35.6907],[139.47822,35.69037],[139.47737,35.68934],[139.46654,35.68844],[139.46379,35.6898],[139.46636,35.69056],[139.46589,35.69156],[139.46779,35.6925],[139.46682,35.69534],[139.46377,35.69544],[139.46402,35.69705],[139.46297,35.69987],[139.46025,35.69985],[139.45941,35.69239],[139.45561,35.69474],[139.4487,35.70091],[139.44588,35.7003],[139.4415,35.70041],[139.44109,35.7013],[139.432,35.70166],[139.43032,35.70354]]]]}},{"type":"Feature","id":"13215","properties":{"prefecture":"東京都","subPrefecture":null,"county":null,"municipality":"国立市","ward":null,"displayName":"国立市"},"geometry":{"type":"MultiPolygon","coordinates":[[[[139.41757,35.68276],[139.4215,35.68858],[139.4247,35.68671],[139.42661,35.688],[139.42841,35.69112],[139.43122,35.69028],[139.43105,35.69357],[139.42995,35.69405],[139.43165,35.69694],[139.42752,35.69836],[139.42559,35.70188],[139.42727,35.70363],[139.42952,35.70442],[139.43032,35.70354],[139.432,35.70166],[139.44109,35.7013],[139.4415,35.70041],[139.44588,35.7003],[139.4487,35.70091],[139.45561,35.69474],[139.45941,35.69239],[139.45604,35.69128],[139.45358,35.68766],[139.45293,35.68356],[139.45136,35.68066],[139.45229,35.67851],[139.45073,35.67665],[139.45066,35.6732],[139.45343,35.67166],[139.45252,35.67126],[139.44755,35.67253],[139.4457,35.6735],[139.44066,35.67175],[139.44066,35.67065],[139.43701,35.67218],[139.43607,35.67152],[139.43173,35.67268],[139.42983,35.67082],[139.42779,35.67272],[139.42241,35.67914],[139.419,35.68217],[139.41757,35.68276]]]]}},{"type":"Feature","id":"13218","properties":{"prefecture":"東京都","subPrefecture":null,"county":null,"municipality":"福生市","ward":null,"displayName":"福生市"},"geometry":{"type":"MultiPolygon","coordinates":[[[[139.34264,35.74984],[139.34233,35.74615],[139.34552,35.74707],[139.35207,35.74124],[139.35333,35.74253],[139.35043,35.74514],[139.3499,35.74773],[139.35467,35.7456],[139.35605,35.74509],[139.35491,35.74277],[139.35847,35.74126],[139.35988,35.73958],[139.35901,35.73733],[139.35293,35.73609],[139.35344,35.73294],[139.35249,35.73286],[139.35335,35.72796],[139.3553,35.7263],[139.35505,35.72508],[139.35294,35.72484],[139.35256,35.7229],[139.34628,35.72095],[139.34162,35.72131],[139.3386,35.71895],[139.33886,35.71586],[139.33249,35.71261],[139.33123,35.71346],[139.32957,35.72038],[139.32845,35.7237],[139.32846,35.72787],[139.32199,35.73273],[139.32011,35.7333],[139.31671,35.74332],[139.31387,35.74712],[139.31749,35.74907],[139.3188,35.7507],[139.32094,35.75005],[139.32117,35.7517],[139.32284,35.75256],[139.32206,35.7536],[139.32493,35.75485],[139.32738,35.75292],[139.32938,35.75238],[139.33156,35.75311],[139.33193,35.7517],[139.33578,35.75115],[139.33776,35.75195],[139.33874,35.75011],[139.34264,35.74984]]]]}},{"type":"Feature","id":"13219","properties":{"prefecture":"東京都","subPrefecture":null,"county":null,"municipality":"狛江市","ward":null,"displayName":"狛江市"},"geometry":{"type":"MultiPolygon","coordinates":[[[[139.56197,35.63259],[139.56321,35.63739],[139.56337,35.64137],[139.56674,35.64759],[139.56967,35.64793],[139.56947,35.64903],[139.57432,35.65074],[139.57652,35.65034],[139.58078,35.64727],[139.58384,35.6485],[139.58558,35.64551],[139.58764,35.64617],[139.58659,35.64265],[139.58447,35.6412],[139.5856,35.63816],[139.58779,35.63497],[139.59141,35.63306],[139.59127,35.63105],[139.59295,35.62943],[139.59238,35.62752],[139.59412,35.62683],[139.59229,35.62423],[139.59022,35.62453],[139.58933,35.62122],[139.59024,35.61843],[139.58639,35.62046],[139.58279,35.6216],[139.57655,35.62198],[139.57112,35.62441],[139.56771,35.62694],[139.56563,35.6272],[139.56618,35.62945],[139.56266,35.63139],[139.56197,35.63259]]]]}},{"type":"Feature","id":"13220","properties":{"prefecture":"東京都","subPrefecture":null,"county":null,"municipality":"東大和市","ward":null,"displayName":"東大和市"},"geometry":{"type":"MultiPolygon","coordinates":[[[[139.44077,35.767],[139.44,35.76374],[139.44091,35.7622],[139.44055,35.76022],[139.44415,35.75575],[139.4462,35.75566],[139.44753,35.7526],[139.4469,35.75204],[139.44877,35.74783],[139.45138,35.74561],[139.45069,35.74199],[139.45154,35.73908],[139.45016,35.73791],[139.45099,35.73699],[139.44553,35.73503],[139.44247,35.73635],[139.42868,35.73006],[139.42644,35.73017],[139.4258,35.73104],[139.41622,35.73208],[139.41442,35.73303],[139.41357,35.73643],[139.4112,35.73726],[139.41243,35.73903],[139.41101,35.74089],[139.41065,35.7475],[139.40745,35.74863],[139.40727,35.75223],[139.40959,35.75689],[139.40754,35.76085],[139.40497,35.76208],[139.40261,35.76108],[139.40054,35.76196],[139.39462,35.76277],[139.39352,35.76216],[139.39168,35.76335],[139.39845,35.7644],[139.40028,35.76775],[139.40488,35.76916],[139.40951,35.76869],[139.4159,35.76627],[139.41956,35.7659],[139.42221,35.7678],[139.42762,35.76645],[139.43134,35.76635],[139.43322,35.76735],[139.43546,35.76712],[139.43963,35.76916],[139.44077,35.767]]]]}},{"type":"Feature","id":"13221","properties":{"prefecture":"東京都","subPrefecture":null,"county":null,"municipality":"清瀬市","ward":null,"displayName":"清瀬市"},"geometry":{"type":"MultiPolygon","coordinates":[[[[139.51637,35.76557],[139.50859,35.76205],[139.50479,35.7611],[139.4972,35.76243],[139.50121,35.76563],[139.49925,35.77167],[139.49768,35.77215],[139.49651,35.77692],[139.49678,35.7787],[139.49938,35.78217],[139.50374,35.78286],[139.5067,35.78277],[139.50846,35.78466],[139.51191,35.78508],[139.51315,35.78601],[139.51403,35.7885],[139.51684,35.78895],[139.52028,35.78837],[139.52256,35.78923],[139.5234,35.79184],[139.52552,35.79188],[139.52926,35.79413],[139.53177,35.79684],[139.53488,35.80163],[139.53686,35.80394],[139.54167,35.80728],[139.54429,35.80664],[139.5472,35.80266],[139.54622,35.79923],[139.54409,35.7965],[139.54024,35.79405],[139.53758,35.79076],[139.54077,35.78986],[139.54379,35.78819],[139.54374,35.78208],[139.54298,35.77981],[139.53749,35.77688],[139.53432,35.77419],[139.52845,35.77304],[139.52635,35.77162],[139.52305,35.77194],[139.52055,35.77003],[139.51637,35.76557]]]]}},{"type":"Feature","id":"13222","properties":{"prefecture":"東京都","subPrefecture":null,"county":null,"municipality":"東久留米市","ward":null,"displayName":"東久留米市"},"geometry":{"type":"MultiPolygon","coordinates":[[[[139.54458,35.75476],[139.5372,35.74844],[139.53353,35.7449],[139.52842,35.74472],[139.52717,35.74365],[139.53132,35.74027],[139.52971,35.73972],[139.52017,35.73344],[139.52111,35.73895],[139.51511,35.73912],[139.51434,35.74142],[139.51424,35.73876],[139.51264,35.73798],[139.50817,35.73839],[139.50857,35.74127],[139.50673,35.74202],[139.50675,35.74],[139.50561,35.73206],[139.50444,35.7322],[139.50478,35.73665],[139.50396,35.73675],[139.50472,35.74103],[139.50328,35.74141],[139.5038,35.74285],[139.49811,35.74586],[139.49817,35.74434],[139.49133,35.74151],[139.48943,35.7449],[139.48758,35.74504],[139.48573,35.74387],[139.48453,35.74444],[139.48643,35.7455],[139.48742,35.74905],[139.4907,35.75206],[139.49302,35.75154],[139.49226,35.75288],[139.49388,35.75382],[139.49395,35.75595],[139.49523,35.75652],[139.49476,35.75829],[139.49708,35.7593],[139.50479,35.7611],[139.50859,35.76205],[139.51637,35.76557],[139.52138,35.76757],[139.5303,35.76835],[139.54167,35.772],[139.54657,35.77414],[139.54784,35.77398],[139.54702,35.76801],[139.54764,35.76617],[139.54669,35.76269],[139.54698,35.7603],[139.54512,35.75758],[139.54458,35.75476]]]]}},{"type":"Feature","id":"13223","properties":{"prefecture":"東京都","subPrefecture":null,"county":null,"municipality":"武蔵村山市","ward":null,"displayName":"武蔵村山市"},"geometry":{"type":"MultiPolygon","coordinates":[[[[139.37903,35.7712],[139.38022,35.76637],[139.38525,35.76528],[139.3896,35.76714],[139.39167,35.76741],[139.39046,35.76408],[139.39168,35.76335],[139.39352,35.76216],[139.39462,35.76277],[139.40054,35.76196],[139.40261,35.76108],[139.40497,35.76208],[139.40754,35.76085],[139.40959,35.75689],[139.40727,35.75223],[139.40745,35.74863],[139.41065,35.7475],[139.41101,35.74089],[139.41243,35.73903],[139.4112,35.73726],[139.41357,35.73643],[139.41442,35.73303],[139.40946,35.73259],[139.40882,35.73362],[139.40237,35.734],[139.40041,35.73356],[139.39827,35.73494],[139.39531,35.7335],[139.38807,35.73938],[139.38707,35.74121],[139.38363,35.74382],[139.3849,35.74152],[139.38482,35.73788],[139.38729,35.73705],[139.39115,35.73339],[139.38853,35.73367],[139.38434,35.73544],[139.3835,35.73303],[139.38116,35.73486],[139.37848,35.73352],[139.37796,35.73509],[139.37405,35.73667],[139.37027,35.73736],[139.36947,35.73588],[139.36546,35.73906],[139.35988,35.73958],[139.35847,35.74126],[139.35491,35.74277],[139.35605,35.74509],[139.35467,35.7456],[139.35665,35.75081],[139.35812,35.75076],[139.35752,35.75352],[139.35902,35.75449],[139.35663,35.75547],[139.35863,35.75579],[139.35882,35.75793],[139.36019,35.7587],[139.36095,35.7611],[139.36379,35.76094],[139.36289,35.76192],[139.3656,35.76621],[139.36738,35.7678],[139.36711,35.769],[139.36852,35.77106],[139.36816,35.77411],[139.36995,35.77336],[139.37091,35.77143],[139.3732,35.77134],[139.37344,35.76876],[139.37903,35.7712]],[[139.35725,35.74463],[139.35725,35.74463],[139.35725,35.74463],[139.35725,35.74463]]]]}},{"type":"Feature","id":"13224","properties":{"prefecture":"東京都","subPrefecture":null,"county":null,"municipality":"多摩市","ward":null,"displayName":"多摩市"},"geometry":{"type":"MultiPolygon","coordinates":[[[[139.3939,35.60819],[139.39367,35.60863],[139.39853,35.61195],[139.40077,35.61453],[139.40471,35.62077],[139.40739,35.62134],[139.40787,35.6226],[139.41179,35.62435],[139.41319,35.62562],[139.41567,35.62562],[139.41897,35.62696],[139.41984,35.6286],[139.42502,35.62986],[139.42718,35.63198],[139.42952,35.63186],[139.42958,35.63397],[139.4268,35.63798],[139.42398,35.63945],[139.42274,35.64114],[139.42016,35.64208],[139.42025,35.64308],[139.41772,35.64312],[139.41556,35.64521],[139.415,35.64703],[139.41681,35.64905],[139.42142,35.64626],[139.42443,35.64541],[139.42715,35.64372],[139.42771,35.64536],[139.43053,35.64606],[139.42999,35.64746],[139.43321,35.64854],[139.43405,35.65086],[139.4377,35.65004],[139.43834,35.65458],[139.44054,35.6562],[139.4392,35.65714],[139.44202,35.65796],[139.45527,35.65433],[139.46788,35.65121],[139.47255,35.64928],[139.47381,35.64933],[139.47379,35.6468],[139.46885,35.64462],[139.46901,35.64016],[139.47159,35.63352],[139.46453,35.62962],[139.46521,35.62874],[139.46416,35.62451],[139.46248,35.62506],[139.46074,35.62216],[139.45535,35.6182],[139.45317,35.61861],[139.45072,35.61318],[139.44928,35.61178],[139.44584,35.60872],[139.44214,35.60945],[139.43817,35.60959],[139.43627,35.60674],[139.43387,35.60587],[139.42823,35.60805],[139.42817,35.60613],[139.42653,35.60576],[139.42411,35.60703],[139.42311,35.60663],[139.42054,35.60978],[139.4178,35.61051],[139.41704,35.61179],[139.41275,35.61228],[139.41019,35.61006],[139.40793,35.61204],[139.40127,35.60872],[139.40099,35.61012],[139.39706,35.60991],[139.39531,35.60809],[139.3939,35.60819]]]]}},{"type":"Feature","id":"13225","properties":{"prefecture":"東京都","subPrefecture":null,"county":null,"municipality":"稲城市","ward":null,"displayName":"稲城市"},"geometry":{"type":"MultiPolygon","coordinates":[[[[139.52084,35.64619],[139.52539,35.64265],[139.52339,35.63882],[139.52103,35.63777],[139.52347,35.63235],[139.51906,35.63144],[139.5166,35.62959],[139.51615,35.6257],[139.5104,35.62335],[139.50961,35.62408],[139.50608,35.62282],[139.50373,35.62294],[139.49922,35.62022],[139.49795,35.61835],[139.49468,35.61729],[139.49442,35.61546],[139.49578,35.61236],[139.50002,35.60728],[139.49974,35.60545],[139.49757,35.60487],[139.49404,35.60578],[139.48959,35.60431],[139.48827,35.60716],[139.48655,35.60843],[139.48351,35.60862],[139.48127,35.61006],[139.47966,35.61326],[139.47674,35.61427],[139.47507,35.61998],[139.47074,35.61996],[139.46727,35.62083],[139.46534,35.62406],[139.46416,35.62451],[139.46521,35.62874],[139.46453,35.62962],[139.47159,35.63352],[139.46901,35.64016],[139.46885,35.64462],[139.47379,35.6468],[139.47381,35.64933],[139.474,35.65075],[139.47925,35.65198],[139.48646,35.65265],[139.48902,35.6515],[139.49037,35.65203],[139.49653,35.65185],[139.50147,35.65052],[139.50132,35.64919],[139.5068,35.65088],[139.51209,35.6512],[139.51667,35.64938],[139.52084,35.64619]]],[[[139.51831,35.62957],[139.51831,35.62957],[139.51831,35.62957],[139.51831,35.62957]]]]}},{"type":"Feature","id":"13227","properties":{"prefecture":"東京都","subPrefecture":null,"county":null,"municipality":"羽村市","ward":null,"displayName":"羽村市"},"geometry":{"type":"MultiPolygon","coordinates":[[[[139.32107,35.77722],[139.32879,35.77134],[139.33152,35.77292],[139.33364,35.77095],[139.33319,35.7676],[139.33643,35.76604],[139.33478,35.76493],[139.33584,35.75929],[139.33845,35.75687],[139.33839,35.75551],[139.34036,35.75372],[139.3422,35.75422],[139.34308,35.75322],[139.34264,35.74984],[139.33874,35.75011],[139.33776,35.75195],[139.33578,35.75115],[139.33193,35.7517],[139.33156,35.75311],[139.32938,35.75238],[139.32738,35.75292],[139.32493,35.75485],[139.32206,35.7536],[139.32284,35.75256],[139.32117,35.7517],[139.32094,35.75005],[139.3188,35.7507],[139.31749,35.74907],[139.31387,35.74712],[139.31105,35.75063],[139.30657,35.75274],[139.30261,35.7552],[139.29654,35.75455],[139.29744,35.76008],[139.29655,35.76315],[139.29664,35.76628],[139.29494,35.77024],[139.29309,35.77204],[139.29216,35.77536],[139.2955,35.77766],[139.29841,35.78128],[139.30194,35.77989],[139.30249,35.77854],[139.30802,35.77723],[139.30919,35.77571],[139.31137,35.77676],[139.31228,35.77552],[139.31844,35.77841],[139.32107,35.77722]]]]}},{"type":"Feature","id":"13228","properties":{"prefecture":"東京都","subPrefecture":null,"county":null,"municipality":"あきる野市","ward":null,"displayName":"あきる野市"},"geometry":{"type":"MultiPolygon","coordinates":[[[[139.16304,35.77824],[139.1666,35.77554],[139.1671,35.77605],[139.17651,35.77104],[139.17943,35.76996],[139.18083,35.76832],[139.18034,35.76572],[139.18148,35.7629],[139.18637,35.76217],[139.18774,35.7611],[139.18919,35.76225],[139.19589,35.75966],[139.19811,35.7577],[139.2,35.75807],[139.20433,35.75579],[139.20513,35.75378],[139.20802,35.75253],[139.21292,35.75164],[139.21237,35.74854],[139.21478,35.74668],[139.21567,35.74441],[139.21859,35.74444],[139.22612,35.74005],[139.22873,35.73999],[139.23189,35.73899],[139.23958,35.73974],[139.24014,35.7391],[139.24405,35.7388],[139.24543,35.73663],[139.25295,35.73636],[139.25823,35.73527],[139.25803,35.73449],[139.26147,35.73366],[139.26292,35.73238],[139.26993,35.73326],[139.27815,35.73367],[139.28365,35.73136],[139.28443,35.73224],[139.28365,35.73769],[139.28465,35.74059],[139.28238,35.74056],[139.27931,35.74211],[139.28077,35.74608],[139.27993,35.74922],[139.2785,35.74977],[139.27761,35.75229],[139.27546,35.75363],[139.26921,35.75363],[139.26855,35.75445],[139.26459,35.75546],[139.26185,35.75559],[139.25586,35.75939],[139.25686,35.76071],[139.26153,35.75983],[139.26427,35.76055],[139.26719,35.76004],[139.26904,35.76106],[139.27421,35.76089],[139.27611,35.76162],[139.28773,35.76092],[139.28814,35.75961],[139.29009,35.76007],[139.29434,35.75536],[139.29654,35.75455],[139.30261,35.7552],[139.30657,35.75274],[139.31105,35.75063],[139.31387,35.74712],[139.31671,35.74332],[139.32011,35.7333],[139.32199,35.73273],[139.32846,35.72787],[139.32845,35.7237],[139.32957,35.72038],[139.33123,35.71346],[139.32909,35.71231],[139.32906,35.71003],[139.32764,35.7104],[139.3252,35.71292],[139.32294,35.71628],[139.31924,35.71906],[139.3159,35.71425],[139.31359,35.71395],[139.3085,35.71589],[139.30841,35.71499],[139.30498,35.71158],[139.30388,35.71171],[139.3038,35.71385],[139.30252,35.71226],[139.29585,35.71146],[139.29426,35.71338],[139.28672,35.7134],[139.28378,35.71276],[139.28185,35.71364],[139.27681,35.71397],[139.27391,35.71501],[139.27217,35.71463],[139.27222,35.71265],[139.27075,35.71069],[139.26881,35.70996],[139.26072,35.71049],[139.25811,35.71224],[139.2551,35.71269],[139.25195,35.71226],[139.24963,35.71049],[139.2458,35.71141],[139.24512,35.71334],[139.24332,35.71248],[139.24109,35.71405],[139.23766,35.71321],[139.23562,35.71484],[139.23005,35.71537],[139.22886,35.71628],[139.22629,35.71592],[139.22395,35.71661],[139.222,35.7162],[139.21904,35.71683],[139.21725,35.71887],[139.21482,35.7165],[139.21033,35.7137],[139.20691,35.71276],[139.2045,35.70739],[139.20434,35.70496],[139.20535,35.7032],[139.20481,35.69973],[139.20049,35.69915],[139.20075,35.69659],[139.20011,35.69416],[139.20016,35.69013],[139.19943,35.68828],[139.19327,35.68906],[139.19137,35.68783],[139.18689,35.68803],[139.18407,35.68905],[139.18257,35.68811],[139.17857,35.68925],[139.17409,35.68926],[139.17141,35.68874],[139.16968,35.69087],[139.1723,35.69378],[139.17241,35.70094],[139.17032,35.70324],[139.16796,35.70406],[139.16531,35.70627],[139.16522,35.71155],[139.16642,35.71391],[139.16585,35.71875],[139.16724,35.72207],[139.16549,35.72258],[139.16535,35.7271],[139.1662,35.7294],[139.16432,35.73249],[139.16585,35.73618],[139.16452,35.73776],[139.1641,35.74133],[139.16118,35.74304],[139.15658,35.7447],[139.15598,35.74662],[139.15394,35.74869],[139.15398,35.7501],[139.14934,35.75425],[139.1474,35.75403],[139.14483,35.7552],[139.14073,35.75545],[139.13993,35.75764],[139.14218,35.75998],[139.14465,35.76021],[139.14714,35.76222],[139.1435,35.76632],[139.13878,35.76821],[139.1361,35.77026],[139.13764,35.77243],[139.13938,35.77205],[139.14283,35.77638],[139.14475,35.77695],[139.14629,35.77543],[139.14824,35.77529],[139.14824,35.77789],[139.14913,35.77884],[139.15239,35.7759],[139.15324,35.7739],[139.15782,35.77321],[139.15863,35.77791],[139.1606,35.77716],[139.16304,35.77824]]]]}},{"type":"Feature","id":"13229","properties":{"prefecture":"東京都","subPrefecture":null,"county":null,"municipality":"西東京市","ward":null,"displayName":"西東京市"},"geometry":{"type":"MultiPolygon","coordinates":[[[[139.56564,35.72166],[139.55994,35.722],[139.55458,35.72078],[139.54941,35.71692],[139.54087,35.71315],[139.53736,35.71132],[139.52942,35.71279],[139.53,35.7175],[139.52691,35.71851],[139.52645,35.71728],[139.52292,35.71764],[139.52315,35.71907],[139.52467,35.71941],[139.52333,35.72325],[139.51768,35.72745],[139.51671,35.73059],[139.52017,35.73344],[139.52971,35.73972],[139.53132,35.74027],[139.52717,35.74365],[139.52842,35.74472],[139.53353,35.7449],[139.5372,35.74844],[139.54458,35.75476],[139.54678,35.75509],[139.54716,35.75338],[139.55006,35.75438],[139.55204,35.75596],[139.55525,35.75574],[139.55539,35.75775],[139.55778,35.75958],[139.56183,35.7596],[139.56279,35.7616],[139.56777,35.75507],[139.5677,35.75322],[139.56928,35.74999],[139.5678,35.75006],[139.56883,35.74759],[139.56677,35.74743],[139.56816,35.74276],[139.56825,35.73808],[139.56733,35.73636],[139.56942,35.73416],[139.566,35.72705],[139.56526,35.72427],[139.56564,35.72166]]]]}},{"type":"Feature","id":"13303","properties":{"prefecture":"東京都","subPrefecture":null,"county":"西多摩郡","municipality":"瑞穂町","ward":null,"displayName":"瑞穂町"},"geometry":{"type":"MultiPolygon","coordinates":[[[[139.37903,35.7712],[139.37344,35.76876],[139.3732,35.77134],[139.37091,35.77143],[139.36995,35.77336],[139.36816,35.77411],[139.36852,35.77106],[139.36711,35.769],[139.36738,35.7678],[139.3656,35.76621],[139.36289,35.76192],[139.36379,35.76094],[139.36095,35.7611],[139.36019,35.7587],[139.35882,35.75793],[139.35863,35.75579],[139.35663,35.75547],[139.35902,35.75449],[139.35752,35.75352],[139.35812,35.75076],[139.35665,35.75081],[139.35467,35.7456],[139.3499,35.74773],[139.35043,35.74514],[139.35333,35.74253],[139.35207,35.74124],[139.34552,35.74707],[139.34233,35.74615],[139.34264,35.74984],[139.34308,35.75322],[139.3422,35.75422],[139.34036,35.75372],[139.33839,35.75551],[139.33845,35.75687],[139.33584,35.75929],[139.33478,35.76493],[139.33643,35.76604],[139.33319,35.7676],[139.33364,35.77095],[139.33152,35.77292],[139.32879,35.77134],[139.32107,35.77722],[139.32412,35.78108],[139.32066,35.78336],[139.32079,35.7883],[139.31811,35.78922],[139.32058,35.78991],[139.32276,35.78631],[139.3238,35.78668],[139.32205,35.78978],[139.32626,35.78703],[139.33007,35.79061],[139.32848,35.79177],[139.33037,35.79362],[139.33278,35.79189],[139.33488,35.7937],[139.3385,35.79459],[139.34268,35.79403],[139.34671,35.79641],[139.34971,35.79491],[139.35068,35.79328],[139.35349,35.79287],[139.35492,35.79372],[139.35857,35.79298],[139.35984,35.79162],[139.36273,35.79191],[139.36992,35.79173],[139.36871,35.79029],[139.36987,35.78761],[139.36783,35.78704],[139.36749,35.78438],[139.36942,35.78326],[139.36991,35.78154],[139.37145,35.7816],[139.37301,35.77972],[139.3753,35.78042],[139.38014,35.77875],[139.38,35.77693],[139.38134,35.7773],[139.38148,35.77427],[139.37903,35.7712]]],[[[139.35725,35.74463],[139.35725,35.74463],[139.35725,35.74463],[139.35725,35.74463]]]]}},{"type":"Feature","id":"13305","properties":{"prefecture":"東京都","subPrefecture":null,"county":"西多摩郡","municipality":"日の出町","ward":null,"displayName":"日の出町"},"geometry":{"type":"MultiPolygon","coordinates":[[[[139.25686,35.76071],[139.25586,35.75939],[139.26185,35.75559],[139.26459,35.75546],[139.26855,35.75445],[139.26921,35.75363],[139.27546,35.75363],[139.27761,35.75229],[139.2785,35.74977],[139.27993,35.74922],[139.28077,35.74608],[139.27931,35.74211],[139.28238,35.74056],[139.28465,35.74059],[139.28365,35.73769],[139.28443,35.73224],[139.28365,35.73136],[139.27815,35.73367],[139.26993,35.73326],[139.26292,35.73238],[139.26147,35.73366],[139.25803,35.73449],[139.25823,35.73527],[139.25295,35.73636],[139.24543,35.73663],[139.24405,35.7388],[139.24014,35.7391],[139.23958,35.73974],[139.23189,35.73899],[139.22873,35.73999],[139.22612,35.74005],[139.21859,35.74444],[139.21567,35.74441],[139.21478,35.74668],[139.21237,35.74854],[139.21292,35.75164],[139.20802,35.75253],[139.20513,35.75378],[139.20433,35.75579],[139.2,35.75807],[139.19811,35.7577],[139.19589,35.75966],[139.18919,35.76225],[139.18774,35.7611],[139.18637,35.76217],[139.18148,35.7629],[139.18034,35.76572],[139.18083,35.76832],[139.17943,35.76996],[139.17651,35.77104],[139.1671,35.77605],[139.1666,35.77554],[139.16304,35.77824],[139.16568,35.77956],[139.16667,35.78096],[139.17227,35.7823],[139.17562,35.78486],[139.18209,35.78763],[139.18618,35.78778],[139.18879,35.78908],[139.19217,35.78919],[139.19553,35.78683],[139.19824,35.78644],[139.19896,35.78439],[139.20223,35.78242],[139.20365,35.78012],[139.20488,35.77973],[139.20818,35.7764],[139.21058,35.77317],[139.21434,35.77409],[139.2179,35.77293],[139.2209,35.77402],[139.22258,35.77245],[139.22432,35.77282],[139.22744,35.77202],[139.22829,35.77081],[139.23174,35.76889],[139.23527,35.76937],[139.23828,35.76839],[139.23827,35.76704],[139.24264,35.76681],[139.24482,35.7674],[139.24945,35.7666],[139.25191,35.76448],[139.2543,35.76403],[139.25686,35.76071]]]]}},{"type":"Feature","id":"13307","properties":{"prefecture":"東京都","subPrefecture":null,"county":"西多摩郡","municipality":"檜原村","ward":null,"displayName":"檜原村"},"geometry":{"type":"MultiPolygon","coordinates":[[[[139.1361,35.77026],[139.13878,35.76821],[139.1435,35.76632],[139.14714,35.76222],[139.14465,35.76021],[139.14218,35.75998],[139.13993,35.75764],[139.14073,35.75545],[139.14483,35.7552],[139.1474,35.75403],[139.14934,35.75425],[139.15398,35.7501],[139.15394,35.74869],[139.15598,35.74662],[139.15658,35.7447],[139.16118,35.74304],[139.1641,35.74133],[139.16452,35.73776],[139.16585,35.73618],[139.16432,35.73249],[139.1662,35.7294],[139.16535,35.7271],[139.16549,35.72258],[139.16724,35.72207],[139.16585,35.71875],[139.16642,35.71391],[139.16522,35.71155],[139.16531,35.70627],[139.16796,35.70406],[139.17032,35.70324],[139.17241,35.70094],[139.1723,35.69378],[139.16968,35.69087],[139.17141,35.68874],[139.17,35.68011],[139.16795,35.67683],[139.16598,35.67499],[139.16475,35.67032],[139.1616,35.66791],[139.1536,35.66602],[139.1514,35.66672],[139.14716,35.66682],[139.14315,35.66903],[139.14285,35.66996],[139.13893,35.67054],[139.13694,35.67231],[139.13352,35.6729],[139.13104,35.67205],[139.12872,35.67538],[139.12703,35.67677],[139.12271,35.67838],[139.11926,35.68066],[139.11634,35.68389],[139.11363,35.68436],[139.10815,35.68983],[139.10562,35.69102],[139.09711,35.69227],[139.09542,35.69107],[139.09297,35.69147],[139.09225,35.69057],[139.0844,35.69308],[139.08201,35.69555],[139.07792,35.69563],[139.07655,35.6949],[139.07211,35.69541],[139.07061,35.69763],[139.06674,35.6984],[139.06511,35.69795],[139.06312,35.70046],[139.05854,35.70207],[139.05202,35.7049],[139.05068,35.70737],[139.04667,35.70948],[139.04284,35.70975],[139.03903,35.71112],[139.03478,35.71496],[139.03235,35.71621],[139.02898,35.71677],[139.02466,35.71989],[139.02208,35.72266],[139.02199,35.72504],[139.0209,35.72728],[139.01796,35.73111],[139.01379,35.73499],[139.01229,35.73867],[139.02168,35.74013],[139.02681,35.74216],[139.02832,35.74452],[139.03197,35.74419],[139.03446,35.74246],[139.03858,35.7439],[139.04138,35.74606],[139.03968,35.75011],[139.0427,35.75511],[139.04312,35.75767],[139.04641,35.75832],[139.04917,35.76006],[139.05319,35.75965],[139.05489,35.76018],[139.05661,35.76329],[139.05846,35.76442],[139.06095,35.7641],[139.06362,35.7656],[139.06649,35.76564],[139.06894,35.7668],[139.0709,35.76867],[139.07359,35.77003],[139.07503,35.772],[139.08007,35.7701],[139.0827,35.76988],[139.08678,35.77124],[139.08847,35.77019],[139.09342,35.76996],[139.09535,35.77251],[139.09539,35.77472],[139.09662,35.77592],[139.10221,35.77838],[139.10585,35.77911],[139.10754,35.77684],[139.11435,35.77354],[139.11711,35.77144],[139.12115,35.76956],[139.12296,35.76943],[139.12513,35.7676],[139.12821,35.76698],[139.13075,35.76512],[139.13284,35.76642],[139.1361,35.77026]]]]}},{"type":"Feature","id":"13308","properties":{"prefecture":"東京都","subPrefecture":null,"county":"西多摩郡","municipality":"奥多摩町","ward":null,"displayName":"奥多摩町"},"geometry":{"type":"MultiPolygon","coordinates":[[[[139.16353,35.85087],[139.16258,35.84955],[139.16642,35.84435],[139.16612,35.84297],[139.172,35.83996],[139.1754,35.83605],[139.17742,35.83505],[139.1769,35.83306],[139.17843,35.83059],[139.17524,35.82683],[139.17736,35.82063],[139.17421,35.81283],[139.17551,35.80684],[139.17358,35.80676],[139.17187,35.8052],[139.17145,35.80347],[139.16732,35.80173],[139.16474,35.80156],[139.16093,35.7992],[139.15837,35.79828],[139.15631,35.79863],[139.15464,35.79769],[139.14982,35.79638],[139.14692,35.79303],[139.14757,35.78901],[139.14648,35.78575],[139.14781,35.78202],[139.14265,35.78098],[139.14048,35.77899],[139.13716,35.77804],[139.13764,35.77243],[139.1361,35.77026],[139.13284,35.76642],[139.13075,35.76512],[139.12821,35.76698],[139.12513,35.7676],[139.12296,35.76943],[139.12115,35.76956],[139.11711,35.77144],[139.11435,35.77354],[139.10754,35.77684],[139.10585,35.77911],[139.10221,35.77838],[139.09662,35.77592],[139.09539,35.77472],[139.09535,35.77251],[139.09342,35.76996],[139.08847,35.77019],[139.08678,35.77124],[139.0827,35.76988],[139.08007,35.7701],[139.07503,35.772],[139.07359,35.77003],[139.0709,35.76867],[139.06894,35.7668],[139.06649,35.76564],[139.06362,35.7656],[139.06095,35.7641],[139.05846,35.76442],[139.05661,35.76329],[139.05489,35.76018],[139.05319,35.75965],[139.04917,35.76006],[139.04641,35.75832],[139.04312,35.75767],[139.0427,35.75511],[139.03968,35.75011],[139.04138,35.74606],[139.03858,35.7439],[139.03446,35.74246],[139.03197,35.74419],[139.02832,35.74452],[139.02681,35.74216],[139.02168,35.74013],[139.01229,35.73867],[139.01039,35.74229],[139.00569,35.74813],[139.00516,35.75045],[139.00215,35.75012],[138.99883,35.75114],[138.99561,35.75377],[138.99243,35.75552],[138.99277,35.75722],[138.99123,35.75914],[138.98936,35.76349],[138.98651,35.76646],[138.9844,35.76776],[138.98366,35.77202],[138.98532,35.77442],[138.98643,35.78225],[138.98498,35.78345],[138.98505,35.78527],[138.98188,35.78708],[138.97952,35.78709],[138.97688,35.78903],[138.97608,35.79187],[138.97711,35.79275],[138.97452,35.79515],[138.97397,35.79693],[138.9718,35.799],[138.97124,35.8037],[138.97032,35.80458],[138.97108,35.80998],[138.97223,35.81152],[138.97148,35.81478],[138.96977,35.81585],[138.96965,35.82273],[138.97048,35.82736],[138.96977,35.83123],[138.96425,35.82938],[138.9622,35.82961],[138.95951,35.83121],[138.95854,35.83269],[138.95326,35.83652],[138.94912,35.84047],[138.94732,35.84318],[138.94855,35.84954],[138.9468,35.85284],[138.94393,35.85482],[138.94302,35.8572],[138.94287,35.86016],[138.94654,35.86436],[138.94514,35.86793],[138.94926,35.86902],[138.95439,35.87418],[138.95446,35.87491],[138.96008,35.87678],[138.9652,35.87779],[138.96802,35.88221],[138.97249,35.88198],[138.97893,35.88501],[138.98346,35.88273],[138.98526,35.88118],[138.98875,35.88115],[138.99473,35.88334],[138.99588,35.88445],[139.00076,35.884],[139.00496,35.88738],[139.00666,35.88962],[139.00672,35.89341],[139.01032,35.89717],[139.01338,35.89826],[139.0184,35.89842],[139.02089,35.89716],[139.02411,35.8972],[139.02545,35.89553],[139.02933,35.89291],[139.03715,35.88936],[139.04035,35.88631],[139.04287,35.8856],[139.04833,35.88121],[139.04984,35.87883],[139.05539,35.87748],[139.05782,35.8775],[139.05919,35.87505],[139.06163,35.87363],[139.07045,35.87155],[139.07205,35.87158],[139.0749,35.87409],[139.07776,35.87534],[139.08254,35.87487],[139.08399,35.87343],[139.08923,35.87103],[139.09167,35.86904],[139.0945,35.86951],[139.09924,35.86855],[139.10144,35.86572],[139.10268,35.86658],[139.10985,35.86566],[139.11173,35.86468],[139.11456,35.8653],[139.11559,35.86452],[139.11927,35.86429],[139.12182,35.86493],[139.1292,35.86556],[139.13124,35.86447],[139.13536,35.86539],[139.13891,35.86401],[139.14845,35.86229],[139.15283,35.85955],[139.1594,35.85707],[139.16215,35.85211],[139.16353,35.85087]]]]}},{"type":"Feature","id":"13361","properties":{"prefecture":"東京都","subPrefecture":null,"county":null,"municipality":"大島町","ward":null,"displayName":"大島町"},"geometry":{"type":"MultiPolygon","coordinates":[[[[139.44103,34.7524],[139.44337,34.7477],[139.44548,34.74767],[139.44811,34.74445],[139.44888,34.74103],[139.44731,34.73717],[139.44486,34.73506],[139.44388,34.73199],[139.44505,34.73072],[139.44553,34.72816],[139.44482,34.72521],[139.44615,34.72235],[139.44899,34.71988],[139.44935,34.71617],[139.44887,34.71379],[139.44745,34.71193],[139.44485,34.71064],[139.44385,34.70708],[139.4437,34.70298],[139.44593,34.70056],[139.44953,34.69831],[139.45,34.69651],[139.44658,34.69293],[139.44579,34.68984],[139.44428,34.68837],[139.44478,34.68457],[139.44255,34.68432],[139.43935,34.68546],[139.43928,34.68773],[139.43721,34.68874],[139.43638,34.68754],[139.44078,34.68199],[139.44,34.67955],[139.43868,34.67867],[139.434,34.67802],[139.43006,34.67872],[139.42829,34.68078],[139.42523,34.68268],[139.42074,34.6824],[139.41719,34.6812],[139.41291,34.68182],[139.40832,34.68069],[139.40486,34.68233],[139.40199,34.68194],[139.39945,34.68409],[139.39726,34.68358],[139.39494,34.68468],[139.39473,34.6872],[139.39087,34.6866],[139.39136,34.68763],[139.38633,34.69017],[139.38374,34.69281],[139.38398,34.6936],[139.38067,34.69585],[139.37633,34.69592],[139.37346,34.69806],[139.37255,34.69963],[139.36519,34.70042],[139.36242,34.70193],[139.36082,34.7012],[139.35936,34.70214],[139.35803,34.70134],[139.35974,34.70531],[139.36019,34.70808],[139.36105,34.7103],[139.35359,34.71709],[139.35267,34.71842],[139.35237,34.72508],[139.35324,34.72705],[139.35281,34.73172],[139.3539,34.73148],[139.35689,34.73535],[139.35606,34.73986],[139.35689,34.74191],[139.35323,34.74617],[139.35295,34.75087],[139.35164,34.7521],[139.352,34.7535],[139.34909,34.75904],[139.3489,34.76603],[139.3509,34.76674],[139.35199,34.76951],[139.35154,34.77168],[139.34938,34.77492],[139.34994,34.7798],[139.34956,34.78255],[139.35044,34.78394],[139.35236,34.78427],[139.35435,34.7904],[139.35719,34.79176],[139.35991,34.79488],[139.36098,34.7991],[139.36758,34.79626],[139.37088,34.79798],[139.37288,34.79828],[139.37587,34.79491],[139.37789,34.7939],[139.38045,34.79436],[139.38212,34.79137],[139.38478,34.78978],[139.38993,34.78861],[139.3917,34.78969],[139.38925,34.79155],[139.39006,34.79204],[139.39464,34.78886],[139.39803,34.78787],[139.40099,34.78849],[139.40288,34.78706],[139.40569,34.78762],[139.40797,34.78619],[139.41177,34.78705],[139.41535,34.78332],[139.4207,34.78108],[139.42211,34.78175],[139.42433,34.77914],[139.42882,34.77523],[139.43321,34.77235],[139.43508,34.77019],[139.43701,34.7666],[139.43721,34.7648],[139.44087,34.75731],[139.44051,34.75361],[139.44103,34.7524]]],[[[139.44501,34.68333],[139.44501,34.68333],[139.44501,34.68333],[139.44501,34.68333]]],[[[139.35198,34.74771],[139.35198,34.74771],[139.35198,34.74771],[139.35198,34.74771]]],[[[139.44814,34.69417],[139.44814,34.69417],[139.44814,34.69417],[139.44814,34.69417]]],[[[139.44128,34.75667],[139.44128,34.75667],[139.44128,34.75667],[139.44128,34.75667]]],[[[139.44193,34.75657],[139.44193,34.75657],[139.44193,34.75657],[139.44193,34.75657]]],[[[139.40001,34.78936],[139.40001,34.78936],[139.40001,34.78936],[139.40001,34.78936]]],[[[139.3619,34.70125],[139.3619,34.70125],[139.3619,34.70125],[139.3619,34.70125]]],[[[139.43007,34.67852],[139.43007,34.67852],[139.43007,34.67852],[139.43007,34.67852]]],[[[139.44554,34.70281],[139.44554,34.70281],[139.44554,34.70281],[139.44554,34.70281]]],[[[139.44589,34.72487],[139.44589,34.72487],[139.44589,34.72487],[139.44589,34.72487]]],[[[139.43115,34.67833],[139.43115,34.67833],[139.43115,34.67833],[139.43115,34.67833]]],[[[139.44929,34.6948],[139.44929,34.6948],[139.44929,34.6948],[139.44929,34.6948]]],[[[139.42894,34.77588],[139.42894,34.77588],[139.42894,34.77588],[139.42894,34.77588]]],[[[139.40366,34.68189],[139.40366,34.68189],[139.40366,34.68189],[139.40366,34.68189]]],[[[139.43076,34.67841],[139.43076,34.67841],[139.43076,34.67841],[139.43076,34.67841]]],[[[139.35949,34.79528],[139.35949,34.79528],[139.35949,34.79528],[139.35949,34.79528]]],[[[139.3969,34.68357],[139.3969,34.68357],[139.3969,34.68357],[139.3969,34.68357]]],[[[139.39585,34.78924],[139.39585,34.78924],[139.39585,34.78924],[139.39585,34.78924]]],[[[139.35267,34.74453],[139.35267,34.74453],[139.35267,34.74453],[139.35267,34.74453]]],[[[139.36713,34.7],[139.36713,34.7],[139.36713,34.7],[139.36713,34.7]]],[[[139.35825,34.70215],[139.35825,34.70215],[139.35825,34.70215],[139.35825,34.70215]]],[[[139.44599,34.72426],[139.44599,34.72426],[139.44599,34.72426],[139.44599,34.72426]]],[[[139.42755,34.77696],[139.42755,34.77696],[139.42755,34.77696],[139.42755,34.77696]]],[[[139.35127,34.78415],[139.35127,34.78415],[139.35127,34.78415],[139.35127,34.78415]]],[[[139.44272,34.74933],[139.44272,34.74933],[139.44272,34.74933],[139.44272,34.74933]]],[[[139.3957,34.68372],[139.3957,34.68372],[139.3957,34.68372],[139.3957,34.68372]]],[[[139.44055,34.75783],[139.44055,34.75783],[139.44055,34.75783],[139.44055,34.75783]]],[[[139.35962,34.79584],[139.35962,34.79584],[139.35962,34.79584],[139.35962,34.79584]]],[[[139.42397,34.68192],[139.42397,34.68192],[139.42397,34.68192],[139.42397,34.68192]]],[[[139.42486,34.7794],[139.42486,34.7794],[139.42486,34.7794],[139.42486,34.7794]]],[[[139.41334,34.78616],[139.41334,34.78616],[139.41334,34.78616],[139.41334,34.78616]]],[[[139.36822,34.69946],[139.36822,34.69946],[139.36822,34.69946],[139.36822,34.69946]]],[[[139.44155,34.75699],[139.44155,34.75699],[139.44155,34.75699],[139.44155,34.75699]]],[[[139.35186,34.72523],[139.35186,34.72523],[139.35186,34.72523],[139.35186,34.72523]]],[[[139.42391,34.68163],[139.42391,34.68163],[139.42391,34.68163],[139.42391,34.68163]]],[[[139.35257,34.73093],[139.35257,34.73093],[139.35257,34.73093],[139.35257,34.73093]]],[[[139.43012,34.77484],[139.43012,34.77484],[139.43012,34.77484],[139.43012,34.77484]]],[[[139.35568,34.79221],[139.35568,34.79221],[139.35568,34.79221],[139.35568,34.79221]]],[[[139.36265,34.70103],[139.36265,34.70103],[139.36265,34.70103],[139.36265,34.70103]]],[[[139.44118,34.75713],[139.44118,34.75713],[139.44118,34.75713],[139.44118,34.75713]]],[[[139.41254,34.78719],[139.41254,34.78719],[139.41254,34.78719],[139.41254,34.78719]]],[[[139.40943,34.68036],[139.40943,34.68036],[139.40943,34.68036],[139.40943,34.68036]]],[[[139.42898,34.7757],[139.42898,34.7757],[139.42898,34.7757],[139.42898,34.7757]]],[[[139.44542,34.7019],[139.44542,34.7019],[139.44542,34.7019],[139.44542,34.7019]]],[[[139.43432,34.67767],[139.43432,34.67767],[139.43432,34.67767],[139.43432,34.67767]]],[[[139.44514,34.7063],[139.44514,34.7063],[139.44514,34.7063],[139.44514,34.7063]]],[[[139.44458,34.68861],[139.44458,34.68861],[139.44458,34.68861],[139.44458,34.68861]]],[[[139.38974,34.68755],[139.38974,34.68755],[139.38974,34.68755],[139.38974,34.68755]]],[[[139.44567,34.72457],[139.44567,34.72457],[139.44567,34.72457],[139.44567,34.72457]]],[[[139.4467,34.72349],[139.4467,34.72349],[139.4467,34.72349],[139.4467,34.72349]]],[[[139.39687,34.68368],[139.39687,34.68368],[139.39687,34.68368],[139.39687,34.68368]]],[[[139.36237,34.70111],[139.36237,34.70111],[139.36237,34.70111],[139.36237,34.70111]]],[[[139.3519,34.72508],[139.3519,34.72508],[139.3519,34.72508],[139.3519,34.72508]]],[[[139.39962,34.6825],[139.39962,34.6825],[139.39962,34.6825],[139.39962,34.6825]]],[[[139.37043,34.69965],[139.37043,34.69965],[139.37043,34.69965],[139.37043,34.69965]]],[[[139.43021,34.67807],[139.43021,34.67807],[139.43021,34.67807],[139.43021,34.67807]]],[[[139.4411,34.75645],[139.4411,34.75645],[139.4411,34.75645],[139.4411,34.75645]]],[[[139.44504,34.7021],[139.44504,34.7021],[139.44504,34.7021],[139.44504,34.7021]]],[[[139.44097,34.75751],[139.44097,34.75751],[139.44097,34.75751],[139.44097,34.75751]]],[[[139.38415,34.69267],[139.38415,34.69267],[139.38415,34.69267],[139.38415,34.69267]]],[[[139.44571,34.7281],[139.44571,34.7281],[139.44571,34.7281],[139.44571,34.7281]]],[[[139.44643,34.70052],[139.44643,34.70052],[139.44643,34.70052],[139.44643,34.70052]]],[[[139.38919,34.68836],[139.38919,34.68836],[139.38919,34.68836],[139.38919,34.68836]]],[[[139.35922,34.79496],[139.35922,34.79496],[139.35922,34.79496],[139.35922,34.79496]]],[[[139.36791,34.69956],[139.36791,34.69956],[139.36791,34.69956],[139.36791,34.69956]]],[[[139.4478,34.72154],[139.4478,34.72154],[139.4478,34.72154],[139.4478,34.72154]]],[[[139.39014,34.6874],[139.39014,34.6874],[139.39014,34.6874],[139.39014,34.6874]]],[[[139.35959,34.79579],[139.35959,34.79579],[139.35959,34.79579],[139.35959,34.79579]]],[[[139.36085,34.70902],[139.36085,34.70902],[139.36085,34.70902],[139.36085,34.70902]]],[[[139.44483,34.70236],[139.44483,34.70236],[139.44483,34.70236],[139.44483,34.70236]]],[[[139.39725,34.68338],[139.39725,34.68338],[139.39725,34.68338],[139.39725,34.68338]]],[[[139.35275,34.73109],[139.35275,34.73109],[139.35275,34.73109],[139.35275,34.73109]]],[[[139.36245,34.7013],[139.36245,34.7013],[139.36245,34.7013],[139.36245,34.7013]]],[[[139.39791,34.68376],[139.39791,34.68376],[139.39791,34.68376],[139.39791,34.68376]]],[[[139.42818,34.77607],[139.42818,34.77607],[139.42818,34.77607],[139.42818,34.77607]]],[[[139.35263,34.78719],[139.35263,34.78719],[139.35263,34.78719],[139.35263,34.78719]]],[[[139.41928,34.78195],[139.41928,34.78195],[139.41928,34.78195],[139.41928,34.78195]]],[[[139.43059,34.67784],[139.43059,34.67784],[139.43059,34.67784],[139.43059,34.67784]]],[[[139.35308,34.72978],[139.35308,34.72978],[139.35308,34.72978],[139.35308,34.72978]]],[[[139.39922,34.68373],[139.39922,34.68373],[139.39922,34.68373],[139.39922,34.68373]]],[[[139.43027,34.77477],[139.43027,34.77477],[139.43027,34.77477],[139.43027,34.77477]]],[[[139.39715,34.68329],[139.39715,34.68329],[139.39715,34.68329],[139.39715,34.68329]]],[[[139.40578,34.68154],[139.40578,34.68154],[139.40578,34.68154],[139.40578,34.68154]]],[[[139.35942,34.79514],[139.35942,34.79514],[139.35942,34.79514],[139.35942,34.79514]]],[[[139.40514,34.68187],[139.40514,34.68187],[139.40514,34.68187],[139.40514,34.68187]]],[[[139.4378,34.6857],[139.4378,34.6857],[139.4378,34.6857],[139.4378,34.6857]]],[[[139.42369,34.68167],[139.42369,34.68167],[139.42369,34.68167],[139.42369,34.68167]]],[[[139.42932,34.7754],[139.42932,34.7754],[139.42932,34.7754],[139.42932,34.7754]]],[[[139.35888,34.70287],[139.35888,34.70287],[139.35888,34.70287],[139.35888,34.70287]]],[[[139.38592,34.68995],[139.38592,34.68995],[139.38592,34.68995],[139.38592,34.68995]]],[[[139.44261,34.74952],[139.44261,34.74952],[139.44261,34.74952],[139.44261,34.74952]]],[[[139.42987,34.67887],[139.42987,34.67887],[139.42987,34.67887],[139.42987,34.67887]]],[[[139.3597,34.71135],[139.3597,34.71135],[139.3597,34.71135],[139.3597,34.71135]]],[[[139.36054,34.7107],[139.36054,34.7107],[139.36054,34.7107],[139.36054,34.7107]]],[[[139.39598,34.68355],[139.39598,34.68355],[139.39598,34.68355],[139.39598,34.68355]]],[[[139.35798,34.71292],[139.35798,34.71292],[139.35798,34.71292],[139.35798,34.71292]]],[[[139.43628,34.76868],[139.43628,34.76868],[139.43628,34.76868],[139.43628,34.76868]]],[[[139.43243,34.67836],[139.43243,34.67836],[139.43243,34.67836],[139.43243,34.67836]]],[[[139.4019,34.6819],[139.4019,34.6819],[139.4019,34.6819],[139.4019,34.6819]]],[[[139.40957,34.68041],[139.40957,34.68041],[139.40957,34.68041],[139.40957,34.68041]]],[[[139.41436,34.78434],[139.41436,34.78434],[139.41436,34.78434],[139.41436,34.78434]]],[[[139.38912,34.68827],[139.38912,34.68827],[139.38912,34.68827],[139.38912,34.68827]]],[[[139.43101,34.67805],[139.43101,34.67805],[139.43101,34.67805],[139.43101,34.67805]]],[[[139.35288,34.74536],[139.35288,34.74536],[139.35288,34.74536],[139.35288,34.74536]]],[[[139.44928,34.71837],[139.44928,34.71837],[139.44928,34.71837],[139.44928,34.71837]]],[[[139.44464,34.70572],[139.44464,34.70572],[139.44464,34.70572],[139.44464,34.70572]]],[[[139.44252,34.74973],[139.44252,34.74973],[139.44252,34.74973],[139.44252,34.74973]]],[[[139.39796,34.68352],[139.39796,34.68352],[139.39796,34.68352],[139.39796,34.68352]]],[[[139.36457,34.70043],[139.36457,34.70043],[139.36457,34.70043],[139.36457,34.70043]]],[[[139.38838,34.68891],[139.38838,34.68891],[139.38838,34.68891],[139.38838,34.68891]]],[[[139.35459,34.79071],[139.35459,34.79071],[139.35459,34.79071],[139.35459,34.79071]]],[[[139.44284,34.74882],[139.44284,34.74882],[139.44284,34.74882],[139.44284,34.74882]]],[[[139.42929,34.67955],[139.42929,34.67955],[139.42929,34.67955],[139.42929,34.67955]]],[[[139.35142,34.78417],[139.35142,34.78417],[139.35142,34.78417],[139.35142,34.78417]]],[[[139.34979,34.77989],[139.34979,34.77989],[139.34979,34.77989],[139.34979,34.77989]]],[[[139.34959,34.78116],[139.34959,34.78116],[139.34959,34.78116],[139.34959,34.78116]]],[[[139.36971,34.69976],[139.36971,34.69976],[139.36971,34.69976],[139.36971,34.69976]]],[[[139.44718,34.72347],[139.44718,34.72347],[139.44718,34.72347],[139.44718,34.72347]]],[[[139.39678,34.68376],[139.39678,34.68376],[139.39678,34.68376],[139.39678,34.68376]]],[[[139.35411,34.79034],[139.35411,34.79034],[139.35411,34.79034],[139.35411,34.79034]]],[[[139.35949,34.71154],[139.35949,34.71154],[139.35949,34.71154],[139.35949,34.71154]]],[[[139.44806,34.72128],[139.44806,34.72128],[139.44806,34.72128],[139.44806,34.72128]]],[[[139.39851,34.68365],[139.39851,34.68365],[139.39851,34.68365],[139.39851,34.68365]]],[[[139.39717,34.68351],[139.39717,34.68351],[139.39717,34.68351],[139.39717,34.68351]]],[[[139.40362,34.6822],[139.40362,34.6822],[139.40362,34.6822],[139.40362,34.6822]]],[[[139.39664,34.68342],[139.39664,34.68342],[139.39664,34.68342],[139.39664,34.68342]]],[[[139.35294,34.7298],[139.35294,34.7298],[139.35294,34.7298],[139.35294,34.7298]]],[[[139.39424,34.68612],[139.39424,34.68612],[139.39424,34.68612],[139.39424,34.68612]]],[[[139.40541,34.68152],[139.40541,34.68152],[139.40541,34.68152],[139.40541,34.68152]]],[[[139.42845,34.77624],[139.42845,34.77624],[139.42845,34.77624],[139.42845,34.77624]]],[[[139.40134,34.68181],[139.40134,34.68181],[139.40134,34.68181],[139.40134,34.68181]]],[[[139.34944,34.77721],[139.34944,34.77721],[139.34944,34.77721],[139.34944,34.77721]]],[[[139.40157,34.6819],[139.40157,34.6819],[139.40157,34.6819],[139.40157,34.6819]]],[[[139.44214,34.75097],[139.44214,34.75097],[139.44214,34.75097],[139.44214,34.75097]]],[[[139.39364,34.78987],[139.39364,34.78987],[139.39364,34.78987],[139.39364,34.78987]]],[[[139.43147,34.67842],[139.43147,34.67842],[139.43147,34.67842],[139.43147,34.67842]]],[[[139.44292,34.74851],[139.44292,34.74851],[139.44292,34.74851],[139.44292,34.74851]]],[[[139.35486,34.79081],[139.35486,34.79081],[139.35486,34.79081],[139.35486,34.79081]]],[[[139.44897,34.73829],[139.44897,34.73829],[139.44897,34.73829],[139.44897,34.73829]]],[[[139.35888,34.70302],[139.35888,34.70302],[139.35888,34.70302],[139.35888,34.70302]]],[[[139.4281,34.77639],[139.4281,34.77639],[139.4281,34.77639],[139.4281,34.77639]]],[[[139.44915,34.71339],[139.44915,34.71339],[139.44915,34.71339],[139.44915,34.71339]]],[[[139.41378,34.78548],[139.41378,34.78548],[139.41378,34.78548],[139.41378,34.78548]]],[[[139.39985,34.68375],[139.39985,34.68375],[139.39985,34.68375],[139.39985,34.68375]]],[[[139.44642,34.6904],[139.44642,34.6904],[139.44642,34.6904],[139.44642,34.6904]]],[[[139.43402,34.67758],[139.43402,34.67758],[139.43402,34.67758],[139.43402,34.67758]]],[[[139.35313,34.7878],[139.35313,34.7878],[139.35313,34.7878],[139.35313,34.7878]]],[[[139.35414,34.79059],[139.35414,34.79059],[139.35414,34.79059],[139.35414,34.79059]]],[[[139.38609,34.68999],[139.38609,34.68999],[139.38609,34.68999],[139.38609,34.68999]]],[[[139.44551,34.70257],[139.44551,34.70257],[139.44551,34.70257],[139.44551,34.70257]]],[[[139.35453,34.79052],[139.35453,34.79052],[139.35453,34.79052],[139.35453,34.79052]]],[[[139.35458,34.79037],[139.35458,34.79037],[139.35458,34.79037],[139.35458,34.79037]]],[[[139.35513,34.79106],[139.35513,34.79106],[139.35513,34.79106],[139.35513,34.79106]]],[[[139.4427,34.74971],[139.4427,34.74971],[139.4427,34.74971],[139.4427,34.74971]]],[[[139.39973,34.68358],[139.39973,34.68358],[139.39973,34.68358],[139.39973,34.68358]]],[[[139.351,34.77026],[139.351,34.77026],[139.351,34.77026],[139.351,34.77026]]],[[[139.35656,34.71434],[139.35656,34.71434],[139.35656,34.71434],[139.35656,34.71434]]],[[[139.39993,34.68367],[139.39993,34.68367],[139.39993,34.68367],[139.39993,34.68367]]],[[[139.35025,34.77337],[139.35025,34.77337],[139.35025,34.77337],[139.35025,34.77337]]],[[[139.3535,34.78859],[139.3535,34.78859],[139.3535,34.78859],[139.3535,34.78859]]],[[[139.40635,34.78747],[139.40635,34.78747],[139.40635,34.78747],[139.40635,34.78747]]],[[[139.40105,34.68218],[139.40105,34.68218],[139.40105,34.68218],[139.40105,34.68218]]],[[[139.39416,34.68691],[139.39416,34.68691],[139.39416,34.68691],[139.39416,34.68691]]],[[[139.36429,34.70054],[139.36429,34.70054],[139.36429,34.70054],[139.36429,34.70054]]],[[[139.39734,34.68346],[139.39734,34.68346],[139.39734,34.68346],[139.39734,34.68346]]],[[[139.35522,34.79162],[139.35522,34.79162],[139.35522,34.79162],[139.35522,34.79162]]],[[[139.39881,34.6837],[139.39881,34.6837],[139.39881,34.6837],[139.39881,34.6837]]],[[[139.39977,34.68379],[139.39977,34.68379],[139.39977,34.68379],[139.39977,34.68379]]],[[[139.3967,34.68324],[139.3967,34.68324],[139.3967,34.68324],[139.3967,34.68324]]],[[[139.37645,34.69572],[139.37645,34.69572],[139.37645,34.69572],[139.37645,34.69572]]],[[[139.39106,34.68741],[139.39106,34.68741],[139.39106,34.68741],[139.39106,34.68741]]],[[[139.35312,34.78794],[139.35312,34.78794],[139.35312,34.78794],[139.35312,34.78794]]],[[[139.353,34.72962],[139.353,34.72962],[139.353,34.72962],[139.353,34.72962]]],[[[139.44946,34.71826],[139.44946,34.71826],[139.44946,34.71826],[139.44946,34.71826]]],[[[139.34947,34.77429],[139.34947,34.77429],[139.34947,34.77429],[139.34947,34.77429]]],[[[139.42716,34.77705],[139.42716,34.77705],[139.42716,34.77705],[139.42716,34.77705]]],[[[139.40548,34.68161],[139.40548,34.68161],[139.40548,34.68161],[139.40548,34.68161]]],[[[139.35994,34.70717],[139.35994,34.70717],[139.35994,34.70717],[139.35994,34.70717]]],[[[139.38854,34.68889],[139.38854,34.68889],[139.38854,34.68889],[139.38854,34.68889]]],[[[139.40094,34.68223],[139.40094,34.68223],[139.40094,34.68223],[139.40094,34.68223]]],[[[139.35149,34.76896],[139.35149,34.76896],[139.35149,34.76896],[139.35149,34.76896]]],[[[139.44167,34.75568],[139.44167,34.75568],[139.44167,34.75568],[139.44167,34.75568]]],[[[139.41416,34.7849],[139.41416,34.7849],[139.41416,34.7849],[139.41416,34.7849]]],[[[139.44084,34.75248],[139.44084,34.75248],[139.44084,34.75248],[139.44084,34.75248]]],[[[139.38826,34.68901],[139.38826,34.68901],[139.38826,34.68901],[139.38826,34.68901]]],[[[139.44623,34.70089],[139.44623,34.70089],[139.44623,34.70089],[139.44623,34.70089]]],[[[139.4022,34.68189],[139.4022,34.68189],[139.4022,34.68189],[139.4022,34.68189]]],[[[139.39483,34.68567],[139.39483,34.68567],[139.39483,34.68567],[139.39483,34.68567]]],[[[139.39833,34.6836],[139.39833,34.6836],[139.39833,34.6836],[139.39833,34.6836]]],[[[139.38811,34.68897],[139.38811,34.68897],[139.38811,34.68897],[139.38811,34.68897]]],[[[139.43136,34.67835],[139.43136,34.67835],[139.43136,34.67835],[139.43136,34.67835]]],[[[139.43132,34.6782],[139.43132,34.6782],[139.43132,34.6782],[139.43132,34.6782]]],[[[139.35882,34.70373],[139.35882,34.70373],[139.35882,34.70373],[139.35882,34.70373]]],[[[139.35322,34.72959],[139.35322,34.72959],[139.35322,34.72959],[139.35322,34.72959]]],[[[139.40013,34.68253],[139.40013,34.68253],[139.40013,34.68253],[139.40013,34.68253]]],[[[139.36948,34.69983],[139.36948,34.69983],[139.36948,34.69983],[139.36948,34.69983]]],[[[139.43064,34.678],[139.43064,34.678],[139.43064,34.678],[139.43064,34.678]]],[[[139.4456,34.70233],[139.4456,34.70233],[139.4456,34.70233],[139.4456,34.70233]]],[[[139.42994,34.67813],[139.42994,34.67813],[139.42994,34.67813],[139.42994,34.67813]]],[[[139.448,34.7449],[139.448,34.7449],[139.448,34.7449],[139.448,34.7449]]],[[[139.39458,34.68561],[139.39458,34.68561],[139.39458,34.68561],[139.39458,34.68561]]],[[[139.39669,34.68362],[139.39669,34.68362],[139.39669,34.68362],[139.39669,34.68362]]],[[[139.36055,34.7992],[139.36055,34.7992],[139.36055,34.7992],[139.36055,34.7992]]],[[[139.4479,34.74493],[139.4479,34.74493],[139.4479,34.74493],[139.4479,34.74493]]],[[[139.35971,34.70591],[139.35971,34.70591],[139.35971,34.70591],[139.35971,34.70591]]],[[[139.44835,34.72027],[139.44835,34.72027],[139.44835,34.72027],[139.44835,34.72027]]],[[[139.40137,34.68193],[139.40137,34.68193],[139.40137,34.68193],[139.40137,34.68193]]],[[[139.44266,34.7494],[139.44266,34.7494],[139.44266,34.7494],[139.44266,34.7494]]],[[[139.44529,34.74775],[139.44529,34.74775],[139.44529,34.74775],[139.44529,34.74775]]],[[[139.41345,34.78559],[139.41345,34.78559],[139.41345,34.78559],[139.41345,34.78559]]],[[[139.35787,34.71299],[139.35787,34.71299],[139.35787,34.71299],[139.35787,34.71299]]],[[[139.39607,34.68365],[139.39607,34.68365],[139.39607,34.68365],[139.39607,34.68365]]],[[[139.35773,34.71309],[139.35773,34.71309],[139.35773,34.71309],[139.35773,34.71309]]],[[[139.44692,34.746],[139.44692,34.746],[139.44692,34.746],[139.44692,34.746]]],[[[139.35571,34.79156],[139.35571,34.79156],[139.35571,34.79156],[139.35571,34.79156]]],[[[139.37591,34.79501],[139.37591,34.79501],[139.37591,34.79501],[139.37591,34.79501]]],[[[139.42801,34.77661],[139.42801,34.77661],[139.42801,34.77661],[139.42801,34.77661]]],[[[139.36019,34.70808],[139.36019,34.70808],[139.36019,34.70808],[139.36019,34.70808]]],[[[139.40502,34.68199],[139.40502,34.68199],[139.40502,34.68199],[139.40502,34.68199]]],[[[139.42716,34.77705],[139.42716,34.77705],[139.42716,34.77705],[139.42716,34.77705]]],[[[139.35298,34.78746],[139.35298,34.78746],[139.35298,34.78746],[139.35298,34.78746]]],[[[139.44266,34.74968],[139.44266,34.74968],[139.44266,34.74968],[139.44266,34.74968]]],[[[139.35768,34.71318],[139.35768,34.71318],[139.35768,34.71318],[139.35768,34.71318]]],[[[139.38149,34.79381],[139.38149,34.79381],[139.38149,34.79381],[139.38149,34.79381]]],[[[139.34968,34.77954],[139.34968,34.77954],[139.34968,34.77954],[139.34968,34.77954]]],[[[139.44114,34.75727],[139.44114,34.75727],[139.44114,34.75727],[139.44114,34.75727]]],[[[139.35774,34.7132],[139.35774,34.7132],[139.35774,34.7132],[139.35774,34.7132]]],[[[139.42941,34.67923],[139.42941,34.67923],[139.42941,34.67923],[139.42941,34.67923]]],[[[139.43115,34.67807],[139.43115,34.67807],[139.43115,34.67807],[139.43115,34.67807]]],[[[139.34906,34.77802],[139.34906,34.77802],[139.34906,34.77802],[139.34906,34.77802]]],[[[139.35886,34.70329],[139.35886,34.70329],[139.35886,34.70329],[139.35886,34.70329]]],[[[139.40237,34.68181],[139.40237,34.68181],[139.40237,34.68181],[139.40237,34.68181]]],[[[139.4022,34.68178],[139.4022,34.68178],[139.4022,34.68178],[139.4022,34.68178]]],[[[139.42959,34.6792],[139.42959,34.6792],[139.42959,34.6792],[139.42959,34.6792]]],[[[139.39963,34.68366],[139.39963,34.68366],[139.39963,34.68366],[139.39963,34.68366]]],[[[139.44022,34.68029],[139.44022,34.68029],[139.44022,34.68029],[139.44022,34.68029]]],[[[139.44552,34.73562],[139.44552,34.73562],[139.44552,34.73562],[139.44552,34.73562]]],[[[139.42794,34.77656],[139.42794,34.77656],[139.42794,34.77656],[139.42794,34.77656]]],[[[139.43944,34.76116],[139.43944,34.76116],[139.43944,34.76116],[139.43944,34.76116]]],[[[139.35319,34.74446],[139.35319,34.74446],[139.35319,34.74446],[139.35319,34.74446]]],[[[139.40018,34.68294],[139.40018,34.68294],[139.40018,34.68294],[139.40018,34.68294]]],[[[139.36005,34.70786],[139.36005,34.70786],[139.36005,34.70786],[139.36005,34.70786]]],[[[139.35974,34.70618],[139.35974,34.70618],[139.35974,34.70618],[139.35974,34.70618]]],[[[139.44028,34.68039],[139.44028,34.68039],[139.44028,34.68039],[139.44028,34.68039]]],[[[139.3955,34.68384],[139.3955,34.68384],[139.3955,34.68384],[139.3955,34.68384]]],[[[139.44456,34.68871],[139.44456,34.68871],[139.44456,34.68871],[139.44456,34.68871]]],[[[139.38796,34.68878],[139.38796,34.68878],[139.38796,34.68878],[139.38796,34.68878]]],[[[139.39494,34.68455],[139.39494,34.68455],[139.39494,34.68455],[139.39494,34.68455]]],[[[139.39561,34.68428],[139.39561,34.68428],[139.39561,34.68428],[139.39561,34.68428]]],[[[139.40525,34.68189],[139.40525,34.68189],[139.40525,34.68189],[139.40525,34.68189]]],[[[139.38773,34.6888],[139.38773,34.6888],[139.38773,34.6888],[139.38773,34.6888]]],[[[139.40525,34.68178],[139.40525,34.68178],[139.40525,34.68178],[139.40525,34.68178]]],[[[139.39485,34.68451],[139.39485,34.68451],[139.39485,34.68451],[139.39485,34.68451]]],[[[139.44561,34.74765],[139.44561,34.74765],[139.44561,34.74765],[139.44561,34.74765]]],[[[139.39664,34.68357],[139.39664,34.68357],[139.39664,34.68357],[139.39664,34.68357]]],[[[139.39579,34.68345],[139.39579,34.68345],[139.39579,34.68345],[139.39579,34.68345]]],[[[139.34954,34.77424],[139.34954,34.77424],[139.34954,34.77424],[139.34954,34.77424]]],[[[139.35962,34.70596],[139.35962,34.70596],[139.35962,34.70596],[139.35962,34.70596]]],[[[139.38597,34.69035],[139.38597,34.69035],[139.38597,34.69035],[139.38597,34.69035]]],[[[139.3594,34.71188],[139.3594,34.71188],[139.3594,34.71188],[139.3594,34.71188]]],[[[139.40013,34.68237],[139.40013,34.68237],[139.40013,34.68237],[139.40013,34.68237]]],[[[139.44875,34.74206],[139.44875,34.74206],[139.44875,34.74206],[139.44875,34.74206]]],[[[139.3496,34.78069],[139.3496,34.78069],[139.3496,34.78069],[139.3496,34.78069]]],[[[139.34947,34.78092],[139.34947,34.78092],[139.34947,34.78092],[139.34947,34.78092]]],[[[139.34971,34.78085],[139.34971,34.78085],[139.34971,34.78085],[139.34971,34.78085]]],[[[139.34963,34.78054],[139.34963,34.78054],[139.34963,34.78054],[139.34963,34.78054]]],[[[139.44913,34.71864],[139.44913,34.71864],[139.44913,34.71864],[139.44913,34.71864]]],[[[139.38466,34.69197],[139.38466,34.69197],[139.38466,34.69197],[139.38466,34.69197]]],[[[139.38517,34.6913],[139.38517,34.6913],[139.38517,34.6913],[139.38517,34.6913]]],[[[139.4024,34.68202],[139.4024,34.68202],[139.4024,34.68202],[139.4024,34.68202]]],[[[139.35909,34.71222],[139.35909,34.71222],[139.35909,34.71222],[139.35909,34.71222]]],[[[139.41725,34.78312],[139.41725,34.78312],[139.41725,34.78312],[139.41725,34.78312]]],[[[139.38643,34.69],[139.38643,34.69],[139.38643,34.69],[139.38643,34.69]]],[[[139.44624,34.69041],[139.44624,34.69041],[139.44624,34.69041],[139.44624,34.69041]]],[[[139.3696,34.69982],[139.3696,34.69982],[139.3696,34.69982],[139.3696,34.69982]]],[[[139.38627,34.69009],[139.38627,34.69009],[139.38627,34.69009],[139.38627,34.69009]]],[[[139.39313,34.68699],[139.39313,34.68699],[139.39313,34.68699],[139.39313,34.68699]]],[[[139.44006,34.67949],[139.44006,34.67949],[139.44006,34.67949],[139.44006,34.67949]]],[[[139.40262,34.68196],[139.40262,34.68196],[139.40262,34.68196],[139.40262,34.68196]]],[[[139.3964,34.68357],[139.3964,34.68357],[139.3964,34.68357],[139.3964,34.68357]]],[[[139.44838,34.72015],[139.44838,34.72015],[139.44838,34.72015],[139.44838,34.72015]]],[[[139.3962,34.68373],[139.3962,34.68373],[139.3962,34.68373],[139.3962,34.68373]]],[[[139.43791,34.67849],[139.43791,34.67849],[139.43791,34.67849],[139.43791,34.67849]]],[[[139.4493,34.71352],[139.4493,34.71352],[139.4493,34.71352],[139.4493,34.71352]]],[[[139.40248,34.68201],[139.40248,34.68201],[139.40248,34.68201],[139.40248,34.68201]]],[[[139.44016,34.67957],[139.44016,34.67957],[139.44016,34.67957],[139.44016,34.67957]]],[[[139.38589,34.69025],[139.38589,34.69025],[139.38589,34.69025],[139.38589,34.69025]]],[[[139.42656,34.77763],[139.42656,34.77763],[139.42656,34.77763],[139.42656,34.77763]]],[[[139.3955,34.68356],[139.3955,34.68356],[139.3955,34.68356],[139.3955,34.68356]]],[[[139.40258,34.68203],[139.40258,34.68203],[139.40258,34.68203],[139.40258,34.68203]]],[[[139.34961,34.77933],[139.34961,34.77933],[139.34961,34.77933],[139.34961,34.77933]]],[[[139.448,34.72048],[139.448,34.72048],[139.448,34.72048],[139.448,34.72048]]],[[[139.40535,34.68174],[139.40535,34.68174],[139.40535,34.68174],[139.40535,34.68174]]],[[[139.44611,34.6901],[139.44611,34.6901],[139.44611,34.6901],[139.44611,34.6901]]],[[[139.44539,34.74787],[139.44539,34.74787],[139.44539,34.74787],[139.44539,34.74787]]],[[[139.35974,34.70686],[139.35974,34.70686],[139.35974,34.70686],[139.35974,34.70686]]],[[[139.34954,34.78097],[139.34954,34.78097],[139.34954,34.78097],[139.34954,34.78097]]],[[[139.38502,34.69204],[139.38502,34.69204],[139.38502,34.69204],[139.38502,34.69204]]],[[[139.44538,34.74772],[139.44538,34.74772],[139.44538,34.74772],[139.44538,34.74772]]],[[[139.39472,34.68556],[139.39472,34.68556],[139.39472,34.68556],[139.39472,34.68556]]],[[[139.4315,34.67821],[139.4315,34.67821],[139.4315,34.67821],[139.4315,34.67821]]],[[[139.35855,34.71268],[139.35855,34.71268],[139.35855,34.71268],[139.35855,34.71268]]],[[[139.44018,34.68035],[139.44018,34.68035],[139.44018,34.68035],[139.44018,34.68035]]],[[[139.40229,34.68192],[139.40229,34.68192],[139.40229,34.68192],[139.40229,34.68192]]],[[[139.44528,34.74768],[139.44528,34.74768],[139.44528,34.74768],[139.44528,34.74768]]],[[[139.35551,34.79146],[139.35551,34.79146],[139.35551,34.79146],[139.35551,34.79146]]],[[[139.35295,34.7449],[139.35295,34.7449],[139.35295,34.7449],[139.35295,34.7449]]],[[[139.38628,34.69001],[139.38628,34.69001],[139.38628,34.69001],[139.38628,34.69001]]],[[[139.44697,34.74575],[139.44697,34.74575],[139.44697,34.74575],[139.44697,34.74575]]],[[[139.3588,34.71242],[139.3588,34.71242],[139.3588,34.71242],[139.3588,34.71242]]],[[[139.43735,34.76584],[139.43735,34.76584],[139.43735,34.76584],[139.43735,34.76584]]],[[[139.40084,34.68226],[139.40084,34.68226],[139.40084,34.68226],[139.40084,34.68226]]],[[[139.43783,34.6784],[139.43783,34.6784],[139.43783,34.6784],[139.43783,34.6784]]],[[[139.4461,34.69042],[139.4461,34.69042],[139.4461,34.69042],[139.4461,34.69042]]],[[[139.41392,34.78467],[139.41392,34.78467],[139.41392,34.78467],[139.41392,34.78467]]],[[[139.44872,34.74223],[139.44872,34.74223],[139.44872,34.74223],[139.44872,34.74223]]],[[[139.44608,34.7009],[139.44608,34.7009],[139.44608,34.7009],[139.44608,34.7009]]],[[[139.386,34.69029],[139.386,34.69029],[139.386,34.69029],[139.386,34.69029]]],[[[139.41395,34.78475],[139.41395,34.78475],[139.41395,34.78475],[139.41395,34.78475]]],[[[139.43806,34.67843],[139.43806,34.67843],[139.43806,34.67843],[139.43806,34.67843]]],[[[139.41407,34.78472],[139.41407,34.78472],[139.41407,34.78472],[139.41407,34.78472]]],[[[139.44568,34.74758],[139.44568,34.74758],[139.44568,34.74758],[139.44568,34.74758]]],[[[139.35305,34.74486],[139.35305,34.74486],[139.35305,34.74486],[139.35305,34.74486]]],[[[139.44543,34.71086],[139.44543,34.71086],[139.44543,34.71086],[139.44543,34.71086]]],[[[139.4401,34.67965],[139.4401,34.67965],[139.4401,34.67965],[139.4401,34.67965]]],[[[139.44551,34.7477],[139.44551,34.7477],[139.44551,34.7477],[139.44551,34.7477]]],[[[139.3998,34.68374],[139.3998,34.68374],[139.3998,34.68374],[139.3998,34.68374]]],[[[139.4401,34.67965],[139.4401,34.67965],[139.4401,34.67965],[139.4401,34.67965]]],[[[139.44103,34.7524],[139.44103,34.7524],[139.44103,34.7524],[139.44103,34.7524]]]]}},{"type":"Feature","id":"13362","properties":{"prefecture":"東京都","subPrefecture":null,"county":null,"municipality":"利島村","ward":null,"displayName":"利島村"},"geometry":{"type":"MultiPolygon","coordinates":[[[[139.27564,34.53189],[139.28282,34.53202],[139.28307,34.5324],[139.288,34.53037],[139.29174,34.52713],[139.29281,34.52474],[139.29105,34.52073],[139.28498,34.51557],[139.28176,34.51224],[139.27667,34.51095],[139.27238,34.51237],[139.26821,34.5173],[139.26739,34.52123],[139.26789,34.52515],[139.26953,34.52801],[139.27366,34.53184],[139.27564,34.53189]]],[[[139.29257,34.52565],[139.29257,34.52565],[139.29257,34.52565],[139.29257,34.52565]]],[[[139.28466,34.53202],[139.28466,34.53202],[139.28466,34.53202],[139.28466,34.53202]]],[[[139.29269,34.52545],[139.29269,34.52545],[139.29269,34.52545],[139.29269,34.52545]]],[[[139.26763,34.51844],[139.26763,34.51844],[139.26763,34.51844],[139.26763,34.51844]]],[[[139.29291,34.52374],[139.29291,34.52374],[139.29291,34.52374],[139.29291,34.52374]]],[[[139.26967,34.52822],[139.26967,34.52822],[139.26967,34.52822],[139.26967,34.52822]]],[[[139.29053,34.52864],[139.29053,34.52864],[139.29053,34.52864],[139.29053,34.52864]]],[[[139.28914,34.52964],[139.28914,34.52964],[139.28914,34.52964],[139.28914,34.52964]]],[[[139.28505,34.5153],[139.28505,34.5153],[139.28505,34.5153],[139.28505,34.5153]]],[[[139.2899,34.51964],[139.2899,34.51964],[139.2899,34.51964],[139.2899,34.51964]]],[[[139.26972,34.51488],[139.26972,34.51488],[139.26972,34.51488],[139.26972,34.51488]]],[[[139.2894,34.51925],[139.2894,34.51925],[139.2894,34.51925],[139.2894,34.51925]]],[[[139.27756,34.51083],[139.27756,34.51083],[139.27756,34.51083],[139.27756,34.51083]]],[[[139.29273,34.52314],[139.29273,34.52314],[139.29273,34.52314],[139.29273,34.52314]]]]}},{"type":"Feature","id":"13363","properties":{"prefecture":"東京都","subPrefecture":null,"county":null,"municipality":"新島村","ward":null,"displayName":"新島村"},"geometry":{"type":"MultiPolygon","coordinates":[[[[139.28787,34.41519],[139.28676,34.41417],[139.2866,34.41151],[139.29136,34.40817],[139.28926,34.40636],[139.28981,34.40288],[139.28839,34.40086],[139.28523,34.40008],[139.28311,34.39744],[139.28395,34.3946],[139.28197,34.39599],[139.27974,34.39363],[139.27788,34.39035],[139.27662,34.38317],[139.2758,34.36863],[139.27641,34.3493],[139.27547,34.34256],[139.27319,34.34075],[139.27223,34.33671],[139.27185,34.33089],[139.26603,34.33288],[139.26091,34.33414],[139.25775,34.33576],[139.25537,34.33827],[139.25256,34.3393],[139.25044,34.34196],[139.24906,34.34526],[139.24464,34.34827],[139.24457,34.35127],[139.24573,34.35434],[139.24524,34.35896],[139.24431,34.36122],[139.24203,34.36411],[139.24319,34.3652],[139.24334,34.36788],[139.23989,34.37065],[139.24164,34.37053],[139.24585,34.36787],[139.24892,34.37098],[139.25248,34.37649],[139.25474,34.38302],[139.25559,34.38383],[139.25728,34.39248],[139.25721,34.39515],[139.25511,34.39638],[139.2562,34.4016],[139.25897,34.40214],[139.26012,34.40406],[139.26328,34.40562],[139.26714,34.40825],[139.26611,34.41015],[139.26783,34.4118],[139.26702,34.41338],[139.26869,34.41539],[139.27244,34.41668],[139.27477,34.41684],[139.27386,34.41528],[139.27643,34.41577],[139.27948,34.41799],[139.28115,34.42084],[139.28173,34.42418],[139.28052,34.42686],[139.28034,34.42947],[139.27852,34.43118],[139.28345,34.43041],[139.28436,34.42846],[139.28766,34.42784],[139.28845,34.42552],[139.2906,34.42415],[139.29112,34.41922],[139.28787,34.41519]]],[[[139.19954,34.32512],[139.20171,34.32597],[139.20026,34.32904],[139.20176,34.32907],[139.20373,34.32736],[139.20471,34.32851],[139.20659,34.32826],[139.20645,34.32993],[139.20857,34.33025],[139.20675,34.33497],[139.20685,34.33515],[139.20874,34.33489],[139.20968,34.33682],[139.21092,34.33588],[139.21284,34.33695],[139.21422,34.33488],[139.21552,34.33537],[139.21411,34.33249],[139.21767,34.3342],[139.21833,34.33286],[139.22088,34.33259],[139.22385,34.33082],[139.22551,34.33093],[139.22697,34.32618],[139.22581,34.32593],[139.22514,34.32348],[139.2223,34.32364],[139.21782,34.32006],[139.21663,34.31755],[139.21486,34.31773],[139.21348,34.31614],[139.2114,34.31826],[139.20808,34.31749],[139.20671,34.31936],[139.20747,34.32112],[139.20384,34.32175],[139.20235,34.32038],[139.20133,34.31639],[139.19775,34.31604],[139.19738,34.31754],[139.19489,34.31821],[139.19392,34.32025],[139.19548,34.3228],[139.19954,34.32512]]],[[[139.28651,34.47835],[139.28888,34.47783],[139.28861,34.47683],[139.29743,34.473],[139.29935,34.47143],[139.29847,34.46989],[139.29167,34.47013],[139.29181,34.47109],[139.28946,34.47506],[139.28651,34.47835]]],[[[139.22443,34.37561],[139.22946,34.37194],[139.22846,34.36874],[139.22876,34.36736],[139.22591,34.36783],[139.22791,34.36996],[139.22766,34.37146],[139.22444,34.3734],[139.22443,34.37561]]],[[[139.27601,34.3274],[139.27756,34.32733],[139.28049,34.32481],[139.27744,34.32414],[139.27519,34.32595],[139.27601,34.3274]]],[[[139.21057,34.33837],[139.2124,34.33682],[139.20961,34.33781],[139.21057,34.33837]]],[[[139.22368,34.32223],[139.22368,34.32223],[139.22368,34.32223],[139.22368,34.32223]]],[[[139.28203,34.47774],[139.28203,34.47774],[139.28203,34.47774],[139.28203,34.47774]]],[[[139.20154,34.31599],[139.20154,34.31599],[139.20154,34.31599],[139.20154,34.31599]]],[[[139.22624,34.32495],[139.22624,34.32495],[139.22624,34.32495],[139.22624,34.32495]]],[[[139.29212,34.46904],[139.29212,34.46904],[139.29212,34.46904],[139.29212,34.46904]]],[[[139.22278,34.37434],[139.22278,34.37434],[139.22278,34.37434],[139.22278,34.37434]]],[[[139.22917,34.36616],[139.22917,34.36616],[139.22917,34.36616],[139.22917,34.36616]]],[[[139.30097,34.47392],[139.30097,34.47392],[139.30097,34.47392],[139.30097,34.47392]]],[[[139.20836,34.33636],[139.20836,34.33636],[139.20836,34.33636],[139.20836,34.33636]]],[[[139.22652,34.33045],[139.22652,34.33045],[139.22652,34.33045],[139.22652,34.33045]]],[[[139.2855,34.43072],[139.2855,34.43072],[139.2855,34.43072],[139.2855,34.43072]]],[[[139.20227,34.32927],[139.20227,34.32927],[139.20227,34.32927],[139.20227,34.32927]]],[[[139.3011,34.47253],[139.3011,34.47253],[139.3011,34.47253],[139.3011,34.47253]]],[[[139.21625,34.31673],[139.21625,34.31673],[139.21625,34.31673],[139.21625,34.31673]]],[[[139.29298,34.41856],[139.29298,34.41856],[139.29298,34.41856],[139.29298,34.41856]]],[[[139.20821,34.31702],[139.20821,34.31702],[139.20821,34.31702],[139.20821,34.31702]]],[[[139.29602,34.47493],[139.29602,34.47493],[139.29602,34.47493],[139.29602,34.47493]]],[[[139.22067,34.32182],[139.22067,34.32182],[139.22067,34.32182],[139.22067,34.32182]]],[[[139.21124,34.31594],[139.21124,34.31594],[139.21124,34.31594],[139.21124,34.31594]]],[[[139.20682,34.33117],[139.20682,34.33117],[139.20682,34.33117],[139.20682,34.33117]]],[[[139.28677,34.39818],[139.28677,34.39818],[139.28677,34.39818],[139.28677,34.39818]]],[[[139.22938,34.36468],[139.22938,34.36468],[139.22938,34.36468],[139.22938,34.36468]]],[[[139.22694,34.33019],[139.22694,34.33019],[139.22694,34.33019],[139.22694,34.33019]]],[[[139.22417,34.31894],[139.22417,34.31894],[139.22417,34.31894],[139.22417,34.31894]]],[[[139.2076,34.33573],[139.2076,34.33573],[139.2076,34.33573],[139.2076,34.33573]]],[[[139.22171,34.37462],[139.22171,34.37462],[139.22171,34.37462],[139.22171,34.37462]]],[[[139.29208,34.41673],[139.29208,34.41673],[139.29208,34.41673],[139.29208,34.41673]]],[[[139.21788,34.31718],[139.21788,34.31718],[139.21788,34.31718],[139.21788,34.31718]]],[[[139.22519,34.32158],[139.22519,34.32158],[139.22519,34.32158],[139.22519,34.32158]]],[[[139.22524,34.32061],[139.22524,34.32061],[139.22524,34.32061],[139.22524,34.32061]]],[[[139.22921,34.36538],[139.22921,34.36538],[139.22921,34.36538],[139.22921,34.36538]]],[[[139.28157,34.47897],[139.28157,34.47897],[139.28157,34.47897],[139.28157,34.47897]]],[[[139.19539,34.31718],[139.19539,34.31718],[139.19539,34.31718],[139.19539,34.31718]]],[[[139.20944,34.31733],[139.20944,34.31733],[139.20944,34.31733],[139.20944,34.31733]]],[[[139.26586,34.41101],[139.26586,34.41101],[139.26586,34.41101],[139.26586,34.41101]]],[[[139.2197,34.31841],[139.2197,34.31841],[139.2197,34.31841],[139.2197,34.31841]]],[[[139.30179,34.47269],[139.30179,34.47269],[139.30179,34.47269],[139.30179,34.47269]]],[[[139.2091,34.31591],[139.2091,34.31591],[139.2091,34.31591],[139.2091,34.31591]]],[[[139.28521,34.39787],[139.28521,34.39787],[139.28521,34.39787],[139.28521,34.39787]]],[[[139.21821,34.31769],[139.21821,34.31769],[139.21821,34.31769],[139.21821,34.31769]]],[[[139.30239,34.47299],[139.30239,34.47299],[139.30239,34.47299],[139.30239,34.47299]]],[[[139.22461,34.321],[139.22461,34.321],[139.22461,34.321],[139.22461,34.321]]],[[[139.22655,34.32468],[139.22655,34.32468],[139.22655,34.32468],[139.22655,34.32468]]],[[[139.22684,34.3285],[139.22684,34.3285],[139.22684,34.3285],[139.22684,34.3285]]],[[[139.28618,34.47843],[139.28618,34.47843],[139.28618,34.47843],[139.28618,34.47843]]],[[[139.26596,34.41162],[139.26596,34.41162],[139.26596,34.41162],[139.26596,34.41162]]],[[[139.2171,34.31627],[139.2171,34.31627],[139.2171,34.31627],[139.2171,34.31627]]],[[[139.29168,34.41708],[139.29168,34.41708],[139.29168,34.41708],[139.29168,34.41708]]],[[[139.21277,34.31577],[139.21277,34.31577],[139.21277,34.31577],[139.21277,34.31577]]],[[[139.22504,34.3217],[139.22504,34.3217],[139.22504,34.3217],[139.22504,34.3217]]],[[[139.22783,34.32823],[139.22783,34.32823],[139.22783,34.32823],[139.22783,34.32823]]],[[[139.22248,34.37363],[139.22248,34.37363],[139.22248,34.37363],[139.22248,34.37363]]],[[[139.22893,34.36623],[139.22893,34.36623],[139.22893,34.36623],[139.22893,34.36623]]],[[[139.26267,34.41505],[139.26267,34.41505],[139.26267,34.41505],[139.26267,34.41505]]],[[[139.22825,34.36703],[139.22825,34.36703],[139.22825,34.36703],[139.22825,34.36703]]],[[[139.2104,34.31527],[139.2104,34.31527],[139.2104,34.31527],[139.2104,34.31527]]],[[[139.25785,34.40229],[139.25785,34.40229],[139.25785,34.40229],[139.25785,34.40229]]],[[[139.20508,34.32957],[139.20508,34.32957],[139.20508,34.32957],[139.20508,34.32957]]],[[[139.22707,34.37041],[139.22707,34.37041],[139.22707,34.37041],[139.22707,34.37041]]],[[[139.2223,34.37378],[139.2223,34.37378],[139.2223,34.37378],[139.2223,34.37378]]],[[[139.20565,34.33149],[139.20565,34.33149],[139.20565,34.33149],[139.20565,34.33149]]],[[[139.20681,34.32132],[139.20681,34.32132],[139.20681,34.32132],[139.20681,34.32132]]],[[[139.22414,34.32318],[139.22414,34.32318],[139.22414,34.32318],[139.22414,34.32318]]],[[[139.22583,34.33043],[139.22583,34.33043],[139.22583,34.33043],[139.22583,34.33043]]],[[[139.21879,34.3187],[139.21879,34.3187],[139.21879,34.3187],[139.21879,34.3187]]],[[[139.22373,34.37303],[139.22373,34.37303],[139.22373,34.37303],[139.22373,34.37303]]],[[[139.29148,34.42142],[139.29148,34.42142],[139.29148,34.42142],[139.29148,34.42142]]],[[[139.22534,34.37255],[139.22534,34.37255],[139.22534,34.37255],[139.22534,34.37255]]],[[[139.21851,34.31714],[139.21851,34.31714],[139.21851,34.31714],[139.21851,34.31714]]],[[[139.22909,34.36537],[139.22909,34.36537],[139.22909,34.36537],[139.22909,34.36537]]],[[[139.22357,34.32147],[139.22357,34.32147],[139.22357,34.32147],[139.22357,34.32147]]],[[[139.21987,34.32044],[139.21987,34.32044],[139.21987,34.32044],[139.21987,34.32044]]],[[[139.30068,34.47329],[139.30068,34.47329],[139.30068,34.47329],[139.30068,34.47329]]],[[[139.22915,34.36788],[139.22915,34.36788],[139.22915,34.36788],[139.22915,34.36788]]],[[[139.22659,34.36654],[139.22659,34.36654],[139.22659,34.36654],[139.22659,34.36654]]],[[[139.22368,34.37399],[139.22368,34.37399],[139.22368,34.37399],[139.22368,34.37399]]],[[[139.21756,34.31828],[139.21756,34.31828],[139.21756,34.31828],[139.21756,34.31828]]],[[[139.22516,34.37226],[139.22516,34.37226],[139.22516,34.37226],[139.22516,34.37226]]],[[[139.22703,34.36943],[139.22703,34.36943],[139.22703,34.36943],[139.22703,34.36943]]],[[[139.20001,34.32918],[139.20001,34.32918],[139.20001,34.32918],[139.20001,34.32918]]],[[[139.29119,34.46895],[139.29119,34.46895],[139.29119,34.46895],[139.29119,34.46895]]],[[[139.29189,34.41669],[139.29189,34.41669],[139.29189,34.41669],[139.29189,34.41669]]],[[[139.22404,34.37317],[139.22404,34.37317],[139.22404,34.37317],[139.22404,34.37317]]],[[[139.28071,34.4792],[139.28071,34.4792],[139.28071,34.4792],[139.28071,34.4792]]],[[[139.22488,34.32076],[139.22488,34.32076],[139.22488,34.32076],[139.22488,34.32076]]],[[[139.26626,34.4109],[139.26626,34.4109],[139.26626,34.4109],[139.26626,34.4109]]],[[[139.27673,34.32772],[139.27673,34.32772],[139.27673,34.32772],[139.27673,34.32772]]],[[[139.22073,34.32056],[139.22073,34.32056],[139.22073,34.32056],[139.22073,34.32056]]],[[[139.25552,34.39949],[139.25552,34.39949],[139.25552,34.39949],[139.25552,34.39949]]],[[[139.22839,34.36526],[139.22839,34.36526],[139.22839,34.36526],[139.22839,34.36526]]],[[[139.2871,34.39856],[139.2871,34.39856],[139.2871,34.39856],[139.2871,34.39856]]],[[[139.20615,34.32904],[139.20615,34.32904],[139.20615,34.32904],[139.20615,34.32904]]],[[[139.20699,34.31976],[139.20699,34.31976],[139.20699,34.31976],[139.20699,34.31976]]],[[[139.25511,34.39981],[139.25511,34.39981],[139.25511,34.39981],[139.25511,34.39981]]],[[[139.21506,34.3168],[139.21506,34.3168],[139.21506,34.3168],[139.21506,34.3168]]],[[[139.22479,34.37259],[139.22479,34.37259],[139.22479,34.37259],[139.22479,34.37259]]],[[[139.28636,34.39838],[139.28636,34.39838],[139.28636,34.39838],[139.28636,34.39838]]],[[[139.22652,34.37485],[139.22652,34.37485],[139.22652,34.37485],[139.22652,34.37485]]],[[[139.20699,34.32096],[139.20699,34.32096],[139.20699,34.32096],[139.20699,34.32096]]],[[[139.22459,34.32303],[139.22459,34.32303],[139.22459,34.32303],[139.22459,34.32303]]],[[[139.20894,34.31745],[139.20894,34.31745],[139.20894,34.31745],[139.20894,34.31745]]],[[[139.20621,34.33142],[139.20621,34.33142],[139.20621,34.33142],[139.20621,34.33142]]],[[[139.22697,34.32924],[139.22697,34.32924],[139.22697,34.32924],[139.22697,34.32924]]],[[[139.25562,34.39959],[139.25562,34.39959],[139.25562,34.39959],[139.25562,34.39959]]],[[[139.2248,34.32417],[139.2248,34.32417],[139.2248,34.32417],[139.2248,34.32417]]],[[[139.28046,34.32427],[139.28046,34.32427],[139.28046,34.32427],[139.28046,34.32427]]],[[[139.26607,34.41054],[139.26607,34.41054],[139.26607,34.41054],[139.26607,34.41054]]],[[[139.22662,34.32746],[139.22662,34.32746],[139.22662,34.32746],[139.22662,34.32746]]],[[[139.20729,34.33147],[139.20729,34.33147],[139.20729,34.33147],[139.20729,34.33147]]],[[[139.21827,34.31926],[139.21827,34.31926],[139.21827,34.31926],[139.21827,34.31926]]],[[[139.2246,34.3729],[139.2246,34.3729],[139.2246,34.3729],[139.2246,34.3729]]],[[[139.22537,34.32392],[139.22537,34.32392],[139.22537,34.32392],[139.22537,34.32392]]],[[[139.21064,34.31523],[139.21064,34.31523],[139.21064,34.31523],[139.21064,34.31523]]],[[[139.22589,34.36932],[139.22589,34.36932],[139.22589,34.36932],[139.22589,34.36932]]],[[[139.19458,34.31641],[139.19458,34.31641],[139.19458,34.31641],[139.19458,34.31641]]],[[[139.22701,34.36678],[139.22701,34.36678],[139.22701,34.36678],[139.22701,34.36678]]],[[[139.21454,34.3355],[139.21454,34.3355],[139.21454,34.3355],[139.21454,34.3355]]],[[[139.23987,34.36496],[139.23987,34.36496],[139.23987,34.36496],[139.23987,34.36496]]],[[[139.19524,34.31674],[139.19524,34.31674],[139.19524,34.31674],[139.19524,34.31674]]],[[[139.22809,34.36582],[139.22809,34.36582],[139.22809,34.36582],[139.22809,34.36582]]],[[[139.28266,34.47749],[139.28266,34.47749],[139.28266,34.47749],[139.28266,34.47749]]],[[[139.22128,34.32228],[139.22128,34.32228],[139.22128,34.32228],[139.22128,34.32228]]],[[[139.25722,34.40162],[139.25722,34.40162],[139.25722,34.40162],[139.25722,34.40162]]],[[[139.20083,34.32953],[139.20083,34.32953],[139.20083,34.32953],[139.20083,34.32953]]],[[[139.20877,34.3159],[139.20877,34.3159],[139.20877,34.3159],[139.20877,34.3159]]],[[[139.22662,34.32947],[139.22662,34.32947],[139.22662,34.32947],[139.22662,34.32947]]],[[[139.25497,34.39647],[139.25497,34.39647],[139.25497,34.39647],[139.25497,34.39647]]],[[[139.28959,34.47412],[139.28959,34.47412],[139.28959,34.47412],[139.28959,34.47412]]],[[[139.22488,34.37216],[139.22488,34.37216],[139.22488,34.37216],[139.22488,34.37216]]],[[[139.28074,34.32437],[139.28074,34.32437],[139.28074,34.32437],[139.28074,34.32437]]],[[[139.2277,34.3668],[139.2277,34.3668],[139.2277,34.3668],[139.2277,34.3668]]],[[[139.21664,34.33361],[139.21664,34.33361],[139.21664,34.33361],[139.21664,34.33361]]],[[[139.22967,34.37291],[139.22967,34.37291],[139.22967,34.37291],[139.22967,34.37291]]],[[[139.22531,34.36763],[139.22531,34.36763],[139.22531,34.36763],[139.22531,34.36763]]],[[[139.27703,34.32394],[139.27703,34.32394],[139.27703,34.32394],[139.27703,34.32394]]],[[[139.2242,34.32221],[139.2242,34.32221],[139.2242,34.32221],[139.2242,34.32221]]],[[[139.22962,34.37326],[139.22962,34.37326],[139.22962,34.37326],[139.22962,34.37326]]],[[[139.22557,34.32058],[139.22557,34.32058],[139.22557,34.32058],[139.22557,34.32058]]],[[[139.2234,34.3725],[139.2234,34.3725],[139.2234,34.3725],[139.2234,34.3725]]],[[[139.2071,34.33532],[139.2071,34.33532],[139.2071,34.33532],[139.2071,34.33532]]],[[[139.19581,34.31755],[139.19581,34.31755],[139.19581,34.31755],[139.19581,34.31755]]],[[[139.28586,34.39769],[139.28586,34.39769],[139.28586,34.39769],[139.28586,34.39769]]],[[[139.21103,34.3164],[139.21103,34.3164],[139.21103,34.3164],[139.21103,34.3164]]],[[[139.22952,34.3733],[139.22952,34.3733],[139.22952,34.3733],[139.22952,34.3733]]],[[[139.29471,34.47498],[139.29471,34.47498],[139.29471,34.47498],[139.29471,34.47498]]],[[[139.21387,34.33625],[139.21387,34.33625],[139.21387,34.33625],[139.21387,34.33625]]],[[[139.22496,34.32287],[139.22496,34.32287],[139.22496,34.32287],[139.22496,34.32287]]],[[[139.20816,34.33109],[139.20816,34.33109],[139.20816,34.33109],[139.20816,34.33109]]],[[[139.25608,34.39903],[139.25608,34.39903],[139.25608,34.39903],[139.25608,34.39903]]],[[[139.25654,34.33589],[139.25654,34.33589],[139.25654,34.33589],[139.25654,34.33589]]],[[[139.22137,34.32112],[139.22137,34.32112],[139.22137,34.32112],[139.22137,34.32112]]],[[[139.28936,34.47389],[139.28936,34.47389],[139.28936,34.47389],[139.28936,34.47389]]],[[[139.20746,34.33421],[139.20746,34.33421],[139.20746,34.33421],[139.20746,34.33421]]],[[[139.21889,34.3177],[139.21889,34.3177],[139.21889,34.3177],[139.21889,34.3177]]],[[[139.2407,34.36499],[139.2407,34.36499],[139.2407,34.36499],[139.2407,34.36499]]],[[[139.2061,34.33338],[139.2061,34.33338],[139.2061,34.33338],[139.2061,34.33338]]],[[[139.22642,34.36709],[139.22642,34.36709],[139.22642,34.36709],[139.22642,34.36709]]],[[[139.22507,34.32086],[139.22507,34.32086],[139.22507,34.32086],[139.22507,34.32086]]],[[[139.2008,34.32942],[139.2008,34.32942],[139.2008,34.32942],[139.2008,34.32942]]],[[[139.22623,34.32524],[139.22623,34.32524],[139.22623,34.32524],[139.22623,34.32524]]],[[[139.21441,34.33494],[139.21441,34.33494],[139.21441,34.33494],[139.21441,34.33494]]],[[[139.22223,34.32029],[139.22223,34.32029],[139.22223,34.32029],[139.22223,34.32029]]],[[[139.22484,34.32314],[139.22484,34.32314],[139.22484,34.32314],[139.22484,34.32314]]],[[[139.2769,34.32753],[139.2769,34.32753],[139.2769,34.32753],[139.2769,34.32753]]],[[[139.20709,34.33058],[139.20709,34.33058],[139.20709,34.33058],[139.20709,34.33058]]],[[[139.2047,34.32864],[139.2047,34.32864],[139.2047,34.32864],[139.2047,34.32864]]],[[[139.28244,34.47775],[139.28244,34.47775],[139.28244,34.47775],[139.28244,34.47775]]],[[[139.20048,34.31587],[139.20048,34.31587],[139.20048,34.31587],[139.20048,34.31587]]],[[[139.20613,34.33401],[139.20613,34.33401],[139.20613,34.33401],[139.20613,34.33401]]],[[[139.20833,34.33158],[139.20833,34.33158],[139.20833,34.33158],[139.20833,34.33158]]],[[[139.2683,34.41472],[139.2683,34.41472],[139.2683,34.41472],[139.2683,34.41472]]],[[[139.21477,34.33514],[139.21477,34.33514],[139.21477,34.33514],[139.21477,34.33514]]],[[[139.22993,34.36538],[139.22993,34.36538],[139.22993,34.36538],[139.22993,34.36538]]],[[[139.2081,34.33139],[139.2081,34.33139],[139.2081,34.33139],[139.2081,34.33139]]],[[[139.29169,34.41817],[139.29169,34.41817],[139.29169,34.41817],[139.29169,34.41817]]],[[[139.22851,34.36647],[139.22851,34.36647],[139.22851,34.36647],[139.22851,34.36647]]],[[[139.29202,34.40784],[139.29202,34.40784],[139.29202,34.40784],[139.29202,34.40784]]],[[[139.2083,34.33535],[139.2083,34.33535],[139.2083,34.33535],[139.2083,34.33535]]],[[[139.22453,34.37236],[139.22453,34.37236],[139.22453,34.37236],[139.22453,34.37236]]],[[[139.24047,34.36626],[139.24047,34.36626],[139.24047,34.36626],[139.24047,34.36626]]],[[[139.20792,34.3171],[139.20792,34.3171],[139.20792,34.3171],[139.20792,34.3171]]],[[[139.24297,34.36695],[139.24297,34.36695],[139.24297,34.36695],[139.24297,34.36695]]],[[[139.20621,34.33142],[139.20621,34.33142],[139.20621,34.33142],[139.20621,34.33142]]],[[[139.21937,34.31822],[139.21937,34.31822],[139.21937,34.31822],[139.21937,34.31822]]],[[[139.22707,34.32941],[139.22707,34.32941],[139.22707,34.32941],[139.22707,34.32941]]],[[[139.22596,34.32498],[139.22596,34.32498],[139.22596,34.32498],[139.22596,34.32498]]],[[[139.20565,34.3341],[139.20565,34.3341],[139.20565,34.3341],[139.20565,34.3341]]],[[[139.26027,34.40418],[139.26027,34.40418],[139.26027,34.40418],[139.26027,34.40418]]],[[[139.21838,34.31915],[139.21838,34.31915],[139.21838,34.31915],[139.21838,34.31915]]],[[[139.22411,34.37323],[139.22411,34.37323],[139.22411,34.37323],[139.22411,34.37323]]],[[[139.21429,34.33498],[139.21429,34.33498],[139.21429,34.33498],[139.21429,34.33498]]],[[[139.2153,34.3168],[139.2153,34.3168],[139.2153,34.3168],[139.2153,34.3168]]],[[[139.22673,34.36695],[139.22673,34.36695],[139.22673,34.36695],[139.22673,34.36695]]],[[[139.22589,34.3712],[139.22589,34.3712],[139.22589,34.3712],[139.22589,34.3712]]],[[[139.20668,34.31856],[139.20668,34.31856],[139.20668,34.31856],[139.20668,34.31856]]],[[[139.21639,34.31643],[139.21639,34.31643],[139.21639,34.31643],[139.21639,34.31643]]],[[[139.22951,34.37086],[139.22951,34.37086],[139.22951,34.37086],[139.22951,34.37086]]],[[[139.20596,34.32036],[139.20596,34.32036],[139.20596,34.32036],[139.20596,34.32036]]],[[[139.29312,34.41858],[139.29312,34.41858],[139.29312,34.41858],[139.29312,34.41858]]],[[[139.20807,34.33202],[139.20807,34.33202],[139.20807,34.33202],[139.20807,34.33202]]],[[[139.24984,34.34277],[139.24984,34.34277],[139.24984,34.34277],[139.24984,34.34277]]],[[[139.22097,34.32029],[139.22097,34.32029],[139.22097,34.32029],[139.22097,34.32029]]],[[[139.28922,34.42505],[139.28922,34.42505],[139.28922,34.42505],[139.28922,34.42505]]],[[[139.24147,34.36319],[139.24147,34.36319],[139.24147,34.36319],[139.24147,34.36319]]],[[[139.25474,34.39998],[139.25474,34.39998],[139.25474,34.39998],[139.25474,34.39998]]],[[[139.28772,34.40047],[139.28772,34.40047],[139.28772,34.40047],[139.28772,34.40047]]],[[[139.22403,34.37362],[139.22403,34.37362],[139.22403,34.37362],[139.22403,34.37362]]],[[[139.25768,34.33371],[139.25768,34.33371],[139.25768,34.33371],[139.25768,34.33371]]],[[[139.22763,34.36637],[139.22763,34.36637],[139.22763,34.36637],[139.22763,34.36637]]],[[[139.29629,34.47474],[139.29629,34.47474],[139.29629,34.47474],[139.29629,34.47474]]],[[[139.22915,34.36759],[139.22915,34.36759],[139.22915,34.36759],[139.22915,34.36759]]],[[[139.22949,34.3717],[139.22949,34.3717],[139.22949,34.3717],[139.22949,34.3717]]],[[[139.2191,34.31654],[139.2191,34.31654],[139.2191,34.31654],[139.2191,34.31654]]],[[[139.25784,34.33472],[139.25784,34.33472],[139.25784,34.33472],[139.25784,34.33472]]],[[[139.21666,34.31661],[139.21666,34.31661],[139.21666,34.31661],[139.21666,34.31661]]],[[[139.24003,34.36539],[139.24003,34.36539],[139.24003,34.36539],[139.24003,34.36539]]],[[[139.22422,34.37282],[139.22422,34.37282],[139.22422,34.37282],[139.22422,34.37282]]],[[[139.20782,34.33163],[139.20782,34.33163],[139.20782,34.33163],[139.20782,34.33163]]],[[[139.22729,34.32802],[139.22729,34.32802],[139.22729,34.32802],[139.22729,34.32802]]],[[[139.26673,34.40808],[139.26673,34.40808],[139.26673,34.40808],[139.26673,34.40808]]],[[[139.22326,34.37425],[139.22326,34.37425],[139.22326,34.37425],[139.22326,34.37425]]],[[[139.19519,34.31751],[139.19519,34.31751],[139.19519,34.31751],[139.19519,34.31751]]],[[[139.21708,34.31668],[139.21708,34.31668],[139.21708,34.31668],[139.21708,34.31668]]],[[[139.24003,34.36509],[139.24003,34.36509],[139.24003,34.36509],[139.24003,34.36509]]],[[[139.22092,34.32056],[139.22092,34.32056],[139.22092,34.32056],[139.22092,34.32056]]],[[[139.21096,34.33739],[139.21096,34.33739],[139.21096,34.33739],[139.21096,34.33739]]],[[[139.21676,34.31653],[139.21676,34.31653],[139.21676,34.31653],[139.21676,34.31653]]],[[[139.21925,34.31761],[139.21925,34.31761],[139.21925,34.31761],[139.21925,34.31761]]],[[[139.24133,34.36827],[139.24133,34.36827],[139.24133,34.36827],[139.24133,34.36827]]],[[[139.2422,34.36444],[139.2422,34.36444],[139.2422,34.36444],[139.2422,34.36444]]],[[[139.24272,34.36724],[139.24272,34.36724],[139.24272,34.36724],[139.24272,34.36724]]],[[[139.22668,34.32537],[139.22668,34.32537],[139.22668,34.32537],[139.22668,34.32537]]],[[[139.2021,34.32886],[139.2021,34.32886],[139.2021,34.32886],[139.2021,34.32886]]],[[[139.21919,34.31784],[139.21919,34.31784],[139.21919,34.31784],[139.21919,34.31784]]],[[[139.21143,34.31543],[139.21143,34.31543],[139.21143,34.31543],[139.21143,34.31543]]],[[[139.25613,34.40107],[139.25613,34.40107],[139.25613,34.40107],[139.25613,34.40107]]],[[[139.19791,34.32424],[139.19791,34.32424],[139.19791,34.32424],[139.19791,34.32424]]],[[[139.2428,34.36686],[139.2428,34.36686],[139.2428,34.36686],[139.2428,34.36686]]],[[[139.28119,34.43146],[139.28119,34.43146],[139.28119,34.43146],[139.28119,34.43146]]],[[[139.22766,34.32813],[139.22766,34.32813],[139.22766,34.32813],[139.22766,34.32813]]],[[[139.29233,34.42123],[139.29233,34.42123],[139.29233,34.42123],[139.29233,34.42123]]],[[[139.22249,34.32018],[139.22249,34.32018],[139.22249,34.32018],[139.22249,34.32018]]],[[[139.25579,34.33566],[139.25579,34.33566],[139.25579,34.33566],[139.25579,34.33566]]],[[[139.28206,34.39556],[139.28206,34.39556],[139.28206,34.39556],[139.28206,34.39556]]],[[[139.20244,34.3192],[139.20244,34.3192],[139.20244,34.3192],[139.20244,34.3192]]],[[[139.29132,34.42039],[139.29132,34.42039],[139.29132,34.42039],[139.29132,34.42039]]],[[[139.28941,34.47435],[139.28941,34.47435],[139.28941,34.47435],[139.28941,34.47435]]],[[[139.27609,34.32742],[139.27609,34.32742],[139.27609,34.32742],[139.27609,34.32742]]],[[[139.25521,34.39654],[139.25521,34.39654],[139.25521,34.39654],[139.25521,34.39654]]],[[[139.23001,34.37321],[139.23001,34.37321],[139.23001,34.37321],[139.23001,34.37321]]],[[[139.22831,34.36585],[139.22831,34.36585],[139.22831,34.36585],[139.22831,34.36585]]],[[[139.19788,34.32451],[139.19788,34.32451],[139.19788,34.32451],[139.19788,34.32451]]],[[[139.22696,34.36867],[139.22696,34.36867],[139.22696,34.36867],[139.22696,34.36867]]],[[[139.20634,34.32884],[139.20634,34.32884],[139.20634,34.32884],[139.20634,34.32884]]],[[[139.22731,34.36698],[139.22731,34.36698],[139.22731,34.36698],[139.22731,34.36698]]],[[[139.22902,34.37308],[139.22902,34.37308],[139.22902,34.37308],[139.22902,34.37308]]],[[[139.22851,34.36708],[139.22851,34.36708],[139.22851,34.36708],[139.22851,34.36708]]],[[[139.19552,34.31743],[139.19552,34.31743],[139.19552,34.31743],[139.19552,34.31743]]],[[[139.25578,34.39557],[139.25578,34.39557],[139.25578,34.39557],[139.25578,34.39557]]],[[[139.22722,34.3691],[139.22722,34.3691],[139.22722,34.3691],[139.22722,34.3691]]],[[[139.21002,34.33694],[139.21002,34.33694],[139.21002,34.33694],[139.21002,34.33694]]],[[[139.20793,34.33155],[139.20793,34.33155],[139.20793,34.33155],[139.20793,34.33155]]],[[[139.22924,34.36656],[139.22924,34.36656],[139.22924,34.36656],[139.22924,34.36656]]],[[[139.28853,34.42583],[139.28853,34.42583],[139.28853,34.42583],[139.28853,34.42583]]],[[[139.22852,34.36604],[139.22852,34.36604],[139.22852,34.36604],[139.22852,34.36604]]],[[[139.20876,34.3157],[139.20876,34.3157],[139.20876,34.3157],[139.20876,34.3157]]],[[[139.26518,34.40726],[139.26518,34.40726],[139.26518,34.40726],[139.26518,34.40726]]],[[[139.21891,34.31664],[139.21891,34.31664],[139.21891,34.31664],[139.21891,34.31664]]],[[[139.2906,34.40634],[139.2906,34.40634],[139.2906,34.40634],[139.2906,34.40634]]],[[[139.26046,34.40433],[139.26046,34.40433],[139.26046,34.40433],[139.26046,34.40433]]],[[[139.22307,34.32299],[139.22307,34.32299],[139.22307,34.32299],[139.22307,34.32299]]],[[[139.21887,34.31689],[139.21887,34.31689],[139.21887,34.31689],[139.21887,34.31689]]],[[[139.28727,34.40051],[139.28727,34.40051],[139.28727,34.40051],[139.28727,34.40051]]],[[[139.22782,34.37384],[139.22782,34.37384],[139.22782,34.37384],[139.22782,34.37384]]],[[[139.29593,34.47432],[139.29593,34.47432],[139.29593,34.47432],[139.29593,34.47432]]],[[[139.22858,34.3734],[139.22858,34.3734],[139.22858,34.3734],[139.22858,34.3734]]],[[[139.26545,34.40762],[139.26545,34.40762],[139.26545,34.40762],[139.26545,34.40762]]],[[[139.2926,34.41974],[139.2926,34.41974],[139.2926,34.41974],[139.2926,34.41974]]],[[[139.25568,34.39997],[139.25568,34.39997],[139.25568,34.39997],[139.25568,34.39997]]],[[[139.22632,34.3683],[139.22632,34.3683],[139.22632,34.3683],[139.22632,34.3683]]],[[[139.25864,34.335],[139.25864,34.335],[139.25864,34.335],[139.25864,34.335]]],[[[139.26008,34.40406],[139.26008,34.40406],[139.26008,34.40406],[139.26008,34.40406]]],[[[139.24305,34.36204],[139.24305,34.36204],[139.24305,34.36204],[139.24305,34.36204]]],[[[139.22267,34.374],[139.22267,34.374],[139.22267,34.374],[139.22267,34.374]]],[[[139.22876,34.36651],[139.22876,34.36651],[139.22876,34.36651],[139.22876,34.36651]]],[[[139.21943,34.31764],[139.21943,34.31764],[139.21943,34.31764],[139.21943,34.31764]]],[[[139.204,34.32719],[139.204,34.32719],[139.204,34.32719],[139.204,34.32719]]],[[[139.28938,34.40137],[139.28938,34.40137],[139.28938,34.40137],[139.28938,34.40137]]],[[[139.2892,34.40118],[139.2892,34.40118],[139.2892,34.40118],[139.2892,34.40118]]],[[[139.20461,34.32097],[139.20461,34.32097],[139.20461,34.32097],[139.20461,34.32097]]],[[[139.21754,34.33319],[139.21754,34.33319],[139.21754,34.33319],[139.21754,34.33319]]],[[[139.29147,34.41745],[139.29147,34.41745],[139.29147,34.41745],[139.29147,34.41745]]],[[[139.22713,34.32894],[139.22713,34.32894],[139.22713,34.32894],[139.22713,34.32894]]],[[[139.22636,34.37174],[139.22636,34.37174],[139.22636,34.37174],[139.22636,34.37174]]],[[[139.20744,34.33435],[139.20744,34.33435],[139.20744,34.33435],[139.20744,34.33435]]],[[[139.2851,34.39967],[139.2851,34.39967],[139.2851,34.39967],[139.2851,34.39967]]],[[[139.2864,34.39873],[139.2864,34.39873],[139.2864,34.39873],[139.2864,34.39873]]],[[[139.21921,34.31745],[139.21921,34.31745],[139.21921,34.31745],[139.21921,34.31745]]],[[[139.28156,34.39509],[139.28156,34.39509],[139.28156,34.39509],[139.28156,34.39509]]],[[[139.22512,34.32258],[139.22512,34.32258],[139.22512,34.32258],[139.22512,34.32258]]],[[[139.22758,34.36652],[139.22758,34.36652],[139.22758,34.36652],[139.22758,34.36652]]],[[[139.2152,34.31669],[139.2152,34.31669],[139.2152,34.31669],[139.2152,34.31669]]],[[[139.22448,34.37306],[139.22448,34.37306],[139.22448,34.37306],[139.22448,34.37306]]],[[[139.28308,34.43069],[139.28308,34.43069],[139.28308,34.43069],[139.28308,34.43069]]],[[[139.22353,34.32025],[139.22353,34.32025],[139.22353,34.32025],[139.22353,34.32025]]],[[[139.25732,34.33532],[139.25732,34.33532],[139.25732,34.33532],[139.25732,34.33532]]],[[[139.22545,34.3722],[139.22545,34.3722],[139.22545,34.3722],[139.22545,34.3722]]],[[[139.21458,34.33539],[139.21458,34.33539],[139.21458,34.33539],[139.21458,34.33539]]],[[[139.21341,34.33651],[139.21341,34.33651],[139.21341,34.33651],[139.21341,34.33651]]],[[[139.24116,34.3666],[139.24116,34.3666],[139.24116,34.3666],[139.24116,34.3666]]],[[[139.22224,34.32296],[139.22224,34.32296],[139.22224,34.32296],[139.22224,34.32296]]],[[[139.22417,34.37339],[139.22417,34.37339],[139.22417,34.37339],[139.22417,34.37339]]],[[[139.20527,34.32775],[139.20527,34.32775],[139.20527,34.32775],[139.20527,34.32775]]],[[[139.22859,34.36713],[139.22859,34.36713],[139.22859,34.36713],[139.22859,34.36713]]],[[[139.20188,34.32903],[139.20188,34.32903],[139.20188,34.32903],[139.20188,34.32903]]],[[[139.20102,34.32587],[139.20102,34.32587],[139.20102,34.32587],[139.20102,34.32587]]],[[[139.24446,34.3491],[139.24446,34.3491],[139.24446,34.3491],[139.24446,34.3491]]],[[[139.20519,34.32946],[139.20519,34.32946],[139.20519,34.32946],[139.20519,34.32946]]],[[[139.20747,34.33232],[139.20747,34.33232],[139.20747,34.33232],[139.20747,34.33232]]],[[[139.21455,34.31722],[139.21455,34.31722],[139.21455,34.31722],[139.21455,34.31722]]],[[[139.29612,34.47458],[139.29612,34.47458],[139.29612,34.47458],[139.29612,34.47458]]],[[[139.22448,34.37258],[139.22448,34.37258],[139.22448,34.37258],[139.22448,34.37258]]],[[[139.20599,34.33135],[139.20599,34.33135],[139.20599,34.33135],[139.20599,34.33135]]],[[[139.20675,34.33497],[139.20675,34.33497],[139.20675,34.33497],[139.20675,34.33497]]],[[[139.25749,34.40154],[139.25749,34.40154],[139.25749,34.40154],[139.25749,34.40154]]],[[[139.21416,34.31737],[139.21416,34.31737],[139.21416,34.31737],[139.21416,34.31737]]],[[[139.21977,34.31815],[139.21977,34.31815],[139.21977,34.31815],[139.21977,34.31815]]],[[[139.24311,34.36581],[139.24311,34.36581],[139.24311,34.36581],[139.24311,34.36581]]],[[[139.22329,34.32308],[139.22329,34.32308],[139.22329,34.32308],[139.22329,34.32308]]],[[[139.24438,34.35017],[139.24438,34.35017],[139.24438,34.35017],[139.24438,34.35017]]],[[[139.20499,34.32864],[139.20499,34.32864],[139.20499,34.32864],[139.20499,34.32864]]],[[[139.29269,34.41961],[139.29269,34.41961],[139.29269,34.41961],[139.29269,34.41961]]],[[[139.20815,34.33539],[139.20815,34.33539],[139.20815,34.33539],[139.20815,34.33539]]],[[[139.22844,34.37336],[139.22844,34.37336],[139.22844,34.37336],[139.22844,34.37336]]],[[[139.22424,34.37327],[139.22424,34.37327],[139.22424,34.37327],[139.22424,34.37327]]],[[[139.27709,34.32358],[139.27709,34.32358],[139.27709,34.32358],[139.27709,34.32358]]],[[[139.25786,34.33489],[139.25786,34.33489],[139.25786,34.33489],[139.25786,34.33489]]],[[[139.26249,34.40558],[139.26249,34.40558],[139.26249,34.40558],[139.26249,34.40558]]],[[[139.2025,34.32044],[139.2025,34.32044],[139.2025,34.32044],[139.2025,34.32044]]],[[[139.20543,34.32729],[139.20543,34.32729],[139.20543,34.32729],[139.20543,34.32729]]],[[[139.20614,34.32051],[139.20614,34.32051],[139.20614,34.32051],[139.20614,34.32051]]],[[[139.25523,34.39959],[139.25523,34.39959],[139.25523,34.39959],[139.25523,34.39959]]],[[[139.22719,34.32935],[139.22719,34.32935],[139.22719,34.32935],[139.22719,34.32935]]],[[[139.28798,34.41074],[139.28798,34.41074],[139.28798,34.41074],[139.28798,34.41074]]],[[[139.22972,34.36489],[139.22972,34.36489],[139.22972,34.36489],[139.22972,34.36489]]],[[[139.22898,34.36658],[139.22898,34.36658],[139.22898,34.36658],[139.22898,34.36658]]],[[[139.27838,34.41719],[139.27838,34.41719],[139.27838,34.41719],[139.27838,34.41719]]],[[[139.22568,34.37506],[139.22568,34.37506],[139.22568,34.37506],[139.22568,34.37506]]],[[[139.22963,34.36499],[139.22963,34.36499],[139.22963,34.36499],[139.22963,34.36499]]],[[[139.22422,34.3737],[139.22422,34.3737],[139.22422,34.3737],[139.22422,34.3737]]],[[[139.22957,34.37196],[139.22957,34.37196],[139.22957,34.37196],[139.22957,34.37196]]],[[[139.21076,34.3373],[139.21076,34.3373],[139.21076,34.3373],[139.21076,34.3373]]],[[[139.22745,34.32842],[139.22745,34.32842],[139.22745,34.32842],[139.22745,34.32842]]],[[[139.19954,34.32512],[139.19954,34.32512],[139.19954,34.32512],[139.19954,34.32512]]],[[[139.20621,34.33366],[139.20621,34.33366],[139.20621,34.33366],[139.20621,34.33366]]],[[[139.2865,34.3985],[139.2865,34.3985],[139.2865,34.3985],[139.2865,34.3985]]],[[[139.24261,34.3668],[139.24261,34.3668],[139.24261,34.3668],[139.24261,34.3668]]],[[[139.25879,34.3346],[139.25879,34.3346],[139.25879,34.3346],[139.25879,34.3346]]],[[[139.20535,34.32721],[139.20535,34.32721],[139.20535,34.32721],[139.20535,34.32721]]],[[[139.28588,34.40012],[139.28588,34.40012],[139.28588,34.40012],[139.28588,34.40012]]],[[[139.2091,34.31591],[139.2091,34.31591],[139.2091,34.31591],[139.2091,34.31591]]],[[[139.27715,34.32374],[139.27715,34.32374],[139.27715,34.32374],[139.27715,34.32374]]],[[[139.20635,34.32903],[139.20635,34.32903],[139.20635,34.32903],[139.20635,34.32903]]],[[[139.20207,34.31887],[139.20207,34.31887],[139.20207,34.31887],[139.20207,34.31887]]],[[[139.20587,34.33123],[139.20587,34.33123],[139.20587,34.33123],[139.20587,34.33123]]],[[[139.2798,34.39347],[139.2798,34.39347],[139.2798,34.39347],[139.2798,34.39347]]],[[[139.29171,34.40749],[139.29171,34.40749],[139.29171,34.40749],[139.29171,34.40749]]],[[[139.28816,34.41067],[139.28816,34.41067],[139.28816,34.41067],[139.28816,34.41067]]],[[[139.25601,34.39862],[139.25601,34.39862],[139.25601,34.39862],[139.25601,34.39862]]],[[[139.20748,34.33408],[139.20748,34.33408],[139.20748,34.33408],[139.20748,34.33408]]],[[[139.22815,34.36655],[139.22815,34.36655],[139.22815,34.36655],[139.22815,34.36655]]],[[[139.22631,34.32948],[139.22631,34.32948],[139.22631,34.32948],[139.22631,34.32948]]],[[[139.26539,34.40731],[139.26539,34.40731],[139.26539,34.40731],[139.26539,34.40731]]],[[[139.28525,34.39988],[139.28525,34.39988],[139.28525,34.39988],[139.28525,34.39988]]],[[[139.22782,34.37015],[139.22782,34.37015],[139.22782,34.37015],[139.22782,34.37015]]],[[[139.22421,34.37294],[139.22421,34.37294],[139.22421,34.37294],[139.22421,34.37294]]],[[[139.29003,34.40294],[139.29003,34.40294],[139.29003,34.40294],[139.29003,34.40294]]],[[[139.24982,34.34257],[139.24982,34.34257],[139.24982,34.34257],[139.24982,34.34257]]],[[[139.24162,34.36419],[139.24162,34.36419],[139.24162,34.36419],[139.24162,34.36419]]],[[[139.2406,34.36578],[139.2406,34.36578],[139.2406,34.36578],[139.2406,34.36578]]],[[[139.2414,34.36472],[139.2414,34.36472],[139.2414,34.36472],[139.2414,34.36472]]],[[[139.2282,34.37335],[139.2282,34.37335],[139.2282,34.37335],[139.2282,34.37335]]],[[[139.22809,34.36705],[139.22809,34.36705],[139.22809,34.36705],[139.22809,34.36705]]],[[[139.28833,34.41067],[139.28833,34.41067],[139.28833,34.41067],[139.28833,34.41067]]],[[[139.20513,34.32753],[139.20513,34.32753],[139.20513,34.32753],[139.20513,34.32753]]],[[[139.24175,34.36449],[139.24175,34.36449],[139.24175,34.36449],[139.24175,34.36449]]],[[[139.24131,34.36867],[139.24131,34.36867],[139.24131,34.36867],[139.24131,34.36867]]],[[[139.2402,34.36591],[139.2402,34.36591],[139.2402,34.36591],[139.2402,34.36591]]],[[[139.26055,34.40449],[139.26055,34.40449],[139.26055,34.40449],[139.26055,34.40449]]],[[[139.28854,34.40089],[139.28854,34.40089],[139.28854,34.40089],[139.28854,34.40089]]],[[[139.219,34.31884],[139.219,34.31884],[139.219,34.31884],[139.219,34.31884]]],[[[139.22556,34.3308],[139.22556,34.3308],[139.22556,34.3308],[139.22556,34.3308]]],[[[139.22117,34.33207],[139.22117,34.33207],[139.22117,34.33207],[139.22117,34.33207]]],[[[139.28762,34.41468],[139.28762,34.41468],[139.28762,34.41468],[139.28762,34.41468]]],[[[139.21866,34.31685],[139.21866,34.31685],[139.21866,34.31685],[139.21866,34.31685]]],[[[139.2071,34.32049],[139.2071,34.32049],[139.2071,34.32049],[139.2071,34.32049]]],[[[139.19868,34.32481],[139.19868,34.32481],[139.19868,34.32481],[139.19868,34.32481]]],[[[139.207,34.33109],[139.207,34.33109],[139.207,34.33109],[139.207,34.33109]]],[[[139.24147,34.36442],[139.24147,34.36442],[139.24147,34.36442],[139.24147,34.36442]]],[[[139.24029,34.36592],[139.24029,34.36592],[139.24029,34.36592],[139.24029,34.36592]]],[[[139.24163,34.36471],[139.24163,34.36471],[139.24163,34.36471],[139.24163,34.36471]]],[[[139.20477,34.32928],[139.20477,34.32928],[139.20477,34.32928],[139.20477,34.32928]]],[[[139.22878,34.36853],[139.22878,34.36853],[139.22878,34.36853],[139.22878,34.36853]]],[[[139.22944,34.36582],[139.22944,34.36582],[139.22944,34.36582],[139.22944,34.36582]]],[[[139.22951,34.37243],[139.22951,34.37243],[139.22951,34.37243],[139.22951,34.37243]]],[[[139.2804,34.39417],[139.2804,34.39417],[139.2804,34.39417],[139.2804,34.39417]]],[[[139.24164,34.36403],[139.24164,34.36403],[139.24164,34.36403],[139.24164,34.36403]]],[[[139.21935,34.31728],[139.21935,34.31728],[139.21935,34.31728],[139.21935,34.31728]]],[[[139.22955,34.37215],[139.22955,34.37215],[139.22955,34.37215],[139.22955,34.37215]]],[[[139.24192,34.36562],[139.24192,34.36562],[139.24192,34.36562],[139.24192,34.36562]]],[[[139.20756,34.33035],[139.20756,34.33035],[139.20756,34.33035],[139.20756,34.33035]]],[[[139.21125,34.33722],[139.21125,34.33722],[139.21125,34.33722],[139.21125,34.33722]]],[[[139.22636,34.36739],[139.22636,34.36739],[139.22636,34.36739],[139.22636,34.36739]]],[[[139.24086,34.36624],[139.24086,34.36624],[139.24086,34.36624],[139.24086,34.36624]]],[[[139.24164,34.36788],[139.24164,34.36788],[139.24164,34.36788],[139.24164,34.36788]]],[[[139.22883,34.36975],[139.22883,34.36975],[139.22883,34.36975],[139.22883,34.36975]]],[[[139.20607,34.33114],[139.20607,34.33114],[139.20607,34.33114],[139.20607,34.33114]]],[[[139.20373,34.32736],[139.20373,34.32736],[139.20373,34.32736],[139.20373,34.32736]]],[[[139.20973,34.33795],[139.20973,34.33795],[139.20973,34.33795],[139.20973,34.33795]]],[[[139.22575,34.3208],[139.22575,34.3208],[139.22575,34.3208],[139.22575,34.3208]]],[[[139.24001,34.36554],[139.24001,34.36554],[139.24001,34.36554],[139.24001,34.36554]]],[[[139.2177,34.31875],[139.2177,34.31875],[139.2177,34.31875],[139.2177,34.31875]]],[[[139.22806,34.36723],[139.22806,34.36723],[139.22806,34.36723],[139.22806,34.36723]]],[[[139.28998,34.40308],[139.28998,34.40308],[139.28998,34.40308],[139.28998,34.40308]]],[[[139.20597,34.32119],[139.20597,34.32119],[139.20597,34.32119],[139.20597,34.32119]]],[[[139.25802,34.40225],[139.25802,34.40225],[139.25802,34.40225],[139.25802,34.40225]]],[[[139.2841,34.42889],[139.2841,34.42889],[139.2841,34.42889],[139.2841,34.42889]]],[[[139.20904,34.31745],[139.20904,34.31745],[139.20904,34.31745],[139.20904,34.31745]]],[[[139.2577,34.33468],[139.2577,34.33468],[139.2577,34.33468],[139.2577,34.33468]]],[[[139.26847,34.41534],[139.26847,34.41534],[139.26847,34.41534],[139.26847,34.41534]]],[[[139.22475,34.32021],[139.22475,34.32021],[139.22475,34.32021],[139.22475,34.32021]]],[[[139.28993,34.40319],[139.28993,34.40319],[139.28993,34.40319],[139.28993,34.40319]]],[[[139.28412,34.42911],[139.28412,34.42911],[139.28412,34.42911],[139.28412,34.42911]]],[[[139.23032,34.37018],[139.23032,34.37018],[139.23032,34.37018],[139.23032,34.37018]]],[[[139.28809,34.40075],[139.28809,34.40075],[139.28809,34.40075],[139.28809,34.40075]]],[[[139.20168,34.31526],[139.20168,34.31526],[139.20168,34.31526],[139.20168,34.31526]]],[[[139.2071,34.33077],[139.2071,34.33077],[139.2071,34.33077],[139.2071,34.33077]]],[[[139.25049,34.34172],[139.25049,34.34172],[139.25049,34.34172],[139.25049,34.34172]]],[[[139.22682,34.36816],[139.22682,34.36816],[139.22682,34.36816],[139.22682,34.36816]]],[[[139.22864,34.36669],[139.22864,34.36669],[139.22864,34.36669],[139.22864,34.36669]]],[[[139.20828,34.33077],[139.20828,34.33077],[139.20828,34.33077],[139.20828,34.33077]]],[[[139.206,34.33361],[139.206,34.33361],[139.206,34.33361],[139.206,34.33361]]],[[[139.2432,34.36149],[139.2432,34.36149],[139.2432,34.36149],[139.2432,34.36149]]],[[[139.20265,34.31945],[139.20265,34.31945],[139.20265,34.31945],[139.20265,34.31945]]],[[[139.28498,34.39943],[139.28498,34.39943],[139.28498,34.39943],[139.28498,34.39943]]],[[[139.22639,34.32514],[139.22639,34.32514],[139.22639,34.32514],[139.22639,34.32514]]],[[[139.22615,34.36755],[139.22615,34.36755],[139.22615,34.36755],[139.22615,34.36755]]],[[[139.22967,34.36565],[139.22967,34.36565],[139.22967,34.36565],[139.22967,34.36565]]],[[[139.22835,34.37391],[139.22835,34.37391],[139.22835,34.37391],[139.22835,34.37391]]],[[[139.24423,34.34933],[139.24423,34.34933],[139.24423,34.34933],[139.24423,34.34933]]],[[[139.28752,34.41104],[139.28752,34.41104],[139.28752,34.41104],[139.28752,34.41104]]],[[[139.20607,34.33078],[139.20607,34.33078],[139.20607,34.33078],[139.20607,34.33078]]],[[[139.24442,34.34938],[139.24442,34.34938],[139.24442,34.34938],[139.24442,34.34938]]],[[[139.26654,34.40788],[139.26654,34.40788],[139.26654,34.40788],[139.26654,34.40788]]],[[[139.24441,34.35046],[139.24441,34.35046],[139.24441,34.35046],[139.24441,34.35046]]],[[[139.2082,34.33141],[139.2082,34.33141],[139.2082,34.33141],[139.2082,34.33141]]],[[[139.28597,34.40015],[139.28597,34.40015],[139.28597,34.40015],[139.28597,34.40015]]],[[[139.28409,34.39813],[139.28409,34.39813],[139.28409,34.39813],[139.28409,34.39813]]],[[[139.22429,34.37296],[139.22429,34.37296],[139.22429,34.37296],[139.22429,34.37296]]],[[[139.20544,34.32747],[139.20544,34.32747],[139.20544,34.32747],[139.20544,34.32747]]],[[[139.22755,34.36678],[139.22755,34.36678],[139.22755,34.36678],[139.22755,34.36678]]],[[[139.2557,34.40093],[139.2557,34.40093],[139.2557,34.40093],[139.2557,34.40093]]],[[[139.22953,34.3657],[139.22953,34.3657],[139.22953,34.3657],[139.22953,34.3657]]],[[[139.22412,34.37301],[139.22412,34.37301],[139.22412,34.37301],[139.22412,34.37301]]],[[[139.22934,34.36589],[139.22934,34.36589],[139.22934,34.36589],[139.22934,34.36589]]],[[[139.22208,34.37398],[139.22208,34.37398],[139.22208,34.37398],[139.22208,34.37398]]],[[[139.28495,34.39794],[139.28495,34.39794],[139.28495,34.39794],[139.28495,34.39794]]],[[[139.28318,34.39764],[139.28318,34.39764],[139.28318,34.39764],[139.28318,34.39764]]],[[[139.22647,34.37172],[139.22647,34.37172],[139.22647,34.37172],[139.22647,34.37172]]],[[[139.22426,34.37354],[139.22426,34.37354],[139.22426,34.37354],[139.22426,34.37354]]],[[[139.22574,34.32068],[139.22574,34.32068],[139.22574,34.32068],[139.22574,34.32068]]],[[[139.20502,34.32683],[139.20502,34.32683],[139.20502,34.32683],[139.20502,34.32683]]],[[[139.27993,34.42693],[139.27993,34.42693],[139.27993,34.42693],[139.27993,34.42693]]],[[[139.22651,34.36787],[139.22651,34.36787],[139.22651,34.36787],[139.22651,34.36787]]],[[[139.28051,34.42679],[139.28051,34.42679],[139.28051,34.42679],[139.28051,34.42679]]],[[[139.28014,34.42702],[139.28014,34.42702],[139.28014,34.42702],[139.28014,34.42702]]],[[[139.25496,34.39761],[139.25496,34.39761],[139.25496,34.39761],[139.25496,34.39761]]],[[[139.21335,34.33682],[139.21335,34.33682],[139.21335,34.33682],[139.21335,34.33682]]],[[[139.22422,34.37309],[139.22422,34.37309],[139.22422,34.37309],[139.22422,34.37309]]],[[[139.22639,34.36803],[139.22639,34.36803],[139.22639,34.36803],[139.22639,34.36803]]],[[[139.20512,34.32884],[139.20512,34.32884],[139.20512,34.32884],[139.20512,34.32884]]],[[[139.20673,34.33502],[139.20673,34.33502],[139.20673,34.33502],[139.20673,34.33502]]],[[[139.28904,34.40107],[139.28904,34.40107],[139.28904,34.40107],[139.28904,34.40107]]],[[[139.29074,34.41709],[139.29074,34.41709],[139.29074,34.41709],[139.29074,34.41709]]],[[[139.23995,34.36486],[139.23995,34.36486],[139.23995,34.36486],[139.23995,34.36486]]],[[[139.2106,34.33705],[139.2106,34.33705],[139.2106,34.33705],[139.2106,34.33705]]],[[[139.22975,34.36543],[139.22975,34.36543],[139.22975,34.36543],[139.22975,34.36543]]],[[[139.20809,34.33075],[139.20809,34.33075],[139.20809,34.33075],[139.20809,34.33075]]],[[[139.24498,34.35374],[139.24498,34.35374],[139.24498,34.35374],[139.24498,34.35374]]],[[[139.24992,34.34258],[139.24992,34.34258],[139.24992,34.34258],[139.24992,34.34258]]],[[[139.28829,34.4103],[139.28829,34.4103],[139.28829,34.4103],[139.28829,34.4103]]],[[[139.2052,34.32098],[139.2052,34.32098],[139.2052,34.32098],[139.2052,34.32098]]],[[[139.24315,34.36192],[139.24315,34.36192],[139.24315,34.36192],[139.24315,34.36192]]],[[[139.21521,34.31652],[139.21521,34.31652],[139.21521,34.31652],[139.21521,34.31652]]],[[[139.28713,34.41114],[139.28713,34.41114],[139.28713,34.41114],[139.28713,34.41114]]],[[[139.28729,34.41457],[139.28729,34.41457],[139.28729,34.41457],[139.28729,34.41457]]],[[[139.29052,34.41712],[139.29052,34.41712],[139.29052,34.41712],[139.29052,34.41712]]],[[[139.22961,34.37355],[139.22961,34.37355],[139.22961,34.37355],[139.22961,34.37355]]],[[[139.22113,34.32051],[139.22113,34.32051],[139.22113,34.32051],[139.22113,34.32051]]],[[[139.2298,34.36563],[139.2298,34.36563],[139.2298,34.36563],[139.2298,34.36563]]],[[[139.28777,34.41482],[139.28777,34.41482],[139.28777,34.41482],[139.28777,34.41482]]],[[[139.24187,34.3644],[139.24187,34.3644],[139.24187,34.3644],[139.24187,34.3644]]],[[[139.24395,34.34998],[139.24395,34.34998],[139.24395,34.34998],[139.24395,34.34998]]],[[[139.22104,34.32027],[139.22104,34.32027],[139.22104,34.32027],[139.22104,34.32027]]],[[[139.22069,34.32034],[139.22069,34.32034],[139.22069,34.32034],[139.22069,34.32034]]],[[[139.25624,34.39837],[139.25624,34.39837],[139.25624,34.39837],[139.25624,34.39837]]],[[[139.2808,34.42628],[139.2808,34.42628],[139.2808,34.42628],[139.2808,34.42628]]],[[[139.22511,34.37303],[139.22511,34.37303],[139.22511,34.37303],[139.22511,34.37303]]],[[[139.28787,34.41519],[139.28787,34.41519],[139.28787,34.41519],[139.28787,34.41519]]],[[[139.21503,34.31667],[139.21503,34.31667],[139.21503,34.31667],[139.21503,34.31667]]],[[[139.24127,34.36467],[139.24127,34.36467],[139.24127,34.36467],[139.24127,34.36467]]],[[[139.20685,34.33515],[139.20685,34.33515],[139.20685,34.33515],[139.20685,34.33515]]],[[[139.24499,34.35301],[139.24499,34.35301],[139.24499,34.35301],[139.24499,34.35301]]],[[[139.22896,34.36991],[139.22896,34.36991],[139.22896,34.36991],[139.22896,34.36991]]],[[[139.20511,34.32691],[139.20511,34.32691],[139.20511,34.32691],[139.20511,34.32691]]],[[[139.20382,34.32737],[139.20382,34.32737],[139.20382,34.32737],[139.20382,34.32737]]],[[[139.22397,34.37343],[139.22397,34.37343],[139.22397,34.37343],[139.22397,34.37343]]],[[[139.24441,34.35035],[139.24441,34.35035],[139.24441,34.35035],[139.24441,34.35035]]],[[[139.21534,34.31621],[139.21534,34.31621],[139.21534,34.31621],[139.21534,34.31621]]],[[[139.22557,34.32374],[139.22557,34.32374],[139.22557,34.32374],[139.22557,34.32374]]],[[[139.20942,34.31675],[139.20942,34.31675],[139.20942,34.31675],[139.20942,34.31675]]],[[[139.28505,34.39797],[139.28505,34.39797],[139.28505,34.39797],[139.28505,34.39797]]],[[[139.22426,34.3222],[139.22426,34.3222],[139.22426,34.3222],[139.22426,34.3222]]],[[[139.22654,34.36841],[139.22654,34.36841],[139.22654,34.36841],[139.22654,34.36841]]],[[[139.21425,34.33555],[139.21425,34.33555],[139.21425,34.33555],[139.21425,34.33555]]],[[[139.24495,34.35267],[139.24495,34.35267],[139.24495,34.35267],[139.24495,34.35267]]],[[[139.21788,34.31921],[139.21788,34.31921],[139.21788,34.31921],[139.21788,34.31921]]],[[[139.2042,34.32182],[139.2042,34.32182],[139.2042,34.32182],[139.2042,34.32182]]],[[[139.20628,34.32109],[139.20628,34.32109],[139.20628,34.32109],[139.20628,34.32109]]],[[[139.28514,34.39985],[139.28514,34.39985],[139.28514,34.39985],[139.28514,34.39985]]],[[[139.22251,34.37396],[139.22251,34.37396],[139.22251,34.37396],[139.22251,34.37396]]],[[[139.28464,34.3986],[139.28464,34.3986],[139.28464,34.3986],[139.28464,34.3986]]],[[[139.20493,34.32777],[139.20493,34.32777],[139.20493,34.32777],[139.20493,34.32777]]],[[[139.22732,34.36968],[139.22732,34.36968],[139.22732,34.36968],[139.22732,34.36968]]],[[[139.29187,34.42002],[139.29187,34.42002],[139.29187,34.42002],[139.29187,34.42002]]],[[[139.24198,34.36558],[139.24198,34.36558],[139.24198,34.36558],[139.24198,34.36558]]],[[[139.22929,34.36632],[139.22929,34.36632],[139.22929,34.36632],[139.22929,34.36632]]],[[[139.22547,34.32391],[139.22547,34.32391],[139.22547,34.32391],[139.22547,34.32391]]],[[[139.22929,34.36739],[139.22929,34.36739],[139.22929,34.36739],[139.22929,34.36739]]],[[[139.2889,34.41616],[139.2889,34.41616],[139.2889,34.41616],[139.2889,34.41616]]],[[[139.22872,34.37003],[139.22872,34.37003],[139.22872,34.37003],[139.22872,34.37003]]],[[[139.2067,34.31988],[139.2067,34.31988],[139.2067,34.31988],[139.2067,34.31988]]],[[[139.22944,34.37132],[139.22944,34.37132],[139.22944,34.37132],[139.22944,34.37132]]],[[[139.2859,34.40001],[139.2859,34.40001],[139.2859,34.40001],[139.2859,34.40001]]],[[[139.22236,34.32017],[139.22236,34.32017],[139.22236,34.32017],[139.22236,34.32017]]],[[[139.24073,34.366],[139.24073,34.366],[139.24073,34.366],[139.24073,34.366]]],[[[139.22951,34.37183],[139.22951,34.37183],[139.22951,34.37183],[139.22951,34.37183]]],[[[139.22948,34.36587],[139.22948,34.36587],[139.22948,34.36587],[139.22948,34.36587]]],[[[139.2245,34.37312],[139.2245,34.37312],[139.2245,34.37312],[139.2245,34.37312]]],[[[139.28875,34.40109],[139.28875,34.40109],[139.28875,34.40109],[139.28875,34.40109]]],[[[139.2242,34.37318],[139.2242,34.37318],[139.2242,34.37318],[139.2242,34.37318]]],[[[139.22391,34.37334],[139.22391,34.37334],[139.22391,34.37334],[139.22391,34.37334]]],[[[139.22876,34.36947],[139.22876,34.36947],[139.22876,34.36947],[139.22876,34.36947]]],[[[139.22666,34.36714],[139.22666,34.36714],[139.22666,34.36714],[139.22666,34.36714]]],[[[139.2002,34.32912],[139.2002,34.32912],[139.2002,34.32912],[139.2002,34.32912]]],[[[139.24097,34.36637],[139.24097,34.36637],[139.24097,34.36637],[139.24097,34.36637]]],[[[139.25513,34.39958],[139.25513,34.39958],[139.25513,34.39958],[139.25513,34.39958]]],[[[139.29115,34.41983],[139.29115,34.41983],[139.29115,34.41983],[139.29115,34.41983]]],[[[139.20593,34.33125],[139.20593,34.33125],[139.20593,34.33125],[139.20593,34.33125]]],[[[139.20235,34.319],[139.20235,34.319],[139.20235,34.319],[139.20235,34.319]]],[[[139.22944,34.37121],[139.22944,34.37121],[139.22944,34.37121],[139.22944,34.37121]]],[[[139.22251,34.37413],[139.22251,34.37413],[139.22251,34.37413],[139.22251,34.37413]]],[[[139.24432,34.34961],[139.24432,34.34961],[139.24432,34.34961],[139.24432,34.34961]]],[[[139.21352,34.33642],[139.21352,34.33642],[139.21352,34.33642],[139.21352,34.33642]]],[[[139.22397,34.37343],[139.22397,34.37343],[139.22397,34.37343],[139.22397,34.37343]]],[[[139.25575,34.39831],[139.25575,34.39831],[139.25575,34.39831],[139.25575,34.39831]]],[[[139.29218,34.41973],[139.29218,34.41973],[139.29218,34.41973],[139.29218,34.41973]]],[[[139.20632,34.32912],[139.20632,34.32912],[139.20632,34.32912],[139.20632,34.32912]]],[[[139.21498,34.31661],[139.21498,34.31661],[139.21498,34.31661],[139.21498,34.31661]]],[[[139.24432,34.34977],[139.24432,34.34977],[139.24432,34.34977],[139.24432,34.34977]]],[[[139.20886,34.31767],[139.20886,34.31767],[139.20886,34.31767],[139.20886,34.31767]]],[[[139.24495,34.35292],[139.24495,34.35292],[139.24495,34.35292],[139.24495,34.35292]]],[[[139.22933,34.37274],[139.22933,34.37274],[139.22933,34.37274],[139.22933,34.37274]]],[[[139.28427,34.42885],[139.28427,34.42885],[139.28427,34.42885],[139.28427,34.42885]]],[[[139.28337,34.39747],[139.28337,34.39747],[139.28337,34.39747],[139.28337,34.39747]]],[[[139.22929,34.36705],[139.22929,34.36705],[139.22929,34.36705],[139.22929,34.36705]]],[[[139.24438,34.3506],[139.24438,34.3506],[139.24438,34.3506],[139.24438,34.3506]]],[[[139.20474,34.32887],[139.20474,34.32887],[139.20474,34.32887],[139.20474,34.32887]]],[[[139.26667,34.40791],[139.26667,34.40791],[139.26667,34.40791],[139.26667,34.40791]]],[[[139.22863,34.37327],[139.22863,34.37327],[139.22863,34.37327],[139.22863,34.37327]]],[[[139.22838,34.3671],[139.22838,34.3671],[139.22838,34.3671],[139.22838,34.3671]]],[[[139.21643,34.31657],[139.21643,34.31657],[139.21643,34.31657],[139.21643,34.31657]]],[[[139.20924,34.31672],[139.20924,34.31672],[139.20924,34.31672],[139.20924,34.31672]]],[[[139.20514,34.32787],[139.20514,34.32787],[139.20514,34.32787],[139.20514,34.32787]]],[[[139.21854,34.3192],[139.21854,34.3192],[139.21854,34.3192],[139.21854,34.3192]]],[[[139.22639,34.32969],[139.22639,34.32969],[139.22639,34.32969],[139.22639,34.32969]]],[[[139.21864,34.33284],[139.21864,34.33284],[139.21864,34.33284],[139.21864,34.33284]]],[[[139.21121,34.33732],[139.21121,34.33732],[139.21121,34.33732],[139.21121,34.33732]]],[[[139.21643,34.31743],[139.21643,34.31743],[139.21643,34.31743],[139.21643,34.31743]]],[[[139.22333,34.32191],[139.22333,34.32191],[139.22333,34.32191],[139.22333,34.32191]]],[[[139.21941,34.3188],[139.21941,34.3188],[139.21941,34.3188],[139.21941,34.3188]]],[[[139.22574,34.32089],[139.22574,34.32089],[139.22574,34.32089],[139.22574,34.32089]]],[[[139.24062,34.36592],[139.24062,34.36592],[139.24062,34.36592],[139.24062,34.36592]]],[[[139.20492,34.32673],[139.20492,34.32673],[139.20492,34.32673],[139.20492,34.32673]]],[[[139.20231,34.32842],[139.20231,34.32842],[139.20231,34.32842],[139.20231,34.32842]]],[[[139.2444,34.3503],[139.2444,34.3503],[139.2444,34.3503],[139.2444,34.3503]]],[[[139.21888,34.3183],[139.21888,34.3183],[139.21888,34.3183],[139.21888,34.3183]]],[[[139.24504,34.35337],[139.24504,34.35337],[139.24504,34.35337],[139.24504,34.35337]]],[[[139.21759,34.31883],[139.21759,34.31883],[139.21759,34.31883],[139.21759,34.31883]]],[[[139.22787,34.36997],[139.22787,34.36997],[139.22787,34.36997],[139.22787,34.36997]]],[[[139.22466,34.37333],[139.22466,34.37333],[139.22466,34.37333],[139.22466,34.37333]]],[[[139.21524,34.31687],[139.21524,34.31687],[139.21524,34.31687],[139.21524,34.31687]]],[[[139.22098,34.32032],[139.22098,34.32032],[139.22098,34.32032],[139.22098,34.32032]]],[[[139.24067,34.36626],[139.24067,34.36626],[139.24067,34.36626],[139.24067,34.36626]]],[[[139.20797,34.33151],[139.20797,34.33151],[139.20797,34.33151],[139.20797,34.33151]]],[[[139.22527,34.37296],[139.22527,34.37296],[139.22527,34.37296],[139.22527,34.37296]]],[[[139.26627,34.40769],[139.26627,34.40769],[139.26627,34.40769],[139.26627,34.40769]]],[[[139.2444,34.34932],[139.2444,34.34932],[139.2444,34.34932],[139.2444,34.34932]]],[[[139.24485,34.3533],[139.24485,34.3533],[139.24485,34.3533],[139.24485,34.3533]]],[[[139.22222,34.37415],[139.22222,34.37415],[139.22222,34.37415],[139.22222,34.37415]]],[[[139.2265,34.36782],[139.2265,34.36782],[139.2265,34.36782],[139.2265,34.36782]]],[[[139.22654,34.33003],[139.22654,34.33003],[139.22654,34.33003],[139.22654,34.33003]]],[[[139.22121,34.32208],[139.22121,34.32208],[139.22121,34.32208],[139.22121,34.32208]]],[[[139.22781,34.36998],[139.22781,34.36998],[139.22781,34.36998],[139.22781,34.36998]]],[[[139.28775,34.41085],[139.28775,34.41085],[139.28775,34.41085],[139.28775,34.41085]]],[[[139.2063,34.3293],[139.2063,34.3293],[139.2063,34.3293],[139.2063,34.3293]]],[[[139.22668,34.36851],[139.22668,34.36851],[139.22668,34.36851],[139.22668,34.36851]]],[[[139.21059,34.33727],[139.21059,34.33727],[139.21059,34.33727],[139.21059,34.33727]]],[[[139.20678,34.33515],[139.20678,34.33515],[139.20678,34.33515],[139.20678,34.33515]]],[[[139.24497,34.3531],[139.24497,34.3531],[139.24497,34.3531],[139.24497,34.3531]]],[[[139.22348,34.32302],[139.22348,34.32302],[139.22348,34.32302],[139.22348,34.32302]]],[[[139.21862,34.31758],[139.21862,34.31758],[139.21862,34.31758],[139.21862,34.31758]]],[[[139.25743,34.4014],[139.25743,34.4014],[139.25743,34.4014],[139.25743,34.4014]]],[[[139.22473,34.37334],[139.22473,34.37334],[139.22473,34.37334],[139.22473,34.37334]]],[[[139.22788,34.37013],[139.22788,34.37013],[139.22788,34.37013],[139.22788,34.37013]]],[[[139.21553,34.31628],[139.21553,34.31628],[139.21553,34.31628],[139.21553,34.31628]]],[[[139.28814,34.40078],[139.28814,34.40078],[139.28814,34.40078],[139.28814,34.40078]]],[[[139.22732,34.36963],[139.22732,34.36963],[139.22732,34.36963],[139.22732,34.36963]]],[[[139.22871,34.37321],[139.22871,34.37321],[139.22871,34.37321],[139.22871,34.37321]]],[[[139.22603,34.36769],[139.22603,34.36769],[139.22603,34.36769],[139.22603,34.36769]]],[[[139.24506,34.35344],[139.24506,34.35344],[139.24506,34.35344],[139.24506,34.35344]]],[[[139.24484,34.3527],[139.24484,34.3527],[139.24484,34.3527],[139.24484,34.3527]]],[[[139.22793,34.37078],[139.22793,34.37078],[139.22793,34.37078],[139.22793,34.37078]]],[[[139.20455,34.32679],[139.20455,34.32679],[139.20455,34.32679],[139.20455,34.32679]]],[[[139.22854,34.36622],[139.22854,34.36622],[139.22854,34.36622],[139.22854,34.36622]]],[[[139.21769,34.31884],[139.21769,34.31884],[139.21769,34.31884],[139.21769,34.31884]]],[[[139.22677,34.36709],[139.22677,34.36709],[139.22677,34.36709],[139.22677,34.36709]]],[[[139.24515,34.35377],[139.24515,34.35377],[139.24515,34.35377],[139.24515,34.35377]]],[[[139.22683,34.36859],[139.22683,34.36859],[139.22683,34.36859],[139.22683,34.36859]]],[[[139.21697,34.31676],[139.21697,34.31676],[139.21697,34.31676],[139.21697,34.31676]]],[[[139.20462,34.32905],[139.20462,34.32905],[139.20462,34.32905],[139.20462,34.32905]]],[[[139.22942,34.37247],[139.22942,34.37247],[139.22942,34.37247],[139.22942,34.37247]]],[[[139.22864,34.36902],[139.22864,34.36902],[139.22864,34.36902],[139.22864,34.36902]]],[[[139.2405,34.36532],[139.2405,34.36532],[139.2405,34.36532],[139.2405,34.36532]]],[[[139.24438,34.34999],[139.24438,34.34999],[139.24438,34.34999],[139.24438,34.34999]]],[[[139.22789,34.37079],[139.22789,34.37079],[139.22789,34.37079],[139.22789,34.37079]]],[[[139.24076,34.36515],[139.24076,34.36515],[139.24076,34.36515],[139.24076,34.36515]]],[[[139.22696,34.37394],[139.22696,34.37394],[139.22696,34.37394],[139.22696,34.37394]]],[[[139.24001,34.36494],[139.24001,34.36494],[139.24001,34.36494],[139.24001,34.36494]]],[[[139.23002,34.36568],[139.23002,34.36568],[139.23002,34.36568],[139.23002,34.36568]]],[[[139.21738,34.31811],[139.21738,34.31811],[139.21738,34.31811],[139.21738,34.31811]]],[[[139.21101,34.33715],[139.21101,34.33715],[139.21101,34.33715],[139.21101,34.33715]]],[[[139.20398,34.32166],[139.20398,34.32166],[139.20398,34.32166],[139.20398,34.32166]]],[[[139.21834,34.31722],[139.21834,34.31722],[139.21834,34.31722],[139.21834,34.31722]]],[[[139.24039,34.36603],[139.24039,34.36603],[139.24039,34.36603],[139.24039,34.36603]]],[[[139.20215,34.32836],[139.20215,34.32836],[139.20215,34.32836],[139.20215,34.32836]]],[[[139.24292,34.3651],[139.24292,34.3651],[139.24292,34.3651],[139.24292,34.3651]]],[[[139.22487,34.37327],[139.22487,34.37327],[139.22487,34.37327],[139.22487,34.37327]]],[[[139.22442,34.37301],[139.22442,34.37301],[139.22442,34.37301],[139.22442,34.37301]]],[[[139.24499,34.35273],[139.24499,34.35273],[139.24499,34.35273],[139.24499,34.35273]]],[[[139.22959,34.3721],[139.22959,34.3721],[139.22959,34.3721],[139.22959,34.3721]]],[[[139.21693,34.31672],[139.21693,34.31672],[139.21693,34.31672],[139.21693,34.31672]]],[[[139.24167,34.36501],[139.24167,34.36501],[139.24167,34.36501],[139.24167,34.36501]]],[[[139.24212,34.36556],[139.24212,34.36556],[139.24212,34.36556],[139.24212,34.36556]]],[[[139.20856,34.33606],[139.20856,34.33606],[139.20856,34.33606],[139.20856,34.33606]]],[[[139.21745,34.31812],[139.21745,34.31812],[139.21745,34.31812],[139.21745,34.31812]]],[[[139.20315,34.32043],[139.20315,34.32043],[139.20315,34.32043],[139.20315,34.32043]]],[[[139.22947,34.3725],[139.22947,34.3725],[139.22947,34.3725],[139.22947,34.3725]]],[[[139.21788,34.31887],[139.21788,34.31887],[139.21788,34.31887],[139.21788,34.31887]]],[[[139.22938,34.37256],[139.22938,34.37256],[139.22938,34.37256],[139.22938,34.37256]]],[[[139.22781,34.36991],[139.22781,34.36991],[139.22781,34.36991],[139.22781,34.36991]]],[[[139.21895,34.31829],[139.21895,34.31829],[139.21895,34.31829],[139.21895,34.31829]]],[[[139.20229,34.32834],[139.20229,34.32834],[139.20229,34.32834],[139.20229,34.32834]]],[[[139.2206,34.32035],[139.2206,34.32035],[139.2206,34.32035],[139.2206,34.32035]]],[[[139.2452,34.35371],[139.2452,34.35371],[139.2452,34.35371],[139.2452,34.35371]]],[[[139.21892,34.31869],[139.21892,34.31869],[139.21892,34.31869],[139.21892,34.31869]]],[[[139.20139,34.32925],[139.20139,34.32925],[139.20139,34.32925],[139.20139,34.32925]]],[[[139.22887,34.37306],[139.22887,34.37306],[139.22887,34.37306],[139.22887,34.37306]]],[[[139.24427,34.34974],[139.24427,34.34974],[139.24427,34.34974],[139.24427,34.34974]]],[[[139.22497,34.37319],[139.22497,34.37319],[139.22497,34.37319],[139.22497,34.37319]]],[[[139.21459,34.31725],[139.21459,34.31725],[139.21459,34.31725],[139.21459,34.31725]]],[[[139.24039,34.36607],[139.24039,34.36607],[139.24039,34.36607],[139.24039,34.36607]]],[[[139.21415,34.33532],[139.21415,34.33532],[139.21415,34.33532],[139.21415,34.33532]]],[[[139.20217,34.3283],[139.20217,34.3283],[139.20217,34.3283],[139.20217,34.3283]]],[[[139.24525,34.35393],[139.24525,34.35393],[139.24525,34.35393],[139.24525,34.35393]]],[[[139.24439,34.34995],[139.24439,34.34995],[139.24439,34.34995],[139.24439,34.34995]]],[[[139.24154,34.36681],[139.24154,34.36681],[139.24154,34.36681],[139.24154,34.36681]]],[[[139.21773,34.3192],[139.21773,34.3192],[139.21773,34.3192],[139.21773,34.3192]]],[[[139.22788,34.37023],[139.22788,34.37023],[139.22788,34.37023],[139.22788,34.37023]]],[[[139.24432,34.34934],[139.24432,34.34934],[139.24432,34.34934],[139.24432,34.34934]]],[[[139.22891,34.3709],[139.22891,34.3709],[139.22891,34.3709],[139.22891,34.3709]]],[[[139.24039,34.3656],[139.24039,34.3656],[139.24039,34.3656],[139.24039,34.3656]]],[[[139.24062,34.36533],[139.24062,34.36533],[139.24062,34.36533],[139.24062,34.36533]]],[[[139.22787,34.37097],[139.22787,34.37097],[139.22787,34.37097],[139.22787,34.37097]]],[[[139.22504,34.37319],[139.22504,34.37319],[139.22504,34.37319],[139.22504,34.37319]]],[[[139.22893,34.37308],[139.22893,34.37308],[139.22893,34.37308],[139.22893,34.37308]]],[[[139.21899,34.31823],[139.21899,34.31823],[139.21899,34.31823],[139.21899,34.31823]]],[[[139.22495,34.37328],[139.22495,34.37328],[139.22495,34.37328],[139.22495,34.37328]]],[[[139.22482,34.3733],[139.22482,34.3733],[139.22482,34.3733],[139.22482,34.3733]]],[[[139.24149,34.36679],[139.24149,34.36679],[139.24149,34.36679],[139.24149,34.36679]]],[[[139.2417,34.36805],[139.2417,34.36805],[139.2417,34.36805],[139.2417,34.36805]]],[[[139.22858,34.3692],[139.22858,34.3692],[139.22858,34.3692],[139.22858,34.3692]]],[[[139.22477,34.37324],[139.22477,34.37324],[139.22477,34.37324],[139.22477,34.37324]]],[[[139.22448,34.32248],[139.22448,34.32248],[139.22448,34.32248],[139.22448,34.32248]]],[[[139.22869,34.36905],[139.22869,34.36905],[139.22869,34.36905],[139.22869,34.36905]]],[[[139.22791,34.37098],[139.22791,34.37098],[139.22791,34.37098],[139.22791,34.37098]]],[[[139.22595,34.36776],[139.22595,34.36776],[139.22595,34.36776],[139.22595,34.36776]]],[[[139.2179,34.31883],[139.2179,34.31883],[139.2179,34.31883],[139.2179,34.31883]]]]}},{"type":"Feature","id":"13364","properties":{"prefecture":"東京都","subPrefecture":null,"county":null,"municipality":"神津島村","ward":null,"displayName":"神津島村"},"geometry":{"type":"MultiPolygon","coordinates":[[[[139.17178,34.21964],[139.17572,34.21641],[139.17397,34.21522],[139.17327,34.21195],[139.17493,34.20991],[139.17465,34.20662],[139.17524,34.20434],[139.17152,34.20589],[139.17033,34.20458],[139.16849,34.20862],[139.16255,34.20719],[139.15728,34.20506],[139.15465,34.20217],[139.15755,34.20045],[139.15378,34.20187],[139.15351,34.19958],[139.15655,34.19816],[139.15461,34.19444],[139.15158,34.19274],[139.15144,34.19416],[139.14775,34.19679],[139.14633,34.1955],[139.14625,34.18877],[139.14523,34.18775],[139.14349,34.18977],[139.1417,34.18596],[139.14159,34.18783],[139.13936,34.18612],[139.13546,34.18713],[139.13029,34.18467],[139.127,34.18693],[139.12694,34.18692],[139.1256,34.18679],[139.12515,34.18959],[139.12278,34.18819],[139.11994,34.19002],[139.11987,34.19154],[139.12075,34.19385],[139.11982,34.19407],[139.12186,34.19732],[139.12167,34.19883],[139.12618,34.2009],[139.13164,34.20123],[139.13312,34.20506],[139.13263,34.20731],[139.13004,34.20942],[139.13112,34.20988],[139.13276,34.20835],[139.13276,34.21073],[139.13102,34.21241],[139.13065,34.21625],[139.13363,34.21715],[139.13366,34.21828],[139.13159,34.21867],[139.12838,34.2213],[139.12869,34.22278],[139.13197,34.22369],[139.13449,34.22351],[139.13639,34.22494],[139.13698,34.22837],[139.13652,34.23066],[139.13492,34.23184],[139.13606,34.23342],[139.13419,34.23511],[139.13598,34.23722],[139.13749,34.23745],[139.13768,34.24206],[139.13976,34.24331],[139.14317,34.24379],[139.14993,34.2393],[139.15222,34.23996],[139.15648,34.2393],[139.15866,34.2375],[139.1677,34.23415],[139.17035,34.23112],[139.17176,34.22431],[139.17178,34.21964]]],[[[139.19239,34.20934],[139.19284,34.20741],[139.19137,34.20629],[139.18923,34.20854],[139.19239,34.20934]]],[[[139.18913,34.21253],[139.19093,34.21197],[139.18825,34.21085],[139.18863,34.20921],[139.18668,34.21163],[139.18913,34.21253]]],[[[139.0742,34.18594],[139.07466,34.18485],[139.07308,34.18338],[139.07196,34.18415],[139.0742,34.18594]]],[[[139.07678,34.18816],[139.07667,34.18575],[139.07494,34.18633],[139.07678,34.18816]]],[[[139.19295,34.20525],[139.19295,34.20525],[139.19295,34.20525],[139.19295,34.20525]]],[[[139.13686,34.24221],[139.13686,34.24221],[139.13686,34.24221],[139.13686,34.24221]]],[[[139.18369,34.2237],[139.18369,34.2237],[139.18369,34.2237],[139.18369,34.2237]]],[[[139.07857,34.18731],[139.07857,34.18731],[139.07857,34.18731],[139.07857,34.18731]]],[[[139.19386,34.2059],[139.19386,34.2059],[139.19386,34.2059],[139.19386,34.2059]]],[[[139.15667,34.19622],[139.15667,34.19622],[139.15667,34.19622],[139.15667,34.19622]]],[[[139.17602,34.20601],[139.17602,34.20601],[139.17602,34.20601],[139.17602,34.20601]]],[[[139.12806,34.18492],[139.12806,34.18492],[139.12806,34.18492],[139.12806,34.18492]]],[[[139.13022,34.21625],[139.13022,34.21625],[139.13022,34.21625],[139.13022,34.21625]]],[[[139.13651,34.24011],[139.13651,34.24011],[139.13651,34.24011],[139.13651,34.24011]]],[[[139.12548,34.18671],[139.12548,34.18671],[139.12548,34.18671],[139.12548,34.18671]]],[[[139.14681,34.19078],[139.14681,34.19078],[139.14681,34.19078],[139.14681,34.19078]]],[[[139.17693,34.21022],[139.17693,34.21022],[139.17693,34.21022],[139.17693,34.21022]]],[[[139.07979,34.18687],[139.07979,34.18687],[139.07979,34.18687],[139.07979,34.18687]]],[[[139.18018,34.2241],[139.18018,34.2241],[139.18018,34.2241],[139.18018,34.2241]]],[[[139.12729,34.18676],[139.12729,34.18676],[139.12729,34.18676],[139.12729,34.18676]]],[[[139.14721,34.19023],[139.14721,34.19023],[139.14721,34.19023],[139.14721,34.19023]]],[[[139.07234,34.18141],[139.07234,34.18141],[139.07234,34.18141],[139.07234,34.18141]]],[[[139.13889,34.24407],[139.13889,34.24407],[139.13889,34.24407],[139.13889,34.24407]]],[[[138.81557,33.94707],[138.81557,33.94707],[138.81557,33.94707],[138.81557,33.94707]]],[[[138.81772,33.94349],[138.81772,33.94349],[138.81772,33.94349],[138.81772,33.94349]]],[[[138.81781,33.94299],[138.81781,33.94299],[138.81781,33.94299],[138.81781,33.94299]]],[[[138.81693,33.94662],[138.81693,33.94662],[138.81693,33.94662],[138.81693,33.94662]]],[[[139.14342,34.1884],[139.14342,34.1884],[139.14342,34.1884],[139.14342,34.1884]]],[[[139.14779,34.19106],[139.14779,34.19106],[139.14779,34.19106],[139.14779,34.19106]]],[[[139.1204,34.19519],[139.1204,34.19519],[139.1204,34.19519],[139.1204,34.19519]]],[[[139.12545,34.18838],[139.12545,34.18838],[139.12545,34.18838],[139.12545,34.18838]]],[[[139.1199,34.19544],[139.1199,34.19544],[139.1199,34.19544],[139.1199,34.19544]]],[[[139.12765,34.18523],[139.12765,34.18523],[139.12765,34.18523],[139.12765,34.18523]]],[[[139.15422,34.20077],[139.15422,34.20077],[139.15422,34.20077],[139.15422,34.20077]]],[[[139.12155,34.19696],[139.12155,34.19696],[139.12155,34.19696],[139.12155,34.19696]]],[[[139.1431,34.24442],[139.1431,34.24442],[139.1431,34.24442],[139.1431,34.24442]]],[[[139.07745,34.18789],[139.07745,34.18789],[139.07745,34.18789],[139.07745,34.18789]]],[[[139.18358,34.22202],[139.18358,34.22202],[139.18358,34.22202],[139.18358,34.22202]]],[[[139.18902,34.20949],[139.18902,34.20949],[139.18902,34.20949],[139.18902,34.20949]]],[[[139.07036,34.18394],[139.07036,34.18394],[139.07036,34.18394],[139.07036,34.18394]]],[[[139.13091,34.21205],[139.13091,34.21205],[139.13091,34.21205],[139.13091,34.21205]]],[[[139.11921,34.19416],[139.11921,34.19416],[139.11921,34.19416],[139.11921,34.19416]]],[[[139.17636,34.2101],[139.17636,34.2101],[139.17636,34.2101],[139.17636,34.2101]]],[[[139.14857,34.24089],[139.14857,34.24089],[139.14857,34.24089],[139.14857,34.24089]]],[[[139.17751,34.21033],[139.17751,34.21033],[139.17751,34.21033],[139.17751,34.21033]]],[[[138.81624,33.9473],[138.81624,33.9473],[138.81624,33.9473],[138.81624,33.9473]]],[[[139.12961,34.21642],[139.12961,34.21642],[139.12961,34.21642],[139.12961,34.21642]]],[[[139.12826,34.18624],[139.12826,34.18624],[139.12826,34.18624],[139.12826,34.18624]]],[[[139.13188,34.22385],[139.13188,34.22385],[139.13188,34.22385],[139.13188,34.22385]]],[[[139.07786,34.18541],[139.07786,34.18541],[139.07786,34.18541],[139.07786,34.18541]]],[[[139.14979,34.19481],[139.14979,34.19481],[139.14979,34.19481],[139.14979,34.19481]]],[[[139.1246,34.18929],[139.1246,34.18929],[139.1246,34.18929],[139.1246,34.18929]]],[[[139.14053,34.18608],[139.14053,34.18608],[139.14053,34.18608],[139.14053,34.18608]]],[[[139.12996,34.21495],[139.12996,34.21495],[139.12996,34.21495],[139.12996,34.21495]]],[[[139.14815,34.24123],[139.14815,34.24123],[139.14815,34.24123],[139.14815,34.24123]]],[[[139.07806,34.18815],[139.07806,34.18815],[139.07806,34.18815],[139.07806,34.18815]]],[[[139.12768,34.22277],[139.12768,34.22277],[139.12768,34.22277],[139.12768,34.22277]]],[[[138.81606,33.947],[138.81606,33.947],[138.81606,33.947],[138.81606,33.947]]],[[[139.17428,34.21441],[139.17428,34.21441],[139.17428,34.21441],[139.17428,34.21441]]],[[[139.13932,34.24359],[139.13932,34.24359],[139.13932,34.24359],[139.13932,34.24359]]],[[[139.13573,34.18629],[139.13573,34.18629],[139.13573,34.18629],[139.13573,34.18629]]],[[[139.14096,34.24404],[139.14096,34.24404],[139.14096,34.24404],[139.14096,34.24404]]],[[[139.17169,34.22773],[139.17169,34.22773],[139.17169,34.22773],[139.17169,34.22773]]],[[[139.14002,34.24395],[139.14002,34.24395],[139.14002,34.24395],[139.14002,34.24395]]],[[[139.14363,34.24498],[139.14363,34.24498],[139.14363,34.24498],[139.14363,34.24498]]],[[[139.0747,34.18814],[139.0747,34.18814],[139.0747,34.18814],[139.0747,34.18814]]],[[[139.17566,34.21014],[139.17566,34.21014],[139.17566,34.21014],[139.17566,34.21014]]],[[[139.13057,34.21429],[139.13057,34.21429],[139.13057,34.21429],[139.13057,34.21429]]],[[[139.14678,34.24293],[139.14678,34.24293],[139.14678,34.24293],[139.14678,34.24293]]],[[[138.83807,33.96313],[138.83807,33.96313],[138.83807,33.96313],[138.83807,33.96313]]],[[[139.14653,34.19106],[139.14653,34.19106],[139.14653,34.19106],[139.14653,34.19106]]],[[[139.14291,34.2457],[139.14291,34.2457],[139.14291,34.2457],[139.14291,34.2457]]],[[[139.13421,34.18613],[139.13421,34.18613],[139.13421,34.18613],[139.13421,34.18613]]],[[[139.1201,34.19614],[139.1201,34.19614],[139.1201,34.19614],[139.1201,34.19614]]],[[[139.13951,34.24404],[139.13951,34.24404],[139.13951,34.24404],[139.13951,34.24404]]],[[[139.13079,34.2108],[139.13079,34.2108],[139.13079,34.2108],[139.13079,34.2108]]],[[[139.18333,34.22258],[139.18333,34.22258],[139.18333,34.22258],[139.18333,34.22258]]],[[[139.15325,34.1926],[139.15325,34.1926],[139.15325,34.1926],[139.15325,34.1926]]],[[[139.07738,34.18563],[139.07738,34.18563],[139.07738,34.18563],[139.07738,34.18563]]],[[[139.07569,34.18574],[139.07569,34.18574],[139.07569,34.18574],[139.07569,34.18574]]],[[[139.07525,34.18847],[139.07525,34.18847],[139.07525,34.18847],[139.07525,34.18847]]],[[[139.13951,34.24333],[139.13951,34.24333],[139.13951,34.24333],[139.13951,34.24333]]],[[[139.14334,34.18858],[139.14334,34.18858],[139.14334,34.18858],[139.14334,34.18858]]],[[[139.12514,34.18651],[139.12514,34.18651],[139.12514,34.18651],[139.12514,34.18651]]],[[[139.14706,34.24134],[139.14706,34.24134],[139.14706,34.24134],[139.14706,34.24134]]],[[[139.12028,34.19549],[139.12028,34.19549],[139.12028,34.19549],[139.12028,34.19549]]],[[[139.14833,34.24142],[139.14833,34.24142],[139.14833,34.24142],[139.14833,34.24142]]],[[[139.13185,34.2332],[139.13185,34.2332],[139.13185,34.2332],[139.13185,34.2332]]],[[[139.13097,34.21396],[139.13097,34.21396],[139.13097,34.21396],[139.13097,34.21396]]],[[[139.12122,34.19773],[139.12122,34.19773],[139.12122,34.19773],[139.12122,34.19773]]],[[[139.14227,34.24385],[139.14227,34.24385],[139.14227,34.24385],[139.14227,34.24385]]],[[[139.14347,34.24454],[139.14347,34.24454],[139.14347,34.24454],[139.14347,34.24454]]],[[[139.12866,34.18335],[139.12866,34.18335],[139.12866,34.18335],[139.12866,34.18335]]],[[[139.14989,34.19451],[139.14989,34.19451],[139.14989,34.19451],[139.14989,34.19451]]],[[[139.14618,34.24261],[139.14618,34.24261],[139.14618,34.24261],[139.14618,34.24261]]],[[[139.14537,34.24509],[139.14537,34.24509],[139.14537,34.24509],[139.14537,34.24509]]],[[[139.07856,34.18763],[139.07856,34.18763],[139.07856,34.18763],[139.07856,34.18763]]],[[[139.13445,34.23191],[139.13445,34.23191],[139.13445,34.23191],[139.13445,34.23191]]],[[[139.0779,34.18816],[139.0779,34.18816],[139.0779,34.18816],[139.0779,34.18816]]],[[[139.17196,34.22437],[139.17196,34.22437],[139.17196,34.22437],[139.17196,34.22437]]],[[[139.07194,34.18204],[139.07194,34.18204],[139.07194,34.18204],[139.07194,34.18204]]],[[[139.12151,34.19827],[139.12151,34.19826],[139.12153,34.19824],[139.12151,34.19827]]],[[[138.81748,33.94405],[138.81748,33.94405],[138.81748,33.94405],[138.81748,33.94405]]],[[[139.14082,34.1867],[139.14082,34.1867],[139.14082,34.1867],[139.14082,34.1867]]],[[[139.13788,34.24237],[139.13788,34.24237],[139.13788,34.24237],[139.13788,34.24237]]],[[[139.1395,34.24314],[139.1395,34.24314],[139.1395,34.24314],[139.1395,34.24314]]],[[[139.12972,34.21247],[139.12972,34.21247],[139.12972,34.21247],[139.12972,34.21247]]],[[[139.14672,34.24193],[139.14672,34.24193],[139.14672,34.24193],[139.14672,34.24193]]],[[[139.12778,34.18445],[139.12778,34.18445],[139.12778,34.18445],[139.12778,34.18445]]],[[[139.13458,34.23638],[139.13458,34.23638],[139.13458,34.23638],[139.13458,34.23638]]],[[[139.0708,34.18146],[139.0708,34.18146],[139.0708,34.18146],[139.0708,34.18146]]],[[[139.12925,34.22319],[139.12925,34.22319],[139.12925,34.22319],[139.12925,34.22319]]],[[[139.1352,34.18671],[139.1352,34.18671],[139.1352,34.18671],[139.1352,34.18671]]],[[[139.15494,34.19489],[139.15494,34.19489],[139.15494,34.19489],[139.15494,34.19489]]],[[[139.15637,34.19543],[139.15637,34.19543],[139.15637,34.19543],[139.15637,34.19543]]],[[[139.14144,34.24442],[139.14144,34.24442],[139.14144,34.24442],[139.14144,34.24442]]],[[[139.07105,34.18213],[139.07105,34.18213],[139.07105,34.18213],[139.07105,34.18213]]],[[[138.81799,33.94269],[138.81799,33.94269],[138.81799,33.94269],[138.81799,33.94269]]],[[[139.12153,34.19824],[139.12151,34.19826],[139.12151,34.19827],[139.12153,34.19824]]],[[[139.14732,34.24153],[139.14732,34.24153],[139.14732,34.24153],[139.14732,34.24153]]],[[[139.07146,34.18246],[139.07146,34.18246],[139.07146,34.18246],[139.07146,34.18246]]],[[[139.14659,34.24261],[139.14659,34.24261],[139.14659,34.24261],[139.14659,34.24261]]],[[[138.81746,33.94273],[138.81746,33.94273],[138.81746,33.94273],[138.81746,33.94273]]],[[[139.07426,34.18286],[139.07426,34.18286],[139.07426,34.18286],[139.07426,34.18286]]],[[[139.17545,34.2171],[139.17545,34.2171],[139.17545,34.2171],[139.17545,34.2171]]],[[[139.17531,34.21002],[139.17531,34.21002],[139.17531,34.21002],[139.17531,34.21002]]],[[[139.12069,34.19753],[139.12069,34.19753],[139.12069,34.19753],[139.12069,34.19753]]],[[[139.1496,34.19485],[139.1496,34.19485],[139.1496,34.19485],[139.1496,34.19485]]],[[[139.14694,34.24306],[139.14694,34.24306],[139.14694,34.24306],[139.14694,34.24306]]],[[[138.81766,33.94268],[138.81766,33.94268],[138.81766,33.94268],[138.81766,33.94268]]],[[[139.17161,34.22931],[139.17161,34.22931],[139.17161,34.22931],[139.17161,34.22931]]],[[[139.11975,34.19186],[139.11975,34.19186],[139.11975,34.19186],[139.11975,34.19186]]],[[[139.17265,34.21909],[139.17265,34.21909],[139.17265,34.21909],[139.17265,34.21909]]],[[[139.12426,34.18861],[139.12426,34.18861],[139.12426,34.18861],[139.12426,34.18861]]],[[[139.17794,34.21026],[139.17794,34.21026],[139.17794,34.21026],[139.17794,34.21026]]],[[[139.13584,34.24191],[139.13584,34.24191],[139.13584,34.24191],[139.13584,34.24191]]],[[[139.15576,34.19531],[139.15576,34.19531],[139.15576,34.19531],[139.15576,34.19531]]],[[[138.81628,33.94769],[138.81628,33.94769],[138.81628,33.94769],[138.81628,33.94769]]],[[[139.12843,34.22102],[139.12843,34.22102],[139.12843,34.22102],[139.12843,34.22102]]],[[[139.12087,34.19598],[139.12087,34.19598],[139.12087,34.19598],[139.12087,34.19598]]],[[[139.12082,34.19635],[139.12082,34.19635],[139.12082,34.19635],[139.12082,34.19635]]],[[[139.12151,34.1984],[139.12151,34.1984],[139.12151,34.1984],[139.12151,34.1984]]],[[[139.13651,34.2419],[139.13651,34.2419],[139.13651,34.2419],[139.13651,34.2419]]],[[[139.13476,34.2267],[139.13476,34.2267],[139.13476,34.2267],[139.13476,34.2267]]],[[[139.14045,34.18568],[139.14045,34.18568],[139.14045,34.18568],[139.14045,34.18568]]],[[[139.14465,34.2448],[139.14465,34.2448],[139.14465,34.2448],[139.14465,34.2448]]],[[[139.07899,34.18446],[139.07899,34.18446],[139.07899,34.18446],[139.07899,34.18446]]],[[[139.13636,34.24179],[139.13636,34.24179],[139.13636,34.24179],[139.13636,34.24179]]],[[[139.07233,34.18185],[139.07233,34.18185],[139.07233,34.18185],[139.07233,34.18185]]],[[[139.12838,34.22229],[139.12838,34.22229],[139.12838,34.22229],[139.12838,34.22229]]],[[[139.1291,34.18342],[139.1291,34.18342],[139.1291,34.18342],[139.1291,34.18342]]],[[[139.0704,34.18352],[139.0704,34.18352],[139.0704,34.18352],[139.0704,34.18352]]],[[[139.17115,34.22921],[139.17115,34.22921],[139.17115,34.22921],[139.17115,34.22921]]],[[[139.14428,34.2443],[139.14428,34.2443],[139.14428,34.2443],[139.14428,34.2443]]],[[[139.13714,34.23964],[139.13714,34.23964],[139.13714,34.23964],[139.13714,34.23964]]],[[[139.11999,34.19039],[139.11999,34.19039],[139.11999,34.19039],[139.11999,34.19039]]],[[[139.16046,34.23746],[139.16046,34.23746],[139.16046,34.23746],[139.16046,34.23746]]],[[[139.07012,34.18178],[139.07012,34.18178],[139.07012,34.18178],[139.07012,34.18178]]],[[[139.13025,34.21291],[139.13025,34.21291],[139.13025,34.21291],[139.13025,34.21291]]],[[[139.13801,34.24221],[139.13801,34.24221],[139.13801,34.24221],[139.13801,34.24221]]],[[[139.15959,34.23761],[139.15959,34.23761],[139.15959,34.23761],[139.15959,34.23761]]],[[[139.07196,34.18048],[139.07196,34.18048],[139.07196,34.18048],[139.07196,34.18048]]],[[[139.072,34.18119],[139.072,34.18119],[139.072,34.18119],[139.072,34.18119]]],[[[139.13627,34.24162],[139.13627,34.24162],[139.13627,34.24162],[139.13627,34.24162]]],[[[139.17265,34.21909],[139.17265,34.21909],[139.17265,34.21909],[139.17265,34.21909]]],[[[139.13664,34.18665],[139.13664,34.18665],[139.13664,34.18665],[139.13664,34.18665]]],[[[139.13966,34.2433],[139.13966,34.2433],[139.13966,34.2433],[139.13966,34.2433]]],[[[139.14631,34.24295],[139.14631,34.24295],[139.14631,34.24295],[139.14631,34.24295]]],[[[139.14713,34.24301],[139.14713,34.24301],[139.14713,34.24301],[139.14713,34.24301]]],[[[139.14677,34.24331],[139.14677,34.24331],[139.14677,34.24331],[139.14677,34.24331]]],[[[139.13016,34.21572],[139.13016,34.21572],[139.13016,34.21572],[139.13016,34.21572]]],[[[139.07062,34.17916],[139.07062,34.17916],[139.07062,34.17916],[139.07062,34.17916]]],[[[139.1201,34.19328],[139.1201,34.19328],[139.1201,34.19328],[139.1201,34.19328]]],[[[139.18316,34.22384],[139.18316,34.22384],[139.18316,34.22384],[139.18316,34.22384]]],[[[139.17795,34.20948],[139.17795,34.20948],[139.17795,34.20948],[139.17795,34.20948]]],[[[139.13698,34.18616],[139.13698,34.18616],[139.13698,34.18616],[139.13698,34.18616]]],[[[139.13049,34.21355],[139.13049,34.21355],[139.13049,34.21355],[139.13049,34.21355]]],[[[139.14541,34.18777],[139.14541,34.18777],[139.14541,34.18777],[139.14541,34.18777]]],[[[139.0706,34.18184],[139.0706,34.18184],[139.0706,34.18184],[139.0706,34.18184]]],[[[139.1724,34.21886],[139.1724,34.21886],[139.1724,34.21886],[139.1724,34.21886]]],[[[139.14576,34.24287],[139.14576,34.24287],[139.14576,34.24287],[139.14576,34.24287]]],[[[139.13687,34.18656],[139.13687,34.18656],[139.13687,34.18656],[139.13687,34.18656]]],[[[139.14311,34.24467],[139.14311,34.24467],[139.14311,34.24467],[139.14311,34.24467]]],[[[138.83579,33.96325],[138.83579,33.96325],[138.83579,33.96325],[138.83579,33.96325]]],[[[139.13899,34.18563],[139.13899,34.18563],[139.13899,34.18563],[139.13899,34.18563]]],[[[139.12028,34.19309],[139.12028,34.19309],[139.12028,34.19309],[139.12028,34.19309]]],[[[139.13492,34.22743],[139.13492,34.22743],[139.13492,34.22743],[139.13492,34.22743]]],[[[139.12911,34.18348],[139.12911,34.18348],[139.12911,34.18348],[139.12911,34.18348]]],[[[139.12531,34.18746],[139.12531,34.18746],[139.12531,34.18746],[139.12531,34.18746]]],[[[139.15436,34.24001],[139.15436,34.24001],[139.15436,34.24001],[139.15436,34.24001]]],[[[139.12867,34.20133],[139.12867,34.20133],[139.12867,34.20133],[139.12867,34.20133]]],[[[139.17411,34.21259],[139.17411,34.21259],[139.17411,34.21259],[139.17411,34.21259]]],[[[139.13729,34.24202],[139.13729,34.24202],[139.13729,34.24202],[139.13729,34.24202]]],[[[139.12694,34.18692],[139.127,34.18693],[139.12694,34.18692],[139.12694,34.18692]]],[[[139.17268,34.21873],[139.17268,34.21873],[139.17268,34.21873],[139.17268,34.21873]]],[[[139.12751,34.18412],[139.12751,34.18412],[139.12751,34.18412],[139.12751,34.18412]]],[[[139.13007,34.21444],[139.13007,34.21444],[139.13007,34.21444],[139.13007,34.21444]]],[[[139.06797,34.18475],[139.06797,34.18475],[139.06797,34.18475],[139.06797,34.18475]]],[[[139.12699,34.18477],[139.12699,34.18477],[139.12699,34.18477],[139.12699,34.18477]]],[[[139.1307,34.21351],[139.1307,34.21351],[139.1307,34.21351],[139.1307,34.21351]]],[[[139.14333,34.24503],[139.14333,34.24503],[139.14333,34.24503],[139.14333,34.24503]]],[[[139.14596,34.24289],[139.14596,34.24289],[139.14596,34.24289],[139.14596,34.24289]]],[[[139.17595,34.20988],[139.17595,34.20988],[139.17595,34.20988],[139.17595,34.20988]]],[[[139.0718,34.18084],[139.0718,34.18084],[139.0718,34.18084],[139.0718,34.18084]]],[[[139.12897,34.20145],[139.12897,34.20145],[139.12897,34.20145],[139.12897,34.20145]]],[[[139.13376,34.22346],[139.13376,34.22346],[139.13376,34.22346],[139.13376,34.22346]]],[[[139.11994,34.19474],[139.11994,34.19474],[139.11994,34.19474],[139.11994,34.19474]]],[[[139.07029,34.18225],[139.07029,34.18225],[139.07029,34.18225],[139.07029,34.18225]]],[[[139.1483,34.24116],[139.1483,34.24116],[139.1483,34.24116],[139.1483,34.24116]]],[[[139.16392,34.2362],[139.16392,34.2362],[139.16392,34.2362],[139.16392,34.2362]]],[[[138.8182,33.94321],[138.8182,33.94321],[138.8182,33.94321],[138.8182,33.94321]]],[[[139.17403,34.21425],[139.17403,34.21425],[139.17403,34.21425],[139.17403,34.21425]]],[[[139.1205,34.19793],[139.1205,34.19793],[139.1205,34.19793],[139.1205,34.19793]]],[[[139.11987,34.19154],[139.11987,34.19154],[139.11987,34.19154],[139.11987,34.19154]]],[[[139.17503,34.21598],[139.17503,34.21598],[139.17503,34.21598],[139.17503,34.21598]]],[[[139.07007,34.18216],[139.07007,34.18216],[139.07007,34.18216],[139.07007,34.18216]]],[[[139.12609,34.20093],[139.12609,34.20093],[139.12609,34.20093],[139.12609,34.20093]]],[[[139.14092,34.24467],[139.14092,34.24467],[139.14092,34.24467],[139.14092,34.24467]]],[[[139.17093,34.22986],[139.17093,34.22986],[139.17093,34.22986],[139.17093,34.22986]]],[[[139.17596,34.21613],[139.17596,34.21613],[139.17596,34.21613],[139.17596,34.21613]]],[[[139.13544,34.18683],[139.13544,34.18683],[139.13544,34.18683],[139.13544,34.18683]]],[[[139.17751,34.20968],[139.17751,34.20968],[139.17751,34.20968],[139.17751,34.20968]]],[[[139.17395,34.21301],[139.17395,34.21301],[139.17395,34.21301],[139.17395,34.21301]]],[[[139.13009,34.21275],[139.13009,34.21275],[139.13009,34.21275],[139.13009,34.21275]]],[[[138.81711,33.94442],[138.81711,33.94442],[138.81711,33.94442],[138.81711,33.94442]]],[[[139.12953,34.21223],[139.12953,34.21223],[139.12953,34.21223],[139.12953,34.21223]]],[[[138.81641,33.94753],[138.81641,33.94753],[138.81641,33.94753],[138.81641,33.94753]]],[[[139.12099,34.19668],[139.12099,34.19668],[139.12099,34.19668],[139.12099,34.19668]]],[[[139.13086,34.21351],[139.13086,34.21351],[139.13086,34.21351],[139.13086,34.21351]]],[[[139.13613,34.24195],[139.13613,34.24195],[139.13613,34.24195],[139.13613,34.24195]]],[[[139.15688,34.23924],[139.15688,34.23924],[139.15688,34.23924],[139.15688,34.23924]]],[[[139.13801,34.24221],[139.13801,34.24221],[139.13801,34.24221],[139.13801,34.24221]]],[[[139.17079,34.23127],[139.17079,34.23127],[139.17079,34.23127],[139.17079,34.23127]]],[[[139.14088,34.2435],[139.14088,34.2435],[139.14088,34.2435],[139.14088,34.2435]]],[[[139.12835,34.22263],[139.12835,34.22263],[139.12835,34.22263],[139.12835,34.22263]]],[[[138.81713,33.94379],[138.81713,33.94379],[138.81713,33.94379],[138.81713,33.94379]]],[[[139.17068,34.23106],[139.17068,34.23106],[139.17068,34.23106],[139.17068,34.23106]]],[[[139.13038,34.21577],[139.13038,34.21577],[139.13038,34.21577],[139.13038,34.21577]]],[[[139.12784,34.22255],[139.12784,34.22255],[139.12784,34.22255],[139.12784,34.22255]]],[[[139.14867,34.19672],[139.14867,34.19672],[139.14867,34.19672],[139.14867,34.19672]]],[[[139.12439,34.18911],[139.12439,34.18911],[139.12439,34.18911],[139.12439,34.18911]]],[[[139.13287,34.1862],[139.13287,34.1862],[139.13287,34.1862],[139.13287,34.1862]]],[[[139.17579,34.20821],[139.17579,34.20821],[139.17579,34.20821],[139.17579,34.20821]]],[[[139.12904,34.18299],[139.12904,34.18299],[139.12904,34.18299],[139.12904,34.18299]]],[[[139.15341,34.19299],[139.15341,34.19299],[139.15341,34.19299],[139.15341,34.19299]]],[[[139.12759,34.22269],[139.12759,34.22269],[139.12759,34.22269],[139.12759,34.22269]]],[[[139.0679,34.18375],[139.0679,34.18375],[139.0679,34.18375],[139.0679,34.18375]]],[[[139.12878,34.18256],[139.12878,34.18256],[139.12878,34.18256],[139.12878,34.18256]]],[[[139.17188,34.22956],[139.17188,34.22956],[139.17188,34.22956],[139.17188,34.22956]]],[[[139.13445,34.23191],[139.13445,34.23191],[139.13445,34.23191],[139.13445,34.23191]]],[[[139.14693,34.24276],[139.14693,34.24276],[139.14693,34.24276],[139.14693,34.24276]]],[[[139.17489,34.21451],[139.17489,34.21451],[139.17489,34.21451],[139.17489,34.21451]]],[[[139.1197,34.19364],[139.1197,34.19364],[139.1197,34.19364],[139.1197,34.19364]]],[[[139.16217,34.23652],[139.16217,34.23652],[139.16217,34.23652],[139.16217,34.23652]]],[[[139.11979,34.19368],[139.11979,34.19368],[139.11979,34.19368],[139.11979,34.19368]]],[[[139.13175,34.23316],[139.13175,34.23316],[139.13175,34.23316],[139.13175,34.23316]]],[[[139.13623,34.22929],[139.13623,34.22929],[139.13623,34.22929],[139.13623,34.22929]]],[[[139.1749,34.21022],[139.1749,34.21022],[139.1749,34.21022],[139.1749,34.21022]]],[[[138.81693,33.94448],[138.81693,33.94448],[138.81693,33.94448],[138.81693,33.94448]]],[[[139.12901,34.18335],[139.12901,34.18335],[139.12901,34.18335],[139.12901,34.18335]]],[[[139.1315,34.23384],[139.1315,34.23384],[139.1315,34.23384],[139.1315,34.23384]]],[[[139.07047,34.18195],[139.07047,34.18195],[139.07047,34.18195],[139.07047,34.18195]]],[[[139.13481,34.22706],[139.13481,34.22706],[139.13481,34.22706],[139.13481,34.22706]]],[[[139.13062,34.21283],[139.13062,34.21283],[139.13062,34.21283],[139.13062,34.21283]]],[[[139.12101,34.19605],[139.12101,34.19605],[139.12101,34.19605],[139.12101,34.19605]]],[[[139.14669,34.1957],[139.14669,34.1957],[139.14669,34.1957],[139.14669,34.1957]]],[[[139.11985,34.19459],[139.11985,34.19459],[139.11985,34.19459],[139.11985,34.19459]]],[[[139.12878,34.22291],[139.12878,34.22291],[139.12878,34.22291],[139.12878,34.22291]]],[[[139.14162,34.24458],[139.14162,34.24458],[139.14162,34.24458],[139.14162,34.24458]]],[[[139.1473,34.19188],[139.1473,34.19188],[139.1473,34.19188],[139.1473,34.19188]]],[[[139.07124,34.18232],[139.07124,34.18232],[139.07124,34.18232],[139.07124,34.18232]]],[[[139.12521,34.18758],[139.12521,34.18758],[139.12521,34.18758],[139.12521,34.18758]]],[[[139.1364,34.24006],[139.1364,34.24006],[139.1364,34.24006],[139.1364,34.24006]]],[[[139.18311,34.22285],[139.18311,34.22285],[139.18311,34.22285],[139.18311,34.22285]]],[[[139.13646,34.23025],[139.13646,34.23025],[139.13646,34.23025],[139.13646,34.23025]]],[[[139.12895,34.22302],[139.12895,34.22302],[139.12895,34.22302],[139.12895,34.22302]]],[[[139.12035,34.19536],[139.12035,34.19536],[139.12035,34.19536],[139.12035,34.19536]]],[[[139.14245,34.2436],[139.14245,34.2436],[139.14245,34.2436],[139.14245,34.2436]]],[[[139.17538,34.20929],[139.17538,34.20929],[139.17538,34.20929],[139.17538,34.20929]]],[[[139.14864,34.19665],[139.14864,34.19665],[139.14864,34.19665],[139.14864,34.19665]]],[[[139.17079,34.23118],[139.17079,34.23118],[139.17079,34.23118],[139.17079,34.23118]]],[[[139.17768,34.21024],[139.17768,34.21024],[139.17768,34.21024],[139.17768,34.21024]]],[[[139.17879,34.20779],[139.17879,34.20779],[139.17879,34.20779],[139.17879,34.20779]]],[[[139.12014,34.19208],[139.12014,34.19208],[139.12014,34.19208],[139.12014,34.19208]]],[[[139.14135,34.18748],[139.14135,34.18748],[139.14135,34.18748],[139.14135,34.18748]]],[[[139.12775,34.22246],[139.12775,34.22246],[139.12775,34.22246],[139.12775,34.22246]]],[[[139.12337,34.18876],[139.12337,34.18876],[139.12337,34.18876],[139.12337,34.18876]]],[[[139.1749,34.2157],[139.1749,34.2157],[139.1749,34.2157],[139.1749,34.2157]]],[[[139.12849,34.20124],[139.12849,34.20124],[139.12849,34.20124],[139.12849,34.20124]]],[[[139.16398,34.23556],[139.16398,34.23556],[139.16398,34.23556],[139.16398,34.23556]]],[[[139.16,34.23742],[139.16,34.23742],[139.16,34.23742],[139.16,34.23742]]],[[[139.14331,34.2444],[139.14331,34.2444],[139.14331,34.2444],[139.14331,34.2444]]],[[[139.13603,34.18568],[139.13603,34.18568],[139.13603,34.18568],[139.13603,34.18568]]],[[[139.1738,34.21305],[139.1738,34.21305],[139.1738,34.21305],[139.1738,34.21305]]],[[[139.14142,34.24389],[139.14142,34.24389],[139.14142,34.24389],[139.14142,34.24389]]],[[[139.13068,34.21481],[139.13068,34.21481],[139.13068,34.21481],[139.13068,34.21481]]],[[[139.16256,34.20707],[139.16256,34.20707],[139.16256,34.20707],[139.16256,34.20707]]],[[[139.13725,34.23976],[139.13725,34.23976],[139.13725,34.23976],[139.13725,34.23976]]],[[[139.14864,34.24054],[139.14864,34.24054],[139.14864,34.24054],[139.14864,34.24054]]],[[[139.14042,34.18539],[139.14042,34.18539],[139.14042,34.18539],[139.14042,34.18539]]],[[[139.1323,34.18506],[139.1323,34.18506],[139.1323,34.18506],[139.1323,34.18506]]],[[[139.13876,34.2451],[139.13876,34.2451],[139.13876,34.2451],[139.13876,34.2451]]],[[[139.13868,34.24202],[139.13868,34.24202],[139.13868,34.24202],[139.13868,34.24202]]],[[[139.15842,34.23776],[139.15842,34.23776],[139.15842,34.23776],[139.15842,34.23776]]],[[[139.12886,34.18434],[139.12886,34.18434],[139.12886,34.18434],[139.12886,34.18434]]],[[[139.12965,34.2013],[139.12965,34.2013],[139.12965,34.2013],[139.12965,34.2013]]],[[[139.14817,34.19167],[139.14817,34.19167],[139.14817,34.19167],[139.14817,34.19167]]],[[[139.12133,34.19809],[139.12133,34.19809],[139.12133,34.19809],[139.12133,34.19809]]],[[[139.11941,34.194],[139.11941,34.194],[139.11941,34.194],[139.11941,34.194]]],[[[139.13125,34.22347],[139.13125,34.22347],[139.13125,34.22347],[139.13125,34.22347]]],[[[139.13052,34.23459],[139.13052,34.23459],[139.13052,34.23459],[139.13052,34.23459]]],[[[139.13234,34.18541],[139.13234,34.18541],[139.13234,34.18541],[139.13234,34.18541]]],[[[139.16186,34.23666],[139.16186,34.23666],[139.16186,34.23666],[139.16186,34.23666]]],[[[139.17129,34.2278],[139.17129,34.2278],[139.17129,34.2278],[139.17129,34.2278]]],[[[139.13631,34.22943],[139.13631,34.22943],[139.13631,34.22943],[139.13631,34.22943]]],[[[139.14507,34.24276],[139.14507,34.24276],[139.14507,34.24276],[139.14507,34.24276]]],[[[139.17407,34.21791],[139.17407,34.21791],[139.17407,34.21791],[139.17407,34.21791]]],[[[139.13038,34.21557],[139.13038,34.21557],[139.13038,34.21557],[139.13038,34.21557]]],[[[139.13049,34.23466],[139.13049,34.23466],[139.13049,34.23466],[139.13049,34.23466]]],[[[139.14452,34.24369],[139.14452,34.24369],[139.14452,34.24369],[139.14452,34.24369]]],[[[139.12795,34.18705],[139.12795,34.18705],[139.12795,34.18705],[139.12795,34.18705]]],[[[139.16432,34.23556],[139.16432,34.23556],[139.16432,34.23556],[139.16432,34.23556]]],[[[139.17542,34.2092],[139.17542,34.2092],[139.17542,34.2092],[139.17542,34.2092]]],[[[139.12762,34.20085],[139.12762,34.20085],[139.12762,34.20085],[139.12762,34.20085]]],[[[139.11963,34.1939],[139.11963,34.1939],[139.11963,34.1939],[139.11963,34.1939]]],[[[139.16427,34.23575],[139.16427,34.23575],[139.16427,34.23575],[139.16427,34.23575]]],[[[139.12116,34.19651],[139.12116,34.19651],[139.12116,34.19651],[139.12116,34.19651]]],[[[139.1743,34.21523],[139.1743,34.21523],[139.1743,34.21523],[139.1743,34.21523]]],[[[139.17489,34.2158],[139.17489,34.2158],[139.17489,34.2158],[139.17489,34.2158]]],[[[139.13194,34.2334],[139.13194,34.2334],[139.13194,34.2334],[139.13194,34.2334]]],[[[139.12436,34.18896],[139.12436,34.18896],[139.12436,34.18896],[139.12436,34.18896]]],[[[139.12761,34.1841],[139.12761,34.1841],[139.12761,34.1841],[139.12761,34.1841]]],[[[139.12679,34.20065],[139.12679,34.20065],[139.12679,34.20065],[139.12679,34.20065]]],[[[139.13472,34.23182],[139.13472,34.23182],[139.13472,34.23182],[139.13472,34.23182]]],[[[139.12786,34.22311],[139.12786,34.22311],[139.12786,34.22311],[139.12786,34.22311]]],[[[139.13125,34.18535],[139.13125,34.18535],[139.13125,34.18535],[139.13125,34.18535]]],[[[139.12113,34.1966],[139.12113,34.1966],[139.12113,34.1966],[139.12113,34.1966]]],[[[139.14894,34.19657],[139.14894,34.19657],[139.14894,34.19657],[139.14894,34.19657]]],[[[139.12849,34.22238],[139.12849,34.22238],[139.12849,34.22238],[139.12849,34.22238]]],[[[139.16434,34.23546],[139.16434,34.23546],[139.16434,34.23546],[139.16434,34.23546]]],[[[139.13491,34.23185],[139.13491,34.23185],[139.13491,34.23185],[139.13491,34.23185]]],[[[139.17371,34.21315],[139.17371,34.21315],[139.17371,34.21315],[139.17371,34.21315]]],[[[139.1559,34.19514],[139.1559,34.19514],[139.1559,34.19514],[139.1559,34.19514]]],[[[139.12802,34.20087],[139.12802,34.20087],[139.12802,34.20087],[139.12802,34.20087]]],[[[139.15083,34.19354],[139.15083,34.19354],[139.15083,34.19354],[139.15083,34.19354]]],[[[139.17888,34.20779],[139.17888,34.20779],[139.17888,34.20779],[139.17888,34.20779]]],[[[139.13624,34.2292],[139.13624,34.2292],[139.13624,34.2292],[139.13624,34.2292]]],[[[139.12449,34.18944],[139.12449,34.18944],[139.12449,34.18944],[139.12449,34.18944]]],[[[139.171,34.22927],[139.171,34.22927],[139.171,34.22927],[139.171,34.22927]]],[[[139.14383,34.24375],[139.14383,34.24375],[139.14383,34.24375],[139.14383,34.24375]]],[[[139.13226,34.18545],[139.13226,34.18545],[139.13226,34.18545],[139.13226,34.18545]]],[[[139.12101,34.19639],[139.12101,34.19639],[139.12101,34.19639],[139.12101,34.19639]]],[[[139.12999,34.2144],[139.12999,34.2144],[139.12999,34.2144],[139.12999,34.2144]]],[[[139.17869,34.20774],[139.17869,34.20774],[139.17869,34.20774],[139.17869,34.20774]]],[[[139.16311,34.20727],[139.16311,34.20727],[139.16311,34.20727],[139.16311,34.20727]]],[[[139.12146,34.19812],[139.12146,34.19812],[139.12146,34.19812],[139.12146,34.19812]]],[[[139.16444,34.23577],[139.16444,34.23577],[139.16444,34.23577],[139.16444,34.23577]]],[[[139.12421,34.18937],[139.12421,34.18937],[139.12421,34.18937],[139.12421,34.18937]]],[[[139.16788,34.23399],[139.16788,34.23399],[139.16788,34.23399],[139.16788,34.23399]]],[[[139.15852,34.23768],[139.15852,34.23768],[139.15852,34.23768],[139.15852,34.23768]]],[[[139.13086,34.21644],[139.13086,34.21644],[139.13086,34.21644],[139.13086,34.21644]]],[[[139.17051,34.23058],[139.17051,34.23058],[139.17051,34.23058],[139.17051,34.23058]]],[[[139.14654,34.19101],[139.14654,34.19101],[139.14654,34.19101],[139.14654,34.19101]]],[[[139.1363,34.22908],[139.1363,34.22908],[139.1363,34.22908],[139.1363,34.22908]]],[[[139.12827,34.20097],[139.12827,34.20097],[139.12827,34.20097],[139.12827,34.20097]]],[[[139.17529,34.21725],[139.17529,34.21725],[139.17529,34.21725],[139.17529,34.21725]]],[[[139.14098,34.24351],[139.14098,34.24351],[139.14098,34.24351],[139.14098,34.24351]]],[[[139.12871,34.18256],[139.12871,34.18256],[139.12871,34.18256],[139.12871,34.18256]]],[[[139.1312,34.23404],[139.1312,34.23404],[139.1312,34.23404],[139.1312,34.23404]]],[[[139.1489,34.19644],[139.1489,34.19644],[139.1489,34.19644],[139.1489,34.19644]]],[[[139.14867,34.24041],[139.14867,34.24041],[139.14867,34.24041],[139.14867,34.24041]]],[[[139.14654,34.24234],[139.14654,34.24234],[139.14654,34.24234],[139.14654,34.24234]]],[[[139.1711,34.22914],[139.1711,34.22914],[139.1711,34.22914],[139.1711,34.22914]]],[[[139.13037,34.2136],[139.13037,34.2136],[139.13037,34.2136],[139.13037,34.2136]]],[[[139.147,34.19109],[139.147,34.19109],[139.147,34.19109],[139.147,34.19109]]],[[[139.12817,34.20098],[139.12817,34.20098],[139.12817,34.20098],[139.12817,34.20098]]],[[[139.1214,34.19712],[139.1214,34.19712],[139.1214,34.19712],[139.1214,34.19712]]],[[[139.14423,34.24453],[139.14423,34.24453],[139.14423,34.24453],[139.14423,34.24453]]],[[[139.17045,34.2309],[139.17045,34.2309],[139.17045,34.2309],[139.17045,34.2309]]],[[[139.15569,34.1951],[139.15569,34.1951],[139.15569,34.1951],[139.15569,34.1951]]],[[[139.17047,34.23136],[139.17047,34.23136],[139.17047,34.23136],[139.17047,34.23136]]],[[[139.14729,34.24289],[139.14729,34.24289],[139.14729,34.24289],[139.14729,34.24289]]],[[[139.17126,34.22769],[139.17126,34.22769],[139.17126,34.22769],[139.17126,34.22769]]],[[[139.13038,34.21597],[139.13038,34.21597],[139.13038,34.21597],[139.13038,34.21597]]],[[[139.17579,34.21617],[139.17579,34.21617],[139.17579,34.21617],[139.17579,34.21617]]],[[[139.14807,34.19677],[139.14807,34.19677],[139.14807,34.19677],[139.14807,34.19677]]],[[[139.12698,34.20068],[139.12698,34.20068],[139.12698,34.20068],[139.12698,34.20068]]],[[[139.13047,34.21545],[139.13047,34.21545],[139.13047,34.21545],[139.13047,34.21545]]],[[[139.12017,34.19369],[139.12017,34.19369],[139.12017,34.19369],[139.12017,34.19369]]],[[[139.1277,34.20083],[139.1277,34.20083],[139.1277,34.20083],[139.1277,34.20083]]],[[[139.1378,34.24444],[139.1378,34.24444],[139.1378,34.24444],[139.1378,34.24444]]],[[[139.14746,34.2431],[139.14746,34.2431],[139.14746,34.2431],[139.14746,34.2431]]],[[[139.13005,34.21292],[139.13005,34.21292],[139.13005,34.21292],[139.13005,34.21292]]],[[[139.13653,34.22534],[139.13653,34.22534],[139.13653,34.22534],[139.13653,34.22534]]],[[[139.15536,34.19498],[139.15536,34.19498],[139.15536,34.19498],[139.15536,34.19498]]],[[[139.14178,34.24374],[139.14178,34.24374],[139.14178,34.24374],[139.14178,34.24374]]],[[[139.13014,34.20134],[139.13014,34.20134],[139.13014,34.20134],[139.13014,34.20134]]],[[[139.12772,34.22229],[139.12772,34.22229],[139.12772,34.22229],[139.12772,34.22229]]],[[[139.14649,34.24228],[139.14649,34.24228],[139.14649,34.24228],[139.14649,34.24228]]],[[[139.1365,34.22844],[139.1365,34.22844],[139.1365,34.22844],[139.1365,34.22844]]],[[[139.16304,34.20713],[139.16304,34.20713],[139.16304,34.20713],[139.16304,34.20713]]],[[[139.14651,34.24239],[139.14651,34.24239],[139.14651,34.24239],[139.14651,34.24239]]],[[[139.12771,34.20086],[139.12771,34.20086],[139.12771,34.20086],[139.12771,34.20086]]],[[[139.17076,34.22992],[139.17076,34.22992],[139.17076,34.22992],[139.17076,34.22992]]],[[[139.14841,34.24059],[139.14841,34.24059],[139.14841,34.24059],[139.14841,34.24059]]],[[[139.17059,34.23135],[139.17059,34.23135],[139.17059,34.23135],[139.17059,34.23135]]],[[[139.13098,34.21895],[139.13098,34.21895],[139.13098,34.21895],[139.13098,34.21895]]],[[[139.14118,34.24393],[139.14118,34.24393],[139.14118,34.24393],[139.14118,34.24393]]],[[[139.14847,34.24053],[139.14847,34.24053],[139.14847,34.24053],[139.14847,34.24053]]],[[[139.12751,34.20082],[139.12751,34.20082],[139.12751,34.20082],[139.12751,34.20082]]],[[[139.14847,34.24063],[139.14847,34.24063],[139.14847,34.24063],[139.14847,34.24063]]],[[[139.17763,34.20916],[139.17763,34.20916],[139.17763,34.20916],[139.17763,34.20916]]],[[[139.13931,34.24364],[139.13931,34.24364],[139.13931,34.24364],[139.13931,34.24364]]],[[[139.12837,34.22252],[139.12837,34.22252],[139.12837,34.22252],[139.12837,34.22252]]],[[[139.16306,34.20735],[139.16306,34.20735],[139.16306,34.20735],[139.16306,34.20735]]],[[[139.17191,34.21958],[139.17191,34.21958],[139.17191,34.21958],[139.17191,34.21958]]],[[[139.1272,34.18688],[139.1272,34.18688],[139.1272,34.18688],[139.1272,34.18688]]],[[[139.138,34.24441],[139.138,34.24441],[139.138,34.24441],[139.138,34.24441]]],[[[139.13765,34.24443],[139.13765,34.24443],[139.13765,34.24443],[139.13765,34.24443]]],[[[139.17541,34.21704],[139.17541,34.21704],[139.17541,34.21704],[139.17541,34.21704]]],[[[139.14136,34.18779],[139.14136,34.18779],[139.14136,34.18779],[139.14136,34.18779]]],[[[139.16201,34.23674],[139.16201,34.23674],[139.16201,34.23674],[139.16201,34.23674]]],[[[139.06822,34.18403],[139.06822,34.18403],[139.06822,34.18403],[139.06822,34.18403]]],[[[139.1467,34.19198],[139.1467,34.19198],[139.1467,34.19198],[139.1467,34.19198]]],[[[139.16161,34.23666],[139.16161,34.23666],[139.16161,34.23666],[139.16161,34.23666]]],[[[139.12089,34.19013],[139.12089,34.19013],[139.12089,34.19013],[139.12089,34.19013]]],[[[139.17077,34.22988],[139.17077,34.22988],[139.17077,34.22988],[139.17077,34.22988]]],[[[139.17178,34.21964],[139.17178,34.21964],[139.17178,34.21964],[139.17178,34.21964]]],[[[139.1373,34.2421],[139.1373,34.2421],[139.1373,34.2421],[139.1373,34.2421]]],[[[139.13791,34.24438],[139.13791,34.24438],[139.13791,34.24438],[139.13791,34.24438]]],[[[139.14439,34.24344],[139.14439,34.24344],[139.14439,34.24344],[139.14439,34.24344]]],[[[139.17117,34.22916],[139.17117,34.22916],[139.17117,34.22916],[139.17117,34.22916]]],[[[139.13056,34.21579],[139.13056,34.21579],[139.13056,34.21579],[139.13056,34.21579]]],[[[139.1469,34.19199],[139.1469,34.19199],[139.1469,34.19199],[139.1469,34.19199]]],[[[139.17407,34.21788],[139.17407,34.21788],[139.17407,34.21788],[139.17407,34.21788]]],[[[139.14438,34.24351],[139.14438,34.24351],[139.14438,34.24351],[139.14438,34.24351]]],[[[139.14197,34.24394],[139.14197,34.24394],[139.14197,34.24394],[139.14197,34.24394]]],[[[139.13227,34.18533],[139.13227,34.18533],[139.13227,34.18533],[139.13227,34.18533]]],[[[139.13767,34.24449],[139.13767,34.24449],[139.13767,34.24449],[139.13767,34.24449]]],[[[139.13046,34.21555],[139.13046,34.21555],[139.13046,34.21555],[139.13046,34.21555]]],[[[139.13029,34.21558],[139.13029,34.21558],[139.13029,34.21558],[139.13029,34.21558]]],[[[139.16155,34.23672],[139.16155,34.23672],[139.16155,34.23672],[139.16155,34.23672]]],[[[139.12793,34.18689],[139.12793,34.18689],[139.12793,34.18689],[139.12793,34.18689]]],[[[139.17046,34.23078],[139.17046,34.23078],[139.17046,34.23078],[139.17046,34.23078]]],[[[139.13043,34.21593],[139.13043,34.21593],[139.13043,34.21593],[139.13043,34.21593]]],[[[139.1305,34.21581],[139.1305,34.21581],[139.1305,34.21581],[139.1305,34.21581]]],[[[139.14303,34.24588],[139.14303,34.24588],[139.14303,34.24588],[139.14303,34.24588]]],[[[139.14306,34.24583],[139.14306,34.24583],[139.14306,34.24583],[139.14306,34.24583]]],[[[139.15688,34.19773],[139.15688,34.19773],[139.15688,34.19773],[139.15688,34.19773]]],[[[139.13769,34.24445],[139.13769,34.24445],[139.13769,34.24445],[139.13769,34.24445]]],[[[139.17044,34.23129],[139.17044,34.23129],[139.17044,34.23129],[139.17044,34.23129]]]]}},{"type":"Feature","id":"13381","properties":{"prefecture":"東京都","subPrefecture":null,"county":null,"municipality":"三宅村","ward":null,"displayName":"三宅村"},"geometry":{"type":"MultiPolygon","coordinates":[[[[139.53238,34.12463],[139.53593,34.1234],[139.53934,34.12381],[139.54676,34.1198],[139.54715,34.11727],[139.55124,34.11629],[139.55251,34.11489],[139.55432,34.11505],[139.55427,34.1135],[139.55884,34.11129],[139.56031,34.10908],[139.56191,34.10857],[139.56336,34.10549],[139.56323,34.10262],[139.56541,34.10134],[139.56376,34.10068],[139.56554,34.09743],[139.56525,34.09376],[139.56286,34.09028],[139.56342,34.08863],[139.56132,34.08636],[139.5613,34.08352],[139.5633,34.08001],[139.56684,34.08024],[139.56313,34.07855],[139.56371,34.07488],[139.56322,34.06908],[139.5609,34.06872],[139.55875,34.06436],[139.55558,34.0636],[139.55565,34.06237],[139.55355,34.06026],[139.55099,34.05941],[139.55073,34.05844],[139.5456,34.0582],[139.5423,34.05629],[139.5404,34.05622],[139.53777,34.05378],[139.53373,34.05275],[139.53381,34.04924],[139.53206,34.0473],[139.52922,34.04652],[139.52527,34.04945],[139.5232,34.04899],[139.52033,34.04687],[139.51901,34.0481],[139.51559,34.0481],[139.51233,34.04882],[139.5093,34.04761],[139.5064,34.04777],[139.50128,34.04569],[139.49684,34.04834],[139.49433,34.04893],[139.4929,34.04814],[139.49076,34.05054],[139.4878,34.05238],[139.485,34.05266],[139.48238,34.05149],[139.48099,34.05418],[139.48128,34.05624],[139.48014,34.05768],[139.47848,34.05777],[139.47884,34.05933],[139.47759,34.06045],[139.4786,34.06495],[139.48183,34.06755],[139.4801,34.06856],[139.48018,34.07064],[139.47848,34.07251],[139.47521,34.07325],[139.47318,34.07674],[139.47401,34.07835],[139.47822,34.08022],[139.48169,34.08317],[139.4823,34.08733],[139.48209,34.09038],[139.48438,34.09284],[139.48559,34.09309],[139.4883,34.09561],[139.48746,34.09818],[139.48797,34.10121],[139.48967,34.10064],[139.49297,34.10251],[139.49393,34.10563],[139.49184,34.10785],[139.4918,34.1093],[139.48931,34.11248],[139.49158,34.11841],[139.49365,34.11983],[139.4973,34.12051],[139.49826,34.12178],[139.50233,34.12132],[139.5065,34.12274],[139.51124,34.1203],[139.51391,34.12053],[139.51753,34.12201],[139.51933,34.12394],[139.52269,34.12488],[139.52507,34.12411],[139.52749,34.1252],[139.53235,34.12373],[139.53238,34.12463]]],[[[139.38375,34.04942],[139.38375,34.04942],[139.38375,34.04942],[139.38375,34.04942]]],[[[139.38494,34.04612],[139.38494,34.04612],[139.38494,34.04612],[139.38494,34.04612]]],[[[139.38021,34.04625],[139.38021,34.04625],[139.38021,34.04625],[139.38021,34.04625]]],[[[139.47791,34.06558],[139.47791,34.06558],[139.47791,34.06558],[139.47791,34.06558]]],[[[139.3786,34.04577],[139.3786,34.04577],[139.3786,34.04577],[139.3786,34.04577]]],[[[139.50133,34.04412],[139.50133,34.04412],[139.50133,34.04412],[139.50133,34.04412]]],[[[139.54957,34.05731],[139.54957,34.05731],[139.54957,34.05731],[139.54957,34.05731]]],[[[139.51908,34.12377],[139.51908,34.12377],[139.51908,34.12377],[139.51908,34.12377]]],[[[139.38551,34.04748],[139.38551,34.04748],[139.38551,34.04748],[139.38551,34.04748]]],[[[139.38246,34.04851],[139.38246,34.04851],[139.38246,34.04851],[139.38246,34.04851]]],[[[139.48062,34.05658],[139.48062,34.05658],[139.48062,34.05658],[139.48062,34.05658]]],[[[139.47608,34.08007],[139.47608,34.08007],[139.47608,34.08007],[139.47608,34.08007]]],[[[139.38447,34.04403],[139.38447,34.04403],[139.38447,34.04403],[139.38447,34.04403]]],[[[139.385,34.04631],[139.385,34.04631],[139.385,34.04631],[139.385,34.04631]]],[[[139.47678,34.07194],[139.47678,34.07194],[139.47678,34.07194],[139.47678,34.07194]]],[[[139.47746,34.06199],[139.47746,34.06199],[139.47746,34.06199],[139.47746,34.06199]]],[[[139.37973,34.04539],[139.37973,34.04539],[139.37973,34.04539],[139.37973,34.04539]]],[[[139.53946,34.05355],[139.53946,34.05355],[139.53946,34.05355],[139.53946,34.05355]]],[[[139.37949,34.04589],[139.37949,34.04589],[139.37949,34.04589],[139.37949,34.04589]]],[[[139.48029,34.05367],[139.48029,34.05367],[139.48029,34.05367],[139.48029,34.05367]]],[[[139.54447,34.05556],[139.54447,34.05556],[139.54447,34.05556],[139.54447,34.05556]]],[[[139.53112,34.04636],[139.53112,34.04636],[139.53112,34.04636],[139.53112,34.04636]]],[[[139.5504,34.05791],[139.5504,34.05791],[139.5504,34.05791],[139.5504,34.05791]]],[[[139.48551,34.0522],[139.48551,34.0522],[139.48551,34.0522],[139.48551,34.0522]]],[[[139.54053,34.12446],[139.54053,34.12446],[139.54053,34.12446],[139.54053,34.12446]]],[[[139.54369,34.05576],[139.54369,34.05576],[139.54369,34.05576],[139.54369,34.05576]]],[[[139.56525,34.09128],[139.56525,34.09128],[139.56525,34.09128],[139.56525,34.09128]]],[[[139.48313,34.05119],[139.48313,34.05119],[139.48313,34.05119],[139.48313,34.05119]]],[[[139.48007,34.05346],[139.48007,34.05346],[139.48007,34.05346],[139.48007,34.05346]]],[[[139.47978,34.05422],[139.47978,34.05422],[139.47978,34.05422],[139.47978,34.05422]]],[[[139.47549,34.07225],[139.47549,34.07225],[139.47549,34.07225],[139.47549,34.07225]]],[[[139.53092,34.04672],[139.53092,34.04672],[139.53092,34.04672],[139.53092,34.04672]]],[[[139.38347,34.04793],[139.38347,34.04793],[139.38347,34.04793],[139.38347,34.04793]]],[[[139.38472,34.04698],[139.38472,34.04698],[139.38472,34.04698],[139.38472,34.04698]]],[[[139.47498,34.07266],[139.47498,34.07266],[139.47498,34.07266],[139.47498,34.07266]]],[[[139.53461,34.12437],[139.53461,34.12437],[139.53461,34.12437],[139.53461,34.12437]]],[[[139.53052,34.04682],[139.53052,34.04682],[139.53052,34.04682],[139.53052,34.04682]]],[[[139.48214,34.05077],[139.48214,34.05077],[139.48214,34.05077],[139.48214,34.05077]]],[[[139.47982,34.05351],[139.47982,34.05351],[139.47982,34.05351],[139.47982,34.05351]]],[[[139.54535,34.05581],[139.54535,34.05581],[139.54535,34.05581],[139.54535,34.05581]]],[[[139.3842,34.04665],[139.3842,34.04665],[139.3842,34.04665],[139.3842,34.04665]]],[[[139.48022,34.05462],[139.48022,34.05462],[139.48022,34.05462],[139.48022,34.05462]]],[[[139.50021,34.04564],[139.50021,34.04564],[139.50021,34.04564],[139.50021,34.04564]]],[[[139.48083,34.05199],[139.48083,34.05199],[139.48083,34.05199],[139.48083,34.05199]]],[[[139.47794,34.0644],[139.47794,34.0644],[139.47794,34.0644],[139.47794,34.0644]]],[[[139.47826,34.06474],[139.47826,34.06474],[139.47826,34.06474],[139.47826,34.06474]]],[[[139.3833,34.04815],[139.3833,34.04815],[139.3833,34.04815],[139.3833,34.04815]]],[[[139.38316,34.04834],[139.38316,34.04834],[139.38316,34.04834],[139.38316,34.04834]]],[[[139.38483,34.04718],[139.38483,34.04718],[139.38483,34.04718],[139.38483,34.04718]]],[[[139.54422,34.05615],[139.54422,34.05615],[139.54422,34.05615],[139.54422,34.05615]]],[[[139.37869,34.04604],[139.37869,34.04604],[139.37869,34.04604],[139.37869,34.04604]]],[[[139.54576,34.0558],[139.54576,34.0558],[139.54576,34.0558],[139.54576,34.0558]]],[[[139.54575,34.0556],[139.54575,34.0556],[139.54575,34.0556],[139.54575,34.0556]]]]}},{"type":"Feature","id":"13382","properties":{"prefecture":"東京都","subPrefecture":null,"county":null,"municipality":"御蔵島村","ward":null,"displayName":"御蔵島村"},"geometry":{"type":"MultiPolygon","coordinates":[[[[139.60315,33.90106],[139.60528,33.90084],[139.61069,33.89786],[139.61604,33.89302],[139.61833,33.89232],[139.62153,33.88793],[139.62508,33.88386],[139.62803,33.8778],[139.6295,33.87616],[139.63004,33.87391],[139.63166,33.8719],[139.63177,33.86945],[139.62816,33.86187],[139.62574,33.85895],[139.62359,33.85511],[139.62,33.85184],[139.61474,33.85233],[139.61194,33.85333],[139.60605,33.85435],[139.60079,33.85479],[139.59102,33.85485],[139.58344,33.85783],[139.58042,33.85938],[139.57838,33.86166],[139.57681,33.86553],[139.57728,33.87487],[139.5767,33.87768],[139.57811,33.88254],[139.58235,33.88845],[139.58945,33.89591],[139.5909,33.89807],[139.60315,33.90106]]],[[[139.61956,33.85164],[139.61956,33.85164],[139.61956,33.85164],[139.61956,33.85164]]],[[[139.29904,33.65228],[139.29904,33.65228],[139.29904,33.65228],[139.29904,33.65228]]],[[[139.61975,33.85036],[139.61975,33.85036],[139.61975,33.85036],[139.61975,33.85036]]],[[[139.6215,33.85027],[139.6215,33.85027],[139.6215,33.85027],[139.6215,33.85027]]],[[[139.6191,33.85085],[139.6191,33.85085],[139.6191,33.85085],[139.6191,33.85085]]],[[[139.59093,33.85298],[139.59093,33.85298],[139.59093,33.85298],[139.59093,33.85298]]],[[[139.59273,33.85396],[139.59273,33.85396],[139.59273,33.85396],[139.59273,33.85396]]],[[[139.59556,33.89983],[139.59556,33.89983],[139.59556,33.89983],[139.59556,33.89983]]],[[[139.62188,33.85025],[139.62188,33.85025],[139.62188,33.85025],[139.62188,33.85025]]],[[[139.57635,33.87161],[139.57635,33.87161],[139.57635,33.87161],[139.57635,33.87161]]],[[[139.5923,33.85375],[139.5923,33.85375],[139.5923,33.85375],[139.5923,33.85375]]],[[[139.62135,33.85101],[139.62135,33.85101],[139.62135,33.85101],[139.62135,33.85101]]],[[[139.29851,33.65146],[139.29851,33.65146],[139.29851,33.65146],[139.29851,33.65146]]],[[[139.59069,33.85409],[139.59069,33.85409],[139.59069,33.85409],[139.59069,33.85409]]],[[[139.60145,33.90133],[139.60145,33.90133],[139.60145,33.90133],[139.60145,33.90133]]],[[[139.59198,33.85319],[139.59198,33.85319],[139.59198,33.85319],[139.59198,33.85319]]],[[[139.61809,33.89267],[139.61809,33.89267],[139.61809,33.89267],[139.61809,33.89267]]],[[[139.29832,33.65186],[139.29832,33.65186],[139.29832,33.65186],[139.29832,33.65186]]],[[[139.61997,33.89106],[139.61997,33.89106],[139.61997,33.89106],[139.61997,33.89106]]],[[[139.57653,33.86614],[139.57653,33.86614],[139.57653,33.86614],[139.57653,33.86614]]],[[[139.62967,33.87732],[139.62967,33.87732],[139.62967,33.87732],[139.62967,33.87732]]],[[[139.61968,33.89176],[139.61968,33.89176],[139.61968,33.89176],[139.61968,33.89176]]],[[[139.61982,33.89107],[139.61982,33.89107],[139.61982,33.89107],[139.61982,33.89107]]],[[[139.58499,33.85683],[139.58499,33.85683],[139.58499,33.85683],[139.58499,33.85683]]],[[[139.29855,33.65219],[139.29855,33.65219],[139.29855,33.65219],[139.29855,33.65219]]],[[[139.5809,33.85908],[139.5809,33.85908],[139.5809,33.85908],[139.5809,33.85908]]],[[[139.60462,33.90104],[139.60462,33.90104],[139.60462,33.90104],[139.60462,33.90104]]],[[[139.57651,33.86712],[139.57651,33.86712],[139.57651,33.86712],[139.57651,33.86712]]],[[[139.62507,33.85667],[139.62507,33.85667],[139.62507,33.85667],[139.62507,33.85667]]],[[[139.62069,33.85099],[139.62069,33.85099],[139.62069,33.85099],[139.62069,33.85099]]],[[[139.59575,33.9],[139.59575,33.9],[139.59575,33.9],[139.59575,33.9]]],[[[139.59787,33.90005],[139.59787,33.90005],[139.59787,33.90005],[139.59787,33.90005]]],[[[139.6283,33.86195],[139.6283,33.86195],[139.6283,33.86195],[139.6283,33.86195]]],[[[139.62488,33.85664],[139.62488,33.85664],[139.62488,33.85664],[139.62488,33.85664]]],[[[139.57642,33.86665],[139.57642,33.86665],[139.57642,33.86665],[139.57642,33.86665]]],[[[139.6002,33.90085],[139.6002,33.90085],[139.6002,33.90085],[139.6002,33.90085]]],[[[139.6004,33.90077],[139.6004,33.90077],[139.6004,33.90077],[139.6004,33.90077]]],[[[139.61725,33.89265],[139.61725,33.89265],[139.61725,33.89265],[139.61725,33.89265]]],[[[139.59565,33.89974],[139.59565,33.89974],[139.59565,33.89974],[139.59565,33.89974]]],[[[139.61842,33.89264],[139.61842,33.89264],[139.61842,33.89264],[139.61842,33.89264]]],[[[139.60557,33.90089],[139.60557,33.90089],[139.60557,33.90089],[139.60557,33.90089]]],[[[139.62579,33.85856],[139.62579,33.85856],[139.62579,33.85856],[139.62579,33.85856]]],[[[139.59915,33.90035],[139.59915,33.90035],[139.59915,33.90035],[139.59915,33.90035]]],[[[139.57679,33.86766],[139.57679,33.86766],[139.57679,33.86766],[139.57679,33.86766]]],[[[139.62281,33.85433],[139.62281,33.85433],[139.62281,33.85433],[139.62281,33.85433]]],[[[139.57675,33.8775],[139.57675,33.8775],[139.57675,33.8775],[139.57675,33.8775]]],[[[139.62596,33.85868],[139.62596,33.85868],[139.62596,33.85868],[139.62596,33.85868]]],[[[139.59459,33.89904],[139.59459,33.89904],[139.59459,33.89904],[139.59459,33.89904]]],[[[139.57657,33.87782],[139.57657,33.87782],[139.57657,33.87782],[139.57657,33.87782]]],[[[139.58855,33.85541],[139.58855,33.85541],[139.58855,33.85541],[139.58855,33.85541]]],[[[139.5767,33.87734],[139.5767,33.87734],[139.5767,33.87734],[139.5767,33.87734]]],[[[139.62072,33.85225],[139.62072,33.85225],[139.62072,33.85225],[139.62072,33.85225]]],[[[139.62871,33.86285],[139.62871,33.86285],[139.62871,33.86285],[139.62871,33.86285]]],[[[139.62605,33.85899],[139.62605,33.85899],[139.62605,33.85899],[139.62605,33.85899]]],[[[139.60007,33.90095],[139.60007,33.90095],[139.60007,33.90095],[139.60007,33.90095]]],[[[139.57689,33.86907],[139.57689,33.86907],[139.57689,33.86907],[139.57689,33.86907]]],[[[139.62084,33.85241],[139.62084,33.85241],[139.62084,33.85241],[139.62084,33.85241]]],[[[139.61827,33.89248],[139.61827,33.89248],[139.61827,33.89248],[139.61827,33.89248]]],[[[139.6012,33.90087],[139.6012,33.90087],[139.6012,33.90087],[139.6012,33.90087]]],[[[139.57683,33.86909],[139.57683,33.86909],[139.57683,33.86909],[139.57683,33.86909]]],[[[139.63012,33.87722],[139.63012,33.87722],[139.63012,33.87722],[139.63012,33.87722]]],[[[139.62552,33.88301],[139.62552,33.88301],[139.62552,33.88301],[139.62552,33.88301]]]]}},{"type":"Feature","id":"13401","properties":{"prefecture":"東京都","subPrefecture":null,"county":null,"municipality":"八丈町","ward":null,"displayName":"八丈町"},"geometry":{"type":"MultiPolygon","coordinates":[[[[139.76001,33.15898],[139.76126,33.15929],[139.76813,33.1575],[139.77223,33.15864],[139.78021,33.15233],[139.78394,33.14854],[139.78677,33.14796],[139.7889,33.1453],[139.79085,33.14531],[139.79498,33.14216],[139.79608,33.14236],[139.7961,33.13887],[139.79702,33.1353],[139.79858,33.13528],[139.79789,33.13368],[139.80081,33.13248],[139.80379,33.13268],[139.80556,33.12945],[139.8077,33.13037],[139.8103,33.12999],[139.81142,33.12831],[139.81415,33.1281],[139.81697,33.12335],[139.81975,33.12381],[139.81715,33.12188],[139.81701,33.12024],[139.82259,33.11982],[139.82732,33.11739],[139.83041,33.11712],[139.83606,33.11814],[139.84236,33.11634],[139.84546,33.11664],[139.84598,33.11487],[139.84896,33.11164],[139.84987,33.10787],[139.85156,33.10463],[139.8575,33.09905],[139.85437,33.09357],[139.8544,33.09143],[139.85623,33.08815],[139.85852,33.08601],[139.85838,33.08163],[139.85744,33.08042],[139.8586,33.07936],[139.85506,33.07747],[139.84995,33.07801],[139.84668,33.07702],[139.8458,33.07576],[139.84246,33.07634],[139.84003,33.076],[139.83741,33.07012],[139.83533,33.06796],[139.83401,33.06774],[139.83315,33.06572],[139.83434,33.06257],[139.83364,33.05894],[139.83347,33.05474],[139.83691,33.05072],[139.83465,33.04734],[139.83211,33.0459],[139.82728,33.04998],[139.82001,33.05791],[139.81518,33.05952],[139.81395,33.05841],[139.81265,33.0597],[139.8102,33.05876],[139.80761,33.05934],[139.80378,33.06316],[139.80191,33.06389],[139.7989,33.06287],[139.79587,33.0627],[139.7934,33.06576],[139.79049,33.06646],[139.78594,33.06937],[139.78391,33.06983],[139.78179,33.07193],[139.78012,33.07588],[139.78045,33.08176],[139.7796,33.08613],[139.78011,33.08949],[139.77883,33.09586],[139.77615,33.09841],[139.77776,33.1],[139.77557,33.09991],[139.7728,33.09772],[139.7698,33.09919],[139.7679,33.10166],[139.76364,33.10159],[139.76156,33.10243],[139.75833,33.10235],[139.75372,33.10494],[139.75277,33.10891],[139.75183,33.11012],[139.75259,33.1118],[139.75113,33.11556],[139.74468,33.12108],[139.74435,33.1239],[139.74283,33.1269],[139.74196,33.1267],[139.73981,33.13142],[139.73972,33.13472],[139.73846,33.13766],[139.7396,33.14539],[139.74194,33.14797],[139.74383,33.15333],[139.74601,33.15562],[139.7529,33.15799],[139.7569,33.15821],[139.75743,33.15918],[139.76001,33.15898]]],[[[139.68586,33.13662],[139.68718,33.13568],[139.68889,33.1323],[139.69225,33.12992],[139.6956,33.12904],[139.69724,33.12774],[139.69902,33.12455],[139.69914,33.12064],[139.69999,33.11838],[139.70112,33.11858],[139.70015,33.11643],[139.69286,33.11763],[139.68883,33.11617],[139.68383,33.11857],[139.68065,33.12581],[139.67682,33.12972],[139.67506,33.13086],[139.67665,33.13203],[139.67529,33.13342],[139.67724,33.13646],[139.67879,33.13428],[139.68101,33.13486],[139.683,33.13661],[139.68586,33.13662]]],[[[139.69814,33.13066],[139.69814,33.13066],[139.69814,33.13066],[139.69814,33.13066]]],[[[139.83843,33.11945],[139.83843,33.11945],[139.83843,33.11945],[139.83843,33.11945]]],[[[139.70116,33.11737],[139.70116,33.11737],[139.70116,33.11737],[139.70116,33.11737]]],[[[139.6838,33.1162],[139.6838,33.1162],[139.6838,33.1162],[139.6838,33.1162]]],[[[139.6753,33.12994],[139.6753,33.12994],[139.6753,33.12994],[139.6753,33.12994]]],[[[139.6888,33.11428],[139.6888,33.11428],[139.6888,33.11428],[139.6888,33.11428]]],[[[139.81871,33.1255],[139.81871,33.1255],[139.81871,33.1255],[139.81871,33.1255]]],[[[139.83719,33.11876],[139.83719,33.11876],[139.83719,33.11876],[139.83719,33.11876]]],[[[139.81864,33.12495],[139.81864,33.12495],[139.81864,33.12495],[139.81864,33.12495]]],[[[139.84068,33.07262],[139.84068,33.07262],[139.84068,33.07262],[139.84068,33.07262]]],[[[139.76923,33.09999],[139.76923,33.09999],[139.76923,33.09999],[139.76923,33.09999]]],[[[139.75294,33.10619],[139.75294,33.10619],[139.75294,33.10619],[139.75294,33.10619]]],[[[139.84497,33.11717],[139.84497,33.11717],[139.84497,33.11717],[139.84497,33.11717]]],[[[139.81623,33.12864],[139.81623,33.12864],[139.81623,33.12864],[139.81623,33.12864]]],[[[139.67584,33.12941],[139.67584,33.12941],[139.67584,33.12941],[139.67584,33.12941]]],[[[139.81789,33.12588],[139.81789,33.12588],[139.81789,33.12588],[139.81789,33.12588]]],[[[139.846,33.1172],[139.846,33.1172],[139.846,33.1172],[139.846,33.1172]]],[[[139.75215,33.10715],[139.75215,33.10715],[139.75215,33.10715],[139.75215,33.10715]]],[[[139.77984,33.07467],[139.77984,33.07467],[139.77984,33.07467],[139.77984,33.07467]]],[[[139.67769,33.13632],[139.67769,33.13632],[139.67769,33.13632],[139.67769,33.13632]]],[[[139.74743,33.15684],[139.74743,33.15684],[139.74743,33.15684],[139.74743,33.15684]]],[[[139.78391,33.06904],[139.78391,33.06904],[139.78391,33.06904],[139.78391,33.06904]]],[[[139.76847,33.10028],[139.76847,33.10028],[139.76847,33.10028],[139.76847,33.10028]]],[[[139.78058,33.07225],[139.78058,33.07225],[139.78058,33.07225],[139.78058,33.07225]]],[[[139.84678,33.11635],[139.84678,33.11635],[139.84678,33.11635],[139.84678,33.11635]]],[[[139.83592,33.11849],[139.83592,33.11849],[139.83592,33.11849],[139.83592,33.11849]]],[[[139.84454,33.11703],[139.84454,33.11703],[139.84454,33.11703],[139.84454,33.11703]]],[[[139.68383,33.13674],[139.68383,33.13674],[139.68383,33.13674],[139.68383,33.13674]]],[[[139.76004,33.16024],[139.76004,33.16024],[139.76004,33.16024],[139.76004,33.16024]]],[[[139.69343,33.12993],[139.69343,33.12993],[139.69343,33.12993],[139.69343,33.12993]]],[[[139.79026,33.06607],[139.79026,33.06607],[139.79026,33.06607],[139.79026,33.06607]]],[[[139.78244,33.0709],[139.78244,33.0709],[139.78244,33.0709],[139.78244,33.0709]]],[[[139.84027,33.11791],[139.84027,33.11791],[139.84027,33.11791],[139.84027,33.11791]]],[[[139.75568,33.15832],[139.75568,33.15832],[139.75568,33.15832],[139.75568,33.15832]]],[[[139.75353,33.10516],[139.75353,33.10516],[139.75353,33.10516],[139.75353,33.10516]]],[[[139.79554,33.1431],[139.79554,33.1431],[139.79554,33.1431],[139.79554,33.1431]]],[[[139.78226,33.15176],[139.78226,33.15176],[139.78226,33.15176],[139.78226,33.15176]]],[[[139.68152,33.12056],[139.68152,33.12056],[139.68152,33.12056],[139.68152,33.12056]]],[[[139.69446,33.12956],[139.69446,33.12956],[139.69446,33.12956],[139.69446,33.12956]]],[[[139.8387,33.04827],[139.8387,33.04827],[139.8387,33.04827],[139.8387,33.04827]]],[[[139.84649,33.11753],[139.84649,33.11753],[139.84649,33.11753],[139.84649,33.11753]]],[[[139.68346,33.11768],[139.68346,33.11768],[139.68346,33.11768],[139.68346,33.11768]]],[[[139.81137,33.12897],[139.81137,33.12897],[139.81137,33.12897],[139.81137,33.12897]]],[[[139.80547,33.06133],[139.80547,33.06133],[139.80547,33.06133],[139.80547,33.06133]]],[[[139.6818,33.11512],[139.6818,33.11512],[139.6818,33.11512],[139.6818,33.11512]]],[[[139.77476,33.15751],[139.77476,33.15751],[139.77476,33.15751],[139.77476,33.15751]]],[[[139.77461,33.15773],[139.77461,33.15773],[139.77461,33.15773],[139.77461,33.15773]]],[[[139.67923,33.12594],[139.67923,33.12594],[139.67923,33.12594],[139.67923,33.12594]]],[[[139.75049,33.11553],[139.75049,33.11553],[139.75049,33.11553],[139.75049,33.11553]]],[[[139.79371,33.14397],[139.79371,33.14397],[139.79371,33.14397],[139.79371,33.14397]]],[[[139.75521,33.10325],[139.75521,33.10325],[139.75521,33.10325],[139.75521,33.10325]]],[[[139.69912,33.11548],[139.69912,33.11548],[139.69912,33.11548],[139.69912,33.11548]]],[[[139.69378,33.12979],[139.69378,33.12979],[139.69378,33.12979],[139.69378,33.12979]]],[[[139.7681,33.09993],[139.7681,33.09993],[139.7681,33.09993],[139.7681,33.09993]]],[[[139.7938,33.14367],[139.7938,33.14367],[139.7938,33.14367],[139.7938,33.14367]]],[[[139.79521,33.14351],[139.79521,33.14351],[139.79521,33.14351],[139.79521,33.14351]]],[[[139.78069,33.15234],[139.78069,33.15234],[139.78069,33.15234],[139.78069,33.15234]]],[[[139.78996,33.14596],[139.78996,33.14596],[139.78996,33.14596],[139.78996,33.14596]]],[[[139.78356,33.06916],[139.78356,33.06916],[139.78356,33.06916],[139.78356,33.06916]]],[[[139.74752,33.15651],[139.74752,33.15651],[139.74752,33.15651],[139.74752,33.15651]]],[[[139.7822,33.07083],[139.7822,33.07083],[139.7822,33.07083],[139.7822,33.07083]]],[[[139.77476,33.15822],[139.77476,33.15822],[139.77476,33.15822],[139.77476,33.15822]]],[[[139.78472,33.06865],[139.78472,33.06865],[139.78472,33.06865],[139.78472,33.06865]]],[[[139.76731,33.10006],[139.76731,33.10006],[139.76731,33.10006],[139.76731,33.10006]]],[[[139.69937,33.12136],[139.69937,33.12136],[139.69937,33.12136],[139.69937,33.12136]]],[[[139.79771,33.13742],[139.79771,33.13742],[139.79771,33.13742],[139.79771,33.13742]]],[[[139.68338,33.11796],[139.68338,33.11796],[139.68338,33.11796],[139.68338,33.11796]]],[[[139.68276,33.11531],[139.68276,33.11531],[139.68276,33.11531],[139.68276,33.11531]]],[[[139.69946,33.12017],[139.69946,33.12017],[139.69946,33.12017],[139.69946,33.12017]]],[[[139.78453,33.06853],[139.78453,33.06853],[139.78453,33.06853],[139.78453,33.06853]]],[[[139.68198,33.11547],[139.68198,33.11547],[139.68198,33.11547],[139.68198,33.11547]]],[[[139.81766,33.12461],[139.81766,33.12461],[139.81766,33.12461],[139.81766,33.12461]]],[[[139.76764,33.15868],[139.76764,33.15868],[139.76764,33.15868],[139.76764,33.15868]]],[[[139.76882,33.15844],[139.76882,33.15844],[139.76882,33.15844],[139.76882,33.15844]]],[[[139.68063,33.11998],[139.68063,33.11998],[139.68063,33.11998],[139.68063,33.11998]]],[[[139.7897,33.14581],[139.7897,33.14581],[139.7897,33.14581],[139.7897,33.14581]]],[[[139.81878,33.12566],[139.81878,33.12566],[139.81878,33.12566],[139.81878,33.12566]]],[[[139.78333,33.06975],[139.78333,33.06975],[139.78333,33.06975],[139.78333,33.06975]]],[[[139.75046,33.11579],[139.75046,33.11579],[139.75046,33.11579],[139.75046,33.11579]]],[[[139.79805,33.13745],[139.79805,33.13745],[139.79805,33.13745],[139.79805,33.13745]]],[[[139.83652,33.11875],[139.83652,33.11875],[139.83652,33.11875],[139.83652,33.11875]]],[[[139.69835,33.12613],[139.69835,33.12613],[139.69835,33.12613],[139.69835,33.12613]]],[[[139.69787,33.12712],[139.69787,33.12712],[139.69787,33.12712],[139.69787,33.12712]]],[[[139.77431,33.15779],[139.77431,33.15779],[139.77431,33.15779],[139.77431,33.15779]]],[[[139.78378,33.06949],[139.78378,33.06949],[139.78378,33.06949],[139.78378,33.06949]]],[[[139.80679,33.13051],[139.80679,33.13051],[139.80679,33.13051],[139.80679,33.13051]]],[[[139.70078,33.11712],[139.70078,33.11712],[139.70078,33.11712],[139.70078,33.11712]]],[[[139.83636,33.11862],[139.83636,33.11862],[139.83636,33.11862],[139.83636,33.11862]]],[[[139.79837,33.1374],[139.79837,33.1374],[139.79837,33.1374],[139.79837,33.1374]]],[[[139.81085,33.12921],[139.81085,33.12921],[139.81085,33.12921],[139.81085,33.12921]]],[[[139.68073,33.11988],[139.68073,33.11988],[139.68073,33.11988],[139.68073,33.11988]]],[[[139.81509,33.12849],[139.81509,33.12849],[139.81509,33.12849],[139.81509,33.12849]]],[[[139.68839,33.11382],[139.68839,33.11382],[139.68839,33.11382],[139.68839,33.11382]]],[[[139.76982,33.09869],[139.76982,33.09869],[139.76982,33.09869],[139.76982,33.09869]]],[[[139.69928,33.12213],[139.69928,33.12213],[139.69928,33.12213],[139.69928,33.12213]]],[[[139.7936,33.14433],[139.7936,33.14433],[139.7936,33.14433],[139.7936,33.14433]]],[[[139.78114,33.15222],[139.78114,33.15222],[139.78114,33.15222],[139.78114,33.15222]]],[[[139.84542,33.11779],[139.84542,33.11779],[139.84542,33.11779],[139.84542,33.11779]]],[[[139.79514,33.14326],[139.79514,33.14326],[139.79514,33.14326],[139.79514,33.14326]]],[[[139.80621,33.12991],[139.80621,33.12991],[139.80621,33.12991],[139.80621,33.12991]]],[[[139.76859,33.15832],[139.76859,33.15832],[139.76859,33.15832],[139.76859,33.15832]]],[[[139.68876,33.11392],[139.68876,33.11392],[139.68876,33.11392],[139.68876,33.11392]]],[[[139.78327,33.06952],[139.78327,33.06952],[139.78327,33.06952],[139.78327,33.06952]]],[[[139.69932,33.12069],[139.69932,33.12069],[139.69932,33.12069],[139.69932,33.12069]]],[[[139.67804,33.13568],[139.67804,33.13568],[139.67804,33.13568],[139.67804,33.13568]]],[[[139.74228,33.14965],[139.74228,33.14965],[139.74228,33.14965],[139.74228,33.14965]]],[[[139.74337,33.1523],[139.74337,33.1523],[139.74337,33.1523],[139.74337,33.1523]]],[[[139.83562,33.1184],[139.83562,33.1184],[139.83562,33.1184],[139.83562,33.1184]]],[[[139.69584,33.12908],[139.69584,33.12908],[139.69584,33.12908],[139.69584,33.12908]]],[[[139.79626,33.13933],[139.79626,33.13933],[139.79626,33.13933],[139.79626,33.13933]]],[[[139.83821,33.04973],[139.83821,33.04973],[139.83821,33.04973],[139.83821,33.04973]]],[[[139.74248,33.15],[139.74248,33.15],[139.74248,33.15],[139.74248,33.15]]],[[[139.68862,33.11387],[139.68862,33.11387],[139.68862,33.11387],[139.68862,33.11387]]],[[[139.68205,33.12243],[139.68205,33.12243],[139.68205,33.12243],[139.68205,33.12243]]],[[[139.7435,33.15252],[139.7435,33.15252],[139.7435,33.15252],[139.7435,33.15252]]],[[[139.68357,33.11938],[139.68357,33.11938],[139.68357,33.11938],[139.68357,33.11938]]],[[[139.68267,33.13653],[139.68267,33.13653],[139.68267,33.13653],[139.68267,33.13653]]],[[[139.68347,33.11991],[139.68347,33.11991],[139.68347,33.11991],[139.68347,33.11991]]],[[[139.69901,33.1159],[139.69901,33.1159],[139.69901,33.1159],[139.69901,33.1159]]],[[[139.68263,33.1212],[139.68263,33.1212],[139.68263,33.1212],[139.68263,33.1212]]],[[[139.68326,33.1177],[139.68326,33.1177],[139.68326,33.1177],[139.68326,33.1177]]],[[[139.68249,33.12147],[139.68249,33.12147],[139.68249,33.12147],[139.68249,33.12147]]],[[[139.68236,33.12167],[139.68236,33.12167],[139.68236,33.12167],[139.68236,33.12167]]],[[[139.68333,33.11819],[139.68333,33.11819],[139.68333,33.11819],[139.68333,33.11819]]],[[[139.68207,33.12143],[139.68207,33.12143],[139.68207,33.12143],[139.68207,33.12143]]],[[[139.68254,33.12131],[139.68254,33.12131],[139.68254,33.12131],[139.68254,33.12131]]],[[[139.68323,33.11825],[139.68323,33.11825],[139.68323,33.11825],[139.68323,33.11825]]],[[[139.68345,33.11905],[139.68345,33.11905],[139.68345,33.11905],[139.68345,33.11905]]],[[[139.67529,33.12929],[139.67529,33.12929],[139.67529,33.12929],[139.67529,33.12929]]],[[[139.68137,33.12044],[139.68137,33.12044],[139.68137,33.12044],[139.68137,33.12044]]],[[[139.69877,33.11582],[139.69877,33.11582],[139.69877,33.11582],[139.69877,33.11582]]],[[[139.68238,33.12155],[139.68238,33.12155],[139.68238,33.12155],[139.68238,33.12155]]],[[[139.68223,33.12148],[139.68223,33.12148],[139.68223,33.12148],[139.68223,33.12148]]],[[[139.68201,33.11532],[139.68201,33.11532],[139.68201,33.11532],[139.68201,33.11532]]]]}},{"type":"Feature","id":"13402","properties":{"prefecture":"東京都","subPrefecture":null,"county":null,"municipality":"青ヶ島村","ward":null,"displayName":"青ヶ島村"},"geometry":{"type":"MultiPolygon","coordinates":[[[[139.75901,32.47355],[139.76279,32.47127],[139.7677,32.47013],[139.76986,32.46895],[139.77205,32.4655],[139.77583,32.4622],[139.7775,32.46161],[139.78015,32.45846],[139.7801,32.45444],[139.7813,32.45269],[139.78077,32.44925],[139.77917,32.44724],[139.77115,32.44348],[139.76767,32.44312],[139.76408,32.44587],[139.76037,32.44639],[139.75754,32.4492],[139.7558,32.44973],[139.75469,32.45151],[139.755,32.45537],[139.75489,32.46149],[139.75434,32.46336],[139.75449,32.46746],[139.75528,32.4718],[139.75901,32.47355]]],[[[139.77234,32.44356],[139.77234,32.44356],[139.77234,32.44356],[139.77234,32.44356]]],[[[139.78087,32.45374],[139.78087,32.45374],[139.78087,32.45374],[139.78087,32.45374]]],[[[139.75809,32.47367],[139.75809,32.47367],[139.75809,32.47367],[139.75809,32.47367]]],[[[139.76717,32.44295],[139.76717,32.44295],[139.76717,32.44295],[139.76717,32.44295]]],[[[139.78195,32.45724],[139.78195,32.45724],[139.78195,32.45724],[139.78195,32.45724]]],[[[139.77871,32.46029],[139.77871,32.46029],[139.77871,32.46029],[139.77871,32.46029]]],[[[139.78142,32.45217],[139.78142,32.45217],[139.78142,32.45217],[139.78142,32.45217]]],[[[139.75374,32.45593],[139.75374,32.45593],[139.75374,32.45593],[139.75374,32.45593]]],[[[139.78051,32.45569],[139.78051,32.45569],[139.78051,32.45569],[139.78051,32.45569]]],[[[139.76133,32.47352],[139.76133,32.47352],[139.76133,32.47352],[139.76133,32.47352]]],[[[139.7662,32.44319],[139.7662,32.44319],[139.7662,32.44319],[139.7662,32.44319]]],[[[139.78138,32.45209],[139.78138,32.45209],[139.78138,32.45209],[139.78138,32.45209]]],[[[139.76635,32.44338],[139.76635,32.44338],[139.76635,32.44338],[139.76635,32.44338]]],[[[139.78121,32.45023],[139.78121,32.45023],[139.78121,32.45023],[139.78121,32.45023]]],[[[139.78136,32.45051],[139.78136,32.45051],[139.78136,32.45051],[139.78136,32.45051]]],[[[139.78002,32.45859],[139.78002,32.45859],[139.78002,32.45859],[139.78002,32.45859]]],[[[139.77876,32.46019],[139.77876,32.46019],[139.77876,32.46019],[139.77876,32.46019]]],[[[139.75474,32.46015],[139.75474,32.46015],[139.75474,32.46015],[139.75474,32.46015]]],[[[139.77812,32.46177],[139.77812,32.46177],[139.77812,32.46177],[139.77812,32.46177]]],[[[139.77557,32.4627],[139.77557,32.4627],[139.77557,32.4627],[139.77557,32.4627]]],[[[139.78028,32.45853],[139.78028,32.45853],[139.78028,32.45853],[139.78028,32.45853]]],[[[139.78069,32.44899],[139.78069,32.44899],[139.78069,32.44899],[139.78069,32.44899]]],[[[139.77402,32.46365],[139.77402,32.46365],[139.77402,32.46365],[139.77402,32.46365]]],[[[139.75519,32.47177],[139.75519,32.47177],[139.75519,32.47177],[139.75519,32.47177]]],[[[139.775,32.46307],[139.775,32.46307],[139.775,32.46307],[139.775,32.46307]]],[[[139.78119,32.4514],[139.78119,32.4514],[139.78119,32.4514],[139.78119,32.4514]]],[[[139.77124,32.46716],[139.77124,32.46716],[139.77124,32.46716],[139.77124,32.46716]]],[[[139.75586,32.44961],[139.75586,32.44961],[139.75586,32.44961],[139.75586,32.44961]]],[[[139.77433,32.44486],[139.77433,32.44486],[139.77433,32.44486],[139.77433,32.44486]]],[[[139.76422,32.47104],[139.76422,32.47104],[139.76422,32.47104],[139.76422,32.47104]]],[[[139.78067,32.45747],[139.78067,32.45747],[139.78067,32.45747],[139.78067,32.45747]]],[[[139.77105,32.46774],[139.77105,32.46774],[139.77105,32.46774],[139.77105,32.46774]]],[[[139.78114,32.45106],[139.78114,32.45106],[139.78114,32.45106],[139.78114,32.45106]]],[[[139.78131,32.4515],[139.78131,32.4515],[139.78131,32.4515],[139.78131,32.4515]]],[[[139.7707,32.46789],[139.7707,32.46789],[139.7707,32.46789],[139.7707,32.46789]]],[[[139.75695,32.47296],[139.75695,32.47296],[139.75695,32.47296],[139.75695,32.47296]]],[[[139.78123,32.45047],[139.78123,32.45047],[139.78123,32.45047],[139.78123,32.45047]]],[[[139.75964,32.47329],[139.75964,32.47329],[139.75964,32.47329],[139.75964,32.47329]]],[[[139.7552,32.47162],[139.7552,32.47162],[139.7552,32.47162],[139.7552,32.47162]]],[[[139.75579,32.47222],[139.75579,32.47222],[139.75579,32.47222],[139.75579,32.47222]]],[[[139.78084,32.45714],[139.78084,32.45714],[139.78084,32.45714],[139.78084,32.45714]]],[[[139.75779,32.44862],[139.75779,32.44862],[139.75779,32.44862],[139.75779,32.44862]]],[[[139.7767,32.46197],[139.7767,32.46197],[139.7767,32.46197],[139.7767,32.46197]]],[[[139.75462,32.47021],[139.75462,32.47021],[139.75462,32.47021],[139.75462,32.47021]]],[[[139.7617,32.44601],[139.7617,32.44601],[139.7617,32.44601],[139.7617,32.44601]]],[[[139.78073,32.45666],[139.78073,32.45666],[139.78073,32.45666],[139.78073,32.45666]]],[[[139.77567,32.46258],[139.77567,32.46258],[139.77567,32.46258],[139.77567,32.46258]]],[[[139.75513,32.47161],[139.75513,32.47161],[139.75513,32.47161],[139.75513,32.47161]]],[[[139.78022,32.44826],[139.78022,32.44826],[139.78022,32.44826],[139.78022,32.44826]]],[[[139.78064,32.45655],[139.78064,32.45655],[139.78064,32.45655],[139.78064,32.45655]]],[[[139.75443,32.45363],[139.75443,32.45363],[139.75443,32.45363],[139.75443,32.45363]]],[[[139.77183,32.46586],[139.77183,32.46586],[139.77183,32.46586],[139.77183,32.46586]]],[[[139.78045,32.45342],[139.78045,32.45342],[139.78045,32.45342],[139.78045,32.45342]]]]}},{"type":"Feature","id":"13421","properties":{"prefecture":"東京都","subPrefecture":null,"county":null,"municipality":"小笠原村","ward":null,"displayName":"小笠原村"},"geometry":{"type":"MultiPolygon","coordinates":[[[[141.30428,24.75619],[141.3032,24.75642],[141.29639,24.75336],[141.29366,24.75096],[141.29332,24.74976],[141.29257,24.74873],[141.28821,24.74603],[141.28607,24.74557],[141.28484,24.75328],[141.28635,24.75701],[141.28878,24.76073],[141.28946,24.76646],[141.29118,24.77027],[141.29204,24.77414],[141.29184,24.77756],[141.29049,24.7837],[141.28824,24.78577],[141.28747,24.78541],[141.28735,24.78532],[141.28716,24.78521],[141.28714,24.78521],[141.287,24.78517],[141.28579,24.78544],[141.28577,24.78554],[141.28566,24.78552],[141.28499,24.78612],[141.28605,24.78945],[141.28996,24.79488],[141.29636,24.79815],[141.30179,24.80201],[141.30378,24.80407],[141.30435,24.80662],[141.30915,24.80921],[141.31222,24.81145],[141.31715,24.8119],[141.32114,24.81392],[141.32627,24.81415],[141.33033,24.81332],[141.33718,24.80882],[141.34044,24.80483],[141.3443,24.79882],[141.34672,24.79661],[141.34733,24.79219],[141.34975,24.78795],[141.35022,24.78315],[141.34932,24.77853],[141.34682,24.77568],[141.34597,24.77325],[141.34326,24.77159],[141.33787,24.76966],[141.33532,24.76959],[141.33205,24.76853],[141.32914,24.76661],[141.32375,24.76396],[141.3209,24.76326],[141.31308,24.75989],[141.30931,24.75879],[141.30428,24.75619]]],[[[142.22487,27.08904],[142.22492,27.08784],[142.22302,27.08538],[142.22506,27.08303],[142.22449,27.08182],[142.22584,27.08069],[142.22955,27.08147],[142.23145,27.07884],[142.23321,27.07547],[142.23281,27.07284],[142.23134,27.07148],[142.23077,27.06904],[142.23185,27.06388],[142.23003,27.06031],[142.23226,27.05797],[142.23169,27.05708],[142.2347,27.05621],[142.237,27.05422],[142.23761,27.05171],[142.23475,27.05056],[142.22796,27.05661],[142.22517,27.05352],[142.223,27.05415],[142.22191,27.05287],[142.22451,27.05188],[142.2263,27.04979],[142.22524,27.04734],[142.22552,27.04519],[142.22368,27.04607],[142.22261,27.04467],[142.22608,27.04084],[142.22499,27.03927],[142.2284,27.03897],[142.22992,27.0371],[142.22937,27.03594],[142.22036,27.03641],[142.21878,27.03816],[142.22044,27.03921],[142.21966,27.04132],[142.21737,27.04161],[142.21418,27.03918],[142.21239,27.04066],[142.2105,27.03884],[142.21058,27.04063],[142.20874,27.04016],[142.2059,27.0443],[142.20174,27.04446],[142.19917,27.04564],[142.1957,27.04404],[142.19458,27.04163],[142.19088,27.04256],[142.18972,27.04388],[142.18719,27.04482],[142.18626,27.04382],[142.18574,27.0404],[142.18401,27.04552],[142.18505,27.04572],[142.18588,27.04812],[142.18776,27.04787],[142.18978,27.05044],[142.18872,27.05308],[142.18913,27.05594],[142.1867,27.05683],[142.18798,27.0574],[142.18734,27.06102],[142.1893,27.06161],[142.19107,27.06005],[142.19421,27.05931],[142.1953,27.0614],[142.19486,27.06286],[142.19141,27.06519],[142.19313,27.06624],[142.19279,27.06783],[142.1897,27.06808],[142.19022,27.06944],[142.18796,27.06978],[142.1872,27.07164],[142.18422,27.07055],[142.18239,27.07102],[142.18179,27.07438],[142.18386,27.07527],[142.1866,27.07276],[142.19082,27.07366],[142.19222,27.07542],[142.19386,27.07587],[142.19692,27.07465],[142.19854,27.07527],[142.20208,27.07291],[142.20579,27.07483],[142.2049,27.0774],[142.20717,27.07872],[142.2068,27.08059],[142.20836,27.0838],[142.20599,27.08624],[142.20379,27.08494],[142.20416,27.08638],[142.20193,27.08738],[142.20374,27.08982],[142.20377,27.09357],[142.20312,27.09513],[142.20133,27.09581],[142.20281,27.09857],[142.2006,27.09944],[142.19813,27.09832],[142.19815,27.09605],[142.19618,27.09438],[142.19218,27.093],[142.19109,27.09081],[142.19224,27.0895],[142.18776,27.08793],[142.18625,27.08858],[142.18598,27.09131],[142.18263,27.09306],[142.18189,27.09447],[142.1829,27.09704],[142.18171,27.10016],[142.18298,27.10313],[142.18796,27.1053],[142.19093,27.10448],[142.19325,27.10601],[142.19309,27.10436],[142.1954,27.10373],[142.19649,27.10558],[142.19765,27.10449],[142.20188,27.10462],[142.20469,27.10546],[142.20549,27.10341],[142.21061,27.10257],[142.21282,27.10318],[142.21278,27.10188],[142.21507,27.10029],[142.21691,27.10014],[142.21959,27.09581],[142.22396,27.09161],[142.22487,27.08904]]],[[[142.12611,26.71413],[142.12534,26.71353],[142.12739,26.71119],[142.12735,26.70966],[142.13002,26.70938],[142.13048,26.70801],[142.13149,26.70622],[142.13083,26.70404],[142.13202,26.70316],[142.13203,26.70315],[142.13204,26.70315],[142.13327,26.7022],[142.13411,26.69963],[142.13656,26.70011],[142.13907,26.69968],[142.13952,26.70075],[142.14247,26.69797],[142.14315,26.69876],[142.14128,26.70166],[142.14215,26.70239],[142.14103,26.70551],[142.14087,26.70839],[142.14336,26.70784],[142.14333,26.70784],[142.14356,26.70627],[142.14564,26.70632],[142.14797,26.70762],[142.1497,26.70727],[142.15032,26.70564],[142.15133,26.70676],[142.15293,26.7064],[142.1528,26.70828],[142.15477,26.70889],[142.15653,26.7067],[142.15798,26.70618],[142.15861,26.70368],[142.1612,26.70313],[142.16145,26.70462],[142.16509,26.70248],[142.16324,26.70013],[142.16029,26.70171],[142.15691,26.69927],[142.15315,26.69859],[142.15129,26.69725],[142.15073,26.69408],[142.14881,26.69464],[142.14615,26.69378],[142.14555,26.69102],[142.14653,26.69064],[142.1472,26.6873],[142.14661,26.68519],[142.14895,26.68387],[142.15217,26.68366],[142.15879,26.68612],[142.15932,26.68687],[142.16602,26.68739],[142.16641,26.68895],[142.16864,26.68985],[142.16779,26.68579],[142.16602,26.68472],[142.16691,26.6811],[142.16631,26.68],[142.16399,26.67775],[142.16163,26.67294],[142.16248,26.67076],[142.16283,26.66871],[142.16189,26.66695],[142.16385,26.66435],[142.16351,26.66263],[142.16453,26.66088],[142.16763,26.65792],[142.17031,26.65801],[142.17044,26.65791],[142.17266,26.6562],[142.17503,26.65577],[142.17628,26.6565],[142.17921,26.65546],[142.18067,26.65699],[142.18228,26.65678],[142.18189,26.65894],[142.18409,26.65979],[142.18873,26.65963],[142.18737,26.65716],[142.18793,26.65516],[142.18467,26.65615],[142.18559,26.65423],[142.18419,26.65471],[142.18019,26.65313],[142.17834,26.65475],[142.17593,26.65507],[142.17381,26.65265],[142.17475,26.64791],[142.17327,26.64656],[142.17247,26.6442],[142.17247,26.64419],[142.1724,26.64414],[142.17121,26.64337],[142.17305,26.63978],[142.17258,26.63643],[142.17722,26.63412],[142.18049,26.63105],[142.18109,26.62854],[142.18025,26.62421],[142.18188,26.62253],[142.18187,26.61931],[142.18089,26.61642],[142.18216,26.61208],[142.18043,26.60892],[142.1792,26.60922],[142.17848,26.60757],[142.17646,26.60962],[142.17361,26.60993],[142.17522,26.61276],[142.17832,26.61533],[142.17641,26.61735],[142.17742,26.61967],[142.1767,26.62102],[142.17419,26.6224],[142.17613,26.62297],[142.17641,26.62425],[142.17324,26.62569],[142.17309,26.62824],[142.17193,26.62841],[142.17117,26.63095],[142.1696,26.63225],[142.16726,26.63114],[142.16505,26.63135],[142.16409,26.62993],[142.16116,26.63114],[142.16106,26.63975],[142.1585,26.63893],[142.1567,26.63579],[142.15406,26.63601],[142.15402,26.63722],[142.15161,26.64548],[142.15289,26.64637],[142.15195,26.64774],[142.14931,26.64829],[142.14892,26.65094],[142.14634,26.65307],[142.14869,26.65341],[142.14689,26.65543],[142.14698,26.65685],[142.14524,26.65623],[142.14811,26.66141],[142.14925,26.66207],[142.14931,26.66588],[142.14711,26.66791],[142.14606,26.66696],[142.14226,26.6659],[142.1415,26.66722],[142.1444,26.67091],[142.14366,26.67221],[142.14502,26.67446],[142.14435,26.67687],[142.13916,26.67947],[142.13645,26.68151],[142.13658,26.68418],[142.13068,26.68915],[142.13019,26.69393],[142.12866,26.6953],[142.12822,26.70136],[142.12731,26.70102],[142.12542,26.70288],[142.12538,26.70437],[142.12331,26.70572],[142.12303,26.71284],[142.12342,26.71406],[142.12611,26.71413]]],[[[142.19167,27.14417],[142.19204,27.14307],[142.19407,27.1436],[142.19439,27.14012],[142.19599,27.13955],[142.19458,27.13784],[142.19959,27.13476],[142.20032,27.13283],[142.20258,27.13309],[142.20485,27.13484],[142.20688,27.13406],[142.20522,27.13107],[142.20565,27.12895],[142.20927,27.1294],[142.21646,27.13254],[142.21667,27.13361],[142.21964,27.13266],[142.21936,27.1308],[142.2178,27.12912],[142.22005,27.12835],[142.22309,27.1258],[142.22403,27.12301],[142.2265,27.12412],[142.22727,27.12164],[142.22582,27.1204],[142.2273,27.1182],[142.22601,27.11624],[142.22902,27.11436],[142.23256,27.11378],[142.23566,27.11397],[142.23608,27.11159],[142.23388,27.1091],[142.23169,27.10919],[142.22604,27.11114],[142.22457,27.11039],[142.22069,27.11086],[142.22004,27.10888],[142.21675,27.10842],[142.21278,27.1096],[142.20903,27.10874],[142.20431,27.11038],[142.2007,27.1099],[142.20058,27.11127],[142.20254,27.11171],[142.20132,27.11411],[142.20285,27.11418],[142.2055,27.11583],[142.20637,27.11791],[142.20195,27.11993],[142.20231,27.12091],[142.1984,27.12319],[142.19314,27.12325],[142.18985,27.12069],[142.18712,27.12153],[142.1902,27.12325],[142.19045,27.12558],[142.18829,27.12681],[142.18822,27.12942],[142.18732,27.13038],[142.19311,27.13351],[142.18899,27.13692],[142.1914,27.14197],[142.19044,27.14372],[142.19167,27.14417]]],[[[141.28411,25.44877],[141.28815,25.44733],[141.29021,25.44378],[141.29088,25.4402],[141.29251,25.43927],[141.29318,25.43647],[141.29225,25.4334],[141.29333,25.42862],[141.29328,25.42572],[141.29011,25.42208],[141.28765,25.42077],[141.28178,25.41892],[141.27836,25.41879],[141.2752,25.42029],[141.27229,25.42907],[141.27281,25.43942],[141.27388,25.44187],[141.28013,25.44797],[141.28411,25.44877]]],[[[142.18922,27.19003],[142.18885,27.18752],[142.19209,27.18564],[142.19583,27.18465],[142.19476,27.18349],[142.19733,27.18252],[142.20008,27.18283],[142.19992,27.18137],[142.19529,27.17912],[142.1946,27.17639],[142.19512,27.17329],[142.19806,27.17103],[142.19812,27.16872],[142.20217,27.16918],[142.20001,27.16567],[142.20033,27.16263],[142.19746,27.1596],[142.19939,27.15816],[142.19781,27.15736],[142.19624,27.15454],[142.19305,27.1525],[142.19235,27.15054],[142.18817,27.15039],[142.18742,27.14768],[142.18884,27.14459],[142.18369,27.14548],[142.18346,27.14663],[142.18064,27.14645],[142.17963,27.14835],[142.18119,27.15082],[142.18466,27.14952],[142.18561,27.15043],[142.1848,27.15282],[142.18635,27.15465],[142.18445,27.15688],[142.18188,27.15657],[142.18115,27.15792],[142.18317,27.15807],[142.18446,27.16024],[142.18328,27.16607],[142.1843,27.16662],[142.18397,27.16946],[142.18558,27.17144],[142.18761,27.17194],[142.18755,27.17669],[142.18489,27.17865],[142.18757,27.1821],[142.18772,27.18446],[142.18561,27.18484],[142.18425,27.18735],[142.18651,27.1879],[142.18922,27.19003]]],[[[141.46214,24.24507],[141.47097,24.24185],[141.47224,24.24191],[141.47304,24.23934],[141.4718,24.23235],[141.46869,24.22722],[141.45925,24.22475],[141.45501,24.22545],[141.45371,24.22692],[141.45328,24.2292],[141.45363,24.23723],[141.45547,24.24243],[141.45893,24.24493],[141.46214,24.24507]]],[[[140.87505,27.25401],[140.8804,27.25337],[140.88602,27.25127],[140.88864,27.24897],[140.89,27.24581],[140.88981,27.2446],[140.88667,27.23892],[140.88438,27.2372],[140.88109,27.23712],[140.87759,27.23791],[140.8746,27.23772],[140.86929,27.24296],[140.86914,27.24439],[140.87119,27.24705],[140.87087,27.25032],[140.8732,27.25363],[140.87505,27.25401]]],[[[142.13125,27.68874],[142.1327,27.68908],[142.1326,27.68556],[142.13653,27.68729],[142.13872,27.68563],[142.14035,27.68668],[142.1401,27.68857],[142.14263,27.68857],[142.14313,27.68643],[142.14647,27.68508],[142.14813,27.68362],[142.14864,27.68083],[142.14794,27.67966],[142.14882,27.67342],[142.14696,27.67126],[142.14526,27.67067],[142.14359,27.67165],[142.1397,27.67208],[142.13811,27.67472],[142.1395,27.67612],[142.13746,27.67997],[142.13547,27.68006],[142.13465,27.68173],[142.13299,27.68099],[142.13326,27.67951],[142.13165,27.67972],[142.13111,27.67838],[142.12893,27.68163],[142.12721,27.68174],[142.12647,27.68403],[142.12392,27.68351],[142.12521,27.68699],[142.13125,27.68874]]],[[[153.98392,24.29755],[153.98489,24.29712],[153.98493,24.29055],[153.9866,24.28376],[153.98646,24.28204],[153.98443,24.28086],[153.98212,24.28123],[153.97856,24.2829],[153.97114,24.28456],[153.97193,24.286],[153.97751,24.29058],[153.98392,24.29755]]],[[[142.15499,26.56454],[142.15677,26.56195],[142.16075,26.56133],[142.16122,26.55923],[142.15953,26.55784],[142.15911,26.55437],[142.16017,26.5547],[142.16087,26.55279],[142.16092,26.5481],[142.15785,26.54687],[142.15809,26.54425],[142.15679,26.54317],[142.15438,26.54379],[142.15325,26.54679],[142.15129,26.54661],[142.15094,26.54834],[142.15332,26.54776],[142.15517,26.55038],[142.15344,26.55327],[142.15508,26.55409],[142.15346,26.55552],[142.15208,26.55865],[142.15276,26.56205],[142.15158,26.56219],[142.15266,26.56407],[142.15499,26.56454]]],[[[142.13106,26.61062],[142.13275,26.61011],[142.13255,26.60851],[142.13473,26.60502],[142.13593,26.6014],[142.13353,26.59677],[142.12887,26.59508],[142.1286,26.59761],[142.12722,26.5977],[142.12716,26.59595],[142.12526,26.59559],[142.12569,26.59848],[142.12729,26.59909],[142.12509,26.60356],[142.12298,26.6035],[142.12405,26.60598],[142.1234,26.60708],[142.12554,26.60721],[142.12589,26.60979],[142.12824,26.6105],[142.12982,26.6087],[142.13106,26.61062]]],[[[142.17507,27.63589],[142.17604,27.63401],[142.17818,27.63372],[142.17959,27.63041],[142.18313,27.63034],[142.18422,27.62705],[142.18707,27.62257],[142.18672,27.62051],[142.18494,27.61944],[142.18191,27.62321],[142.18146,27.62191],[142.17762,27.62651],[142.17777,27.62419],[142.17571,27.62188],[142.17583,27.62324],[142.17365,27.62391],[142.17327,27.62654],[142.17154,27.62682],[142.17293,27.62913],[142.17161,27.63141],[142.17065,27.6348],[142.17219,27.6331],[142.17507,27.63589]]],[[[142.21256,26.56446],[142.21808,26.56331],[142.21841,26.56196],[142.21674,26.56127],[142.21529,26.55681],[142.21341,26.55594],[142.21088,26.55625],[142.21061,26.55485],[142.20474,26.55486],[142.20198,26.55302],[142.20162,26.55654],[142.20398,26.55883],[142.20318,26.5621],[142.20595,26.56171],[142.20815,26.56351],[142.21256,26.56446]]],[[[142.23067,26.57565],[142.23497,26.57104],[142.23841,26.57039],[142.24011,26.56916],[142.23997,26.56759],[142.23605,26.56796],[142.23297,26.56622],[142.23162,26.56657],[142.22841,26.56375],[142.22683,26.56382],[142.22583,26.56654],[142.22845,26.56917],[142.22654,26.57055],[142.22948,26.57512],[142.23067,26.57565]]],[[[142.21141,27.50224],[142.21312,27.49871],[142.21211,27.49618],[142.21421,27.49505],[142.21307,27.49406],[142.21606,27.49118],[142.2151,27.48961],[142.21226,27.48979],[142.21112,27.49195],[142.21199,27.49349],[142.21037,27.49544],[142.20543,27.49638],[142.2041,27.49833],[142.20532,27.50045],[142.20983,27.5001],[142.21141,27.50224]]],[[[142.16842,27.12157],[142.16928,27.12107],[142.17167,27.1165],[142.16946,27.11474],[142.16732,27.11514],[142.16559,27.1129],[142.16159,27.11327],[142.16186,27.11507],[142.16388,27.11518],[142.16578,27.11697],[142.16343,27.12157],[142.16717,27.1205],[142.16842,27.12157]]],[[[142.16144,26.58846],[142.16203,26.58556],[142.16101,26.58648],[142.16029,26.58443],[142.15817,26.58337],[142.15663,26.58423],[142.15357,26.5841],[142.15127,26.58193],[142.14712,26.58238],[142.14949,26.58598],[142.15199,26.58544],[142.15462,26.58774],[142.15943,26.5875],[142.16144,26.58846]]],[[[142.17401,27.04409],[142.17772,27.03681],[142.17696,27.03464],[142.1764,27.03688],[142.17531,27.03672],[142.17692,27.03193],[142.17531,27.03176],[142.17324,27.04097],[142.17443,27.04098],[142.17273,27.04367],[142.17401,27.04409]]],[[[142.24131,27.09583],[142.24512,27.09547],[142.24794,27.0932],[142.24884,27.09151],[142.24574,27.09031],[142.24467,27.09219],[142.24114,27.09462],[142.24131,27.09583]]],[[[141.2879,24.80652],[141.2877,24.80486],[141.28651,24.80157],[141.28596,24.79769],[141.28438,24.79933],[141.28485,24.80178],[141.28646,24.80661],[141.2879,24.80652]]],[[[142.09657,27.72054],[142.10092,27.71947],[142.10274,27.71603],[142.09639,27.71944],[142.09657,27.72054]]],[[[142.19856,27.19677],[142.19841,27.19481],[142.19555,27.19371],[142.19353,27.19376],[142.19365,27.19552],[142.19531,27.19645],[142.19745,27.1955],[142.19856,27.19677]]],[[[142.15707,27.66443],[142.15831,27.66372],[142.15815,27.65912],[142.15892,27.65726],[142.15637,27.65869],[142.15781,27.65991],[142.15707,27.66443]]],[[[142.12697,27.68083],[142.12561,27.67851],[142.12356,27.67934],[142.12672,27.68166],[142.12697,27.68083]]],[[[142.20695,27.4895],[142.20882,27.48795],[142.20483,27.48788],[142.20695,27.4895]]],[[[142.16382,26.59289],[142.16634,26.59098],[142.16502,26.58873],[142.16382,26.59289]]],[[[142.17905,27.1294],[142.18189,27.12684],[142.17956,27.12702],[142.17695,27.12899],[142.17905,27.1294]]],[[[142.18567,27.11875],[142.1883,27.11598],[142.18655,27.11635],[142.1842,27.11819],[142.18567,27.11875]]],[[[142.10672,27.71802],[142.11051,27.7174],[142.10876,27.71614],[142.10631,27.7171],[142.10672,27.71802]]],[[[142.1776,26.6055],[142.17788,26.60311],[142.17548,26.60193],[142.1776,26.6055]]],[[[142.23902,27.04787],[142.24164,27.04575],[142.23951,27.04574],[142.23902,27.04787]]],[[[142.21846,27.49604],[142.2192,27.49538],[142.21814,27.4929],[142.21846,27.49604]]],[[[142.17112,27.62591],[142.17239,27.62382],[142.17118,27.62327],[142.17112,27.62591]]],[[[142.16851,26.59567],[142.16901,26.59363],[142.16737,26.59386],[142.16851,26.59567]]],[[[142.20842,26.55061],[142.20709,26.55128],[142.20798,26.5535],[142.20842,26.55061]]],[[[142.15539,26.53978],[142.15429,26.54021],[142.15518,26.54193],[142.15539,26.53978]]],[[[142.12452,27.71819],[142.12452,27.71819],[142.12452,27.71819],[142.12452,27.71819]]],[[[142.16827,27.63844],[142.16827,27.63844],[142.16827,27.63844],[142.16827,27.63844]]],[[[142.18381,27.08744],[142.18381,27.08744],[142.18381,27.08744],[142.18381,27.08744]]],[[[142.23199,26.57962],[142.23199,26.57962],[142.23199,26.57962],[142.23199,26.57962]]],[[[142.23141,26.57707],[142.23141,26.57707],[142.23141,26.57707],[142.23141,26.57707]]],[[[142.12311,26.7169],[142.12311,26.7169],[142.12311,26.7169],[142.12311,26.7169]]],[[[142.18454,26.62322],[142.18454,26.62322],[142.18454,26.62322],[142.18454,26.62322]]],[[[142.20782,27.48524],[142.20782,27.48524],[142.20782,27.48524],[142.20782,27.48524]]],[[[142.12304,27.71864],[142.12304,27.71864],[142.12304,27.71864],[142.12304,27.71864]]],[[[142.1455,26.65362],[142.1455,26.65362],[142.1455,26.65362],[142.1455,26.65362]]],[[[142.1754,26.60044],[142.1754,26.60044],[142.1754,26.60044],[142.1754,26.60044]]],[[[142.19355,27.10697],[142.19355,27.10697],[142.19355,27.10697],[142.19355,27.10697]]],[[[142.17697,27.62165],[142.17697,27.62165],[142.17697,27.62165],[142.17697,27.62165]]],[[[142.12633,26.61124],[142.12633,26.61124],[142.12633,26.61124],[142.12633,26.61124]]],[[[142.21341,26.5656],[142.21341,26.5656],[142.21341,26.5656],[142.21341,26.5656]]],[[[142.15998,26.5634],[142.15998,26.5634],[142.15998,26.5634],[142.15998,26.5634]]],[[[142.10864,27.7159],[142.10864,27.7159],[142.10864,27.7159],[142.10864,27.7159]]],[[[142.1791,27.04453],[142.1791,27.04453],[142.1791,27.04453],[142.1791,27.04453]]],[[[142.19975,27.13634],[142.19975,27.13634],[142.19975,27.13634],[142.19975,27.13634]]],[[[142.15714,27.69295],[142.15714,27.69295],[142.15714,27.69295],[142.15714,27.69295]]],[[[142.15675,27.65832],[142.15675,27.65832],[142.15675,27.65832],[142.15675,27.65832]]],[[[142.15077,26.54738],[142.15077,26.54738],[142.15077,26.54738],[142.15077,26.54738]]],[[[142.16365,26.58931],[142.16365,26.58931],[142.16365,26.58931],[142.16365,26.58931]]],[[[142.21977,27.13064],[142.21977,27.13064],[142.21977,27.13064],[142.21977,27.13064]]],[[[142.18184,27.04732],[142.18184,27.04732],[142.18184,27.04732],[142.18184,27.04732]]],[[[142.17622,27.12709],[142.17622,27.12709],[142.17622,27.12709],[142.17622,27.12709]]],[[[142.15858,26.58314],[142.15858,26.58314],[142.15858,26.58314],[142.15858,26.58314]]],[[[142.1101,27.71884],[142.1101,27.71884],[142.1101,27.71884],[142.1101,27.71884]]],[[[142.12713,26.61201],[142.12713,26.61201],[142.12713,26.61201],[142.12713,26.61201]]],[[[142.21538,27.49286],[142.21538,27.49286],[142.21538,27.49286],[142.21538,27.49286]]],[[[142.17357,26.60152],[142.17357,26.60152],[142.17357,26.60152],[142.17357,26.60152]]],[[[142.19558,27.14445],[142.19558,27.14445],[142.19558,27.14445],[142.19558,27.14445]]],[[[142.17511,26.61699],[142.17511,26.61699],[142.17511,26.61699],[142.17511,26.61699]]],[[[142.14898,26.54646],[142.14898,26.54646],[142.14898,26.54646],[142.14898,26.54646]]],[[[142.16168,26.5644],[142.16168,26.5644],[142.16168,26.5644],[142.16168,26.5644]]],[[[142.10767,27.71659],[142.10767,27.71659],[142.10767,27.71659],[142.10767,27.71659]]],[[[142.12578,27.68311],[142.12578,27.68311],[142.12578,27.68311],[142.12578,27.68311]]],[[[142.19232,27.19256],[142.19232,27.19256],[142.19232,27.19256],[142.19232,27.19256]]],[[[142.09684,27.72145],[142.09684,27.72145],[142.09684,27.72145],[142.09684,27.72145]]],[[[142.10252,27.71466],[142.10252,27.71466],[142.10252,27.71466],[142.10252,27.71466]]],[[[142.231,26.57968],[142.231,26.57968],[142.231,26.57968],[142.231,26.57968]]],[[[142.15225,26.53997],[142.15225,26.53997],[142.15225,26.53997],[142.15225,26.53997]]],[[[142.15571,27.65997],[142.15571,27.65997],[142.15571,27.65997],[142.15571,27.65997]]],[[[142.23202,26.57743],[142.23202,26.57743],[142.23202,26.57743],[142.23202,26.57743]]],[[[142.16945,27.63654],[142.16945,27.63654],[142.16945,27.63654],[142.16945,27.63654]]],[[[142.11197,27.71842],[142.11197,27.71842],[142.11197,27.71842],[142.11197,27.71842]]],[[[142.22694,26.57288],[142.22694,26.57288],[142.22694,26.57288],[142.22694,26.57288]]],[[[142.1241,26.59758],[142.1241,26.59758],[142.1241,26.59758],[142.1241,26.59758]]],[[[142.18631,27.03749],[142.18631,27.03749],[142.18631,27.03749],[142.18631,27.03749]]],[[[142.09532,27.72318],[142.09532,27.72318],[142.09532,27.72318],[142.09532,27.72318]]],[[[142.12444,26.59882],[142.12444,26.59882],[142.12444,26.59882],[142.12444,26.59882]]],[[[142.10217,27.7127],[142.10217,27.7127],[142.10217,27.7127],[142.10217,27.7127]]],[[[142.23612,27.06891],[142.23612,27.06891],[142.23612,27.06891],[142.23612,27.06891]]],[[[142.1865,27.18444],[142.1865,27.18444],[142.1865,27.18444],[142.1865,27.18444]]],[[[142.18893,27.13913],[142.18893,27.13913],[142.18893,27.13913],[142.18893,27.13913]]],[[[142.12245,26.70689],[142.12245,26.70689],[142.12245,26.70689],[142.12245,26.70689]]],[[[142.18093,27.62134],[142.18093,27.62134],[142.18093,27.62134],[142.18093,27.62134]]],[[[142.11309,27.72886],[142.11309,27.72886],[142.11309,27.72886],[142.11309,27.72886]]],[[[142.13804,27.67211],[142.13804,27.67211],[142.13804,27.67211],[142.13804,27.67211]]],[[[142.18491,26.66055],[142.18491,26.66055],[142.18491,26.66055],[142.18491,26.66055]]],[[[142.20159,26.55223],[142.20159,26.55223],[142.20159,26.55223],[142.20159,26.55223]]],[[[142.17874,27.62404],[142.17874,27.62404],[142.17874,27.62404],[142.17874,27.62404]]],[[[142.22808,27.12099],[142.22808,27.12099],[142.22808,27.12099],[142.22808,27.12099]]],[[[142.16694,26.66041],[142.16694,26.66041],[142.16694,26.66041],[142.16694,26.66041]]],[[[142.17031,27.63576],[142.17031,27.63576],[142.17031,27.63576],[142.17031,27.63576]]],[[[142.16581,26.70117],[142.16581,26.70117],[142.16581,26.70117],[142.16581,26.70117]]],[[[142.14872,27.67958],[142.14872,27.67958],[142.14872,27.67958],[142.14872,27.67958]]],[[[142.19447,27.19906],[142.19447,27.19906],[142.19447,27.19906],[142.19447,27.19906]]],[[[142.13715,27.67143],[142.13715,27.67143],[142.13715,27.67143],[142.13715,27.67143]]],[[[142.18193,27.044],[142.18193,27.044],[142.18193,27.044],[142.18193,27.044]]],[[[142.16244,27.12025],[142.16244,27.12025],[142.16244,27.12025],[142.16244,27.12025]]],[[[142.22867,27.03956],[142.22867,27.03956],[142.22867,27.03956],[142.22867,27.03956]]],[[[142.13022,27.69083],[142.13022,27.69083],[142.13022,27.69083],[142.13022,27.69083]]],[[[142.14322,26.6482],[142.14322,26.6482],[142.14322,26.6482],[142.14322,26.6482]]],[[[142.18359,27.03724],[142.18359,27.03724],[142.18359,27.03724],[142.18359,27.03724]]],[[[142.2042,26.56247],[142.2042,26.56247],[142.2042,26.56247],[142.2042,26.56247]]],[[[142.16016,26.68782],[142.16016,26.68782],[142.16016,26.68782],[142.16016,26.68782]]],[[[142.16048,27.10678],[142.16048,27.10678],[142.16048,27.10678],[142.16048,27.10678]]],[[[142.11789,26.724],[142.11789,26.724],[142.11789,26.724],[142.11789,26.724]]],[[[142.17265,27.03204],[142.17265,27.03204],[142.17265,27.03204],[142.17265,27.03204]]],[[[142.17241,27.1156],[142.17241,27.1156],[142.17241,27.1156],[142.17241,27.1156]]],[[[142.15886,26.5656],[142.15886,26.5656],[142.15886,26.5656],[142.15886,26.5656]]],[[[142.14381,26.67021],[142.14381,26.67021],[142.14381,26.67021],[142.14381,26.67021]]],[[[142.19646,27.17906],[142.19646,27.17906],[142.19646,27.17906],[142.19646,27.17906]]],[[[142.16581,26.59249],[142.16581,26.59249],[142.16581,26.59249],[142.16581,26.59249]]],[[[142.15625,27.665],[142.15625,27.665],[142.15625,27.665],[142.15625,27.665]]],[[[142.20368,27.4987],[142.20368,27.4987],[142.20368,27.4987],[142.20368,27.4987]]],[[[142.24177,27.04738],[142.24177,27.04738],[142.24177,27.04738],[142.24177,27.04738]]],[[[142.18221,27.12778],[142.18221,27.12778],[142.18221,27.12778],[142.18221,27.12778]]],[[[142.11724,26.72154],[142.11724,26.72154],[142.11724,26.72154],[142.11724,26.72154]]],[[[142.19875,27.19467],[142.19875,27.19467],[142.19875,27.19467],[142.19875,27.19467]]],[[[142.09723,27.72523],[142.09723,27.72523],[142.09723,27.72523],[142.09723,27.72523]]],[[[142.1743,27.03037],[142.1743,27.03037],[142.1743,27.03037],[142.1743,27.03037]]],[[[142.13769,27.67175],[142.13769,27.67175],[142.13769,27.67175],[142.13769,27.67175]]],[[[142.12408,27.67995],[142.12408,27.67995],[142.12408,27.67995],[142.12408,27.67995]]],[[[142.2169,27.49356],[142.2169,27.49356],[142.2169,27.49356],[142.2169,27.49356]]],[[[142.23287,26.56567],[142.23287,26.56567],[142.23287,26.56567],[142.23287,26.56567]]],[[[142.17146,27.0453],[142.17146,27.0453],[142.17146,27.0453],[142.17146,27.0453]]],[[[142.1216,26.71586],[142.1216,26.71586],[142.1216,26.71586],[142.1216,26.71586]]],[[[142.16689,26.59428],[142.16689,26.59428],[142.16689,26.59428],[142.16689,26.59428]]],[[[141.37868,24.78037],[141.37867,24.78037],[141.3786,24.78083],[141.37868,24.78037]]],[[[142.13861,26.58578],[142.13861,26.58578],[142.13861,26.58578],[142.13861,26.58578]]],[[[142.15013,27.67325],[142.15013,27.67325],[142.15013,27.67325],[142.15013,27.67325]]],[[[142.20872,26.56743],[142.20872,26.56743],[142.20872,26.56743],[142.20872,26.56743]]],[[[142.15394,27.68292],[142.15394,27.68292],[142.15394,27.68292],[142.15394,27.68292]]],[[[142.14223,26.66496],[142.14223,26.66496],[142.14223,26.66496],[142.14223,26.66496]]],[[[142.18333,27.03802],[142.18333,27.03802],[142.18333,27.03802],[142.18333,27.03802]]],[[[142.14798,26.64932],[142.14798,26.64932],[142.14798,26.64932],[142.14798,26.64932]]],[[[142.16268,26.55974],[142.16268,26.55974],[142.16268,26.55974],[142.16268,26.55974]]],[[[142.17105,27.63206],[142.17105,27.63206],[142.17105,27.63206],[142.17105,27.63206]]],[[[136.07396,20.42276],[136.07396,20.42276],[136.07396,20.42276],[136.07396,20.42276]]],[[[142.10119,27.71578],[142.10119,27.71578],[142.10119,27.71578],[142.10119,27.71578]]],[[[142.20173,27.16306],[142.20173,27.16306],[142.20173,27.16306],[142.20173,27.16306]]],[[[142.17458,27.02973],[142.17458,27.02973],[142.17458,27.02973],[142.17458,27.02973]]],[[[142.1851,27.61931],[142.1851,27.61931],[142.1851,27.61931],[142.1851,27.61931]]],[[[142.17646,26.60097],[142.17646,26.60097],[142.17646,26.60097],[142.17646,26.60097]]],[[[142.20247,27.07944],[142.20247,27.07944],[142.20247,27.07944],[142.20247,27.07944]]],[[[142.16158,26.58196],[142.16158,26.58196],[142.16158,26.58196],[142.16158,26.58196]]],[[[142.16128,27.10622],[142.16128,27.10622],[142.16128,27.10622],[142.16128,27.10622]]],[[[142.20018,27.16134],[142.20018,27.16134],[142.20018,27.16134],[142.20018,27.16134]]],[[[142.14955,26.54628],[142.14955,26.54628],[142.14955,26.54628],[142.14955,26.54628]]],[[[142.15223,26.5868],[142.15223,26.5868],[142.15223,26.5868],[142.15223,26.5868]]],[[[142.21329,26.56528],[142.21329,26.56528],[142.21329,26.56528],[142.21329,26.56528]]],[[[142.16075,26.63495],[142.16075,26.63495],[142.16075,26.63495],[142.16075,26.63495]]],[[[142.20013,26.55037],[142.20013,26.55037],[142.20013,26.55037],[142.20013,26.55037]]],[[[142.09685,27.72298],[142.09685,27.72298],[142.09685,27.72298],[142.09685,27.72298]]],[[[142.20356,26.56076],[142.20356,26.56076],[142.20356,26.56076],[142.20356,26.56076]]],[[[142.17688,26.60571],[142.17688,26.60571],[142.17688,26.60571],[142.17688,26.60571]]],[[[142.15154,26.54028],[142.15154,26.54028],[142.15154,26.54028],[142.15154,26.54028]]],[[[142.18125,27.07283],[142.18125,27.07283],[142.18125,27.07283],[142.18125,27.07283]]],[[[142.12548,26.60999],[142.12548,26.60999],[142.12548,26.60999],[142.12548,26.60999]]],[[[142.0954,27.72204],[142.0954,27.72204],[142.0954,27.72204],[142.0954,27.72204]]],[[[142.17035,27.03739],[142.17035,27.03739],[142.17035,27.03739],[142.17035,27.03739]]],[[[142.09371,27.72532],[142.09371,27.72532],[142.09371,27.72532],[142.09371,27.72532]]],[[[142.1515,26.55843],[142.1515,26.55843],[142.1515,26.55843],[142.1515,26.55843]]],[[[142.18111,27.04558],[142.18111,27.04558],[142.18111,27.04558],[142.18111,27.04558]]],[[[142.15297,27.68242],[142.15297,27.68242],[142.15297,27.68242],[142.15297,27.68242]]],[[[142.09719,27.72468],[142.09719,27.72468],[142.09719,27.72468],[142.09719,27.72468]]],[[[142.17949,27.12668],[142.17949,27.12668],[142.17949,27.12668],[142.17949,27.12668]]],[[[142.10658,27.71863],[142.10658,27.71863],[142.10658,27.71863],[142.10658,27.71863]]],[[[142.17103,27.03459],[142.17103,27.03459],[142.17103,27.03459],[142.17103,27.03459]]],[[[142.21956,27.49315],[142.21956,27.49315],[142.21956,27.49315],[142.21956,27.49315]]],[[[142.15272,26.56034],[142.15272,26.56034],[142.15272,26.56034],[142.15272,26.56034]]],[[[142.19559,27.17867],[142.19559,27.17867],[142.19559,27.17867],[142.19559,27.17867]]],[[[142.20126,27.16277],[142.20126,27.16277],[142.20126,27.16277],[142.20126,27.16277]]],[[[142.10288,27.71267],[142.10288,27.71267],[142.10288,27.71267],[142.10288,27.71267]]],[[[142.20151,27.16192],[142.20151,27.16192],[142.20151,27.16192],[142.20151,27.16192]]],[[[142.0942,27.71486],[142.0942,27.71486],[142.0942,27.71486],[142.0942,27.71486]]],[[[142.17519,26.59918],[142.17519,26.59918],[142.17519,26.59918],[142.17519,26.59918]]],[[[142.16438,26.69988],[142.16438,26.69988],[142.16438,26.69988],[142.16438,26.69988]]],[[[142.13738,26.64493],[142.13738,26.64493],[142.13738,26.64493],[142.13738,26.64493]]],[[[142.1825,27.04792],[142.1825,27.04792],[142.1825,27.04792],[142.1825,27.04792]]],[[[142.14707,26.58176],[142.14707,26.58176],[142.14707,26.58176],[142.14707,26.58176]]],[[[142.17417,26.62194],[142.17417,26.62194],[142.17417,26.62194],[142.17417,26.62194]]],[[[142.13587,26.68474],[142.13587,26.68474],[142.13587,26.68474],[142.13587,26.68474]]],[[[142.18032,27.04751],[142.18032,27.04751],[142.18032,27.04751],[142.18032,27.04751]]],[[[142.14628,26.57781],[142.14628,26.57781],[142.14628,26.57781],[142.14628,26.57781]]],[[[142.0995,27.72118],[142.0995,27.72118],[142.0995,27.72118],[142.0995,27.72118]]],[[[142.12403,26.59618],[142.12403,26.59618],[142.12403,26.59618],[142.12403,26.59618]]],[[[142.22727,27.11921],[142.22727,27.11921],[142.22727,27.11921],[142.22727,27.11921]]],[[[142.14595,26.70694],[142.14595,26.70694],[142.14595,26.70694],[142.14595,26.70694]]],[[[142.15722,27.66126],[142.15722,27.66126],[142.15722,27.66126],[142.15722,27.66126]]],[[[142.15039,26.54762],[142.15039,26.54762],[142.15039,26.54762],[142.15039,26.54762]]],[[[142.20227,27.16329],[142.20227,27.16329],[142.20227,27.16329],[142.20227,27.16329]]],[[[142.21397,27.1085],[142.21397,27.1085],[142.21397,27.1085],[142.21397,27.1085]]],[[[142.23626,27.1137],[142.23626,27.1137],[142.23626,27.1137],[142.23626,27.1137]]],[[[142.14379,27.68787],[142.14379,27.68787],[142.14379,27.68787],[142.14379,27.68787]]],[[[142.19565,27.19688],[142.19565,27.19688],[142.19565,27.19688],[142.19565,27.19688]]],[[[142.14201,26.67696],[142.14201,26.67696],[142.14201,26.67696],[142.14201,26.67696]]],[[[142.18017,27.07246],[142.18017,27.07246],[142.18017,27.07246],[142.18017,27.07246]]],[[[142.17125,27.11948],[142.17125,27.11948],[142.17125,27.11948],[142.17125,27.11948]]],[[[142.18978,27.19105],[142.18978,27.19105],[142.18978,27.19105],[142.18978,27.19105]]],[[[142.17831,26.60466],[142.17831,26.60466],[142.17831,26.60466],[142.17831,26.60466]]],[[[142.16964,27.63007],[142.16964,27.63007],[142.16964,27.63007],[142.16964,27.63007]]],[[[142.17638,26.6083],[142.17638,26.6083],[142.17638,26.6083],[142.17638,26.6083]]],[[[142.15184,27.68387],[142.15184,27.68387],[142.15184,27.68387],[142.15184,27.68387]]],[[[142.18109,27.63147],[142.18109,27.63147],[142.18109,27.63147],[142.18109,27.63147]]],[[[142.17839,27.03287],[142.17839,27.03287],[142.17839,27.03287],[142.17839,27.03287]]],[[[142.20563,27.13511],[142.20563,27.13511],[142.20563,27.13511],[142.20563,27.13511]]],[[[142.1197,26.71676],[142.1197,26.71676],[142.1197,26.71676],[142.1197,26.71676]]],[[[142.18277,27.04259],[142.18277,27.04259],[142.18277,27.04259],[142.18277,27.04259]]],[[[142.24237,26.56725],[142.24237,26.56725],[142.24237,26.56725],[142.24237,26.56725]]],[[[142.16835,27.0389],[142.16835,27.0389],[142.16835,27.0389],[142.16835,27.0389]]],[[[142.171,26.65832],[142.171,26.65832],[142.171,26.65832],[142.171,26.65832]]],[[[142.20888,26.5661],[142.20888,26.5661],[142.20888,26.5661],[142.20888,26.5661]]],[[[142.17194,27.04243],[142.17194,27.04243],[142.17194,27.04243],[142.17194,27.04243]]],[[[142.14241,26.67373],[142.14241,26.67373],[142.14241,26.67373],[142.14241,26.67373]]],[[[142.20841,26.56568],[142.20841,26.56568],[142.20841,26.56568],[142.20841,26.56568]]],[[[142.19419,27.04128],[142.19419,27.04128],[142.19419,27.04128],[142.19419,27.04128]]],[[[142.09544,27.72338],[142.09544,27.72338],[142.09544,27.72338],[142.09544,27.72338]]],[[[142.12211,26.71102],[142.12211,26.71102],[142.12211,26.71102],[142.12211,26.71102]]],[[[142.1284,26.69229],[142.1284,26.69229],[142.1284,26.69229],[142.1284,26.69229]]],[[[142.13501,27.679],[142.13501,27.679],[142.13501,27.679],[142.13501,27.679]]],[[[142.18937,27.06838],[142.18937,27.06838],[142.18937,27.06838],[142.18937,27.06838]]],[[[142.21269,27.50127],[142.21269,27.50127],[142.21269,27.50127],[142.21269,27.50127]]],[[[142.12607,27.68187],[142.12607,27.68187],[142.12607,27.68187],[142.12607,27.68187]]],[[[142.09792,27.7236],[142.09792,27.7236],[142.09792,27.7236],[142.09792,27.7236]]],[[[142.16797,27.03776],[142.16797,27.03776],[142.16797,27.03776],[142.16797,27.03776]]],[[[142.18419,27.04343],[142.18419,27.04343],[142.18419,27.04343],[142.18419,27.04343]]],[[[142.16292,27.6454],[142.16292,27.6454],[142.16292,27.6454],[142.16292,27.6454]]],[[[142.2139,27.10904],[142.2139,27.10904],[142.2139,27.10904],[142.2139,27.10904]]],[[[142.13272,26.59583],[142.13272,26.59583],[142.13272,26.59583],[142.13272,26.59583]]],[[[142.12561,26.60889],[142.12561,26.60889],[142.12561,26.60889],[142.12561,26.60889]]],[[[142.16628,27.12062],[142.16628,27.12062],[142.16628,27.12062],[142.16628,27.12062]]],[[[142.19458,27.14408],[142.19458,27.14408],[142.19458,27.14408],[142.19458,27.14408]]],[[[142.14743,26.68898],[142.14743,26.68898],[142.14743,26.68898],[142.14743,26.68898]]],[[[142.1625,26.59003],[142.1625,26.59003],[142.1625,26.59003],[142.1625,26.59003]]],[[[142.18333,26.62238],[142.18333,26.62238],[142.18333,26.62238],[142.18333,26.62238]]],[[[142.14628,26.58308],[142.14628,26.58308],[142.14628,26.58308],[142.14628,26.58308]]],[[[142.164,26.70027],[142.164,26.70027],[142.164,26.70027],[142.164,26.70027]]],[[[142.10698,27.7168],[142.10698,27.7168],[142.10698,27.7168],[142.10698,27.7168]]],[[[142.14208,26.70994],[142.14208,26.70994],[142.14208,26.70994],[142.14208,26.70994]]],[[[142.10962,27.72798],[142.10962,27.72798],[142.10962,27.72798],[142.10962,27.72798]]],[[[142.14765,27.68454],[142.14765,27.68454],[142.14765,27.68454],[142.14765,27.68454]]],[[[142.13066,27.67804],[142.13066,27.67804],[142.13066,27.67804],[142.13066,27.67804]]],[[[142.19538,27.17745],[142.19538,27.17745],[142.19538,27.17745],[142.19538,27.17745]]],[[[142.13413,26.70286],[142.13413,26.70286],[142.13413,26.70286],[142.13413,26.70286]]],[[[142.15137,27.68415],[142.15137,27.68415],[142.15137,27.68415],[142.15137,27.68415]]],[[[142.10169,27.71492],[142.10169,27.71492],[142.10169,27.71492],[142.10169,27.71492]]],[[[142.20841,26.56765],[142.20841,26.56765],[142.20841,26.56765],[142.20841,26.56765]]],[[[142.23925,27.09252],[142.23925,27.09252],[142.23925,27.09252],[142.23925,27.09252]]],[[[142.12637,26.60148],[142.12637,26.60148],[142.12637,26.60148],[142.12637,26.60148]]],[[[142.23964,27.0455],[142.23964,27.0455],[142.23964,27.0455],[142.23964,27.0455]]],[[[142.16126,26.58245],[142.16126,26.58245],[142.16126,26.58245],[142.16126,26.58245]]],[[[142.09343,27.71973],[142.09343,27.71973],[142.09343,27.71973],[142.09343,27.71973]]],[[[142.18074,27.04086],[142.18074,27.04086],[142.18074,27.04086],[142.18074,27.04086]]],[[[142.14183,26.66474],[142.14183,26.66474],[142.14183,26.66474],[142.14183,26.66474]]],[[[142.16269,26.5644],[142.16269,26.5644],[142.16269,26.5644],[142.16269,26.5644]]],[[[142.1761,26.60538],[142.1761,26.60538],[142.1761,26.60538],[142.1761,26.60538]]],[[[142.15381,27.67109],[142.15381,27.67109],[142.15381,27.67109],[142.15381,27.67109]]],[[[142.15695,27.66593],[142.15695,27.66593],[142.15695,27.66593],[142.15695,27.66593]]],[[[142.10302,27.71443],[142.10302,27.71443],[142.10302,27.71443],[142.10302,27.71443]]],[[[142.17434,26.59847],[142.17434,26.59847],[142.17434,26.59847],[142.17434,26.59847]]],[[[142.18858,27.12663],[142.18858,27.12663],[142.18858,27.12663],[142.18858,27.12663]]],[[[142.18385,27.04013],[142.18385,27.04013],[142.18385,27.04013],[142.18385,27.04013]]],[[[142.17077,27.05259],[142.17077,27.05259],[142.17077,27.05259],[142.17077,27.05259]]],[[[142.10287,27.71489],[142.10287,27.71489],[142.10287,27.71489],[142.10287,27.71489]]],[[[142.14492,26.64773],[142.14492,26.64773],[142.14492,26.64773],[142.14492,26.64773]]],[[[142.16269,26.5897],[142.16269,26.5897],[142.16269,26.5897],[142.16269,26.5897]]],[[[142.14049,26.66688],[142.14049,26.66688],[142.14049,26.66688],[142.14049,26.66688]]],[[[142.12282,26.71547],[142.12282,26.71547],[142.12282,26.71547],[142.12282,26.71547]]],[[[142.20363,27.49674],[142.20363,27.49674],[142.20363,27.49674],[142.20363,27.49674]]],[[[142.20962,27.50136],[142.20962,27.50136],[142.20962,27.50136],[142.20962,27.50136]]],[[[142.099,27.71689],[142.099,27.71689],[142.099,27.71689],[142.099,27.71689]]],[[[142.13777,27.68834],[142.13777,27.68834],[142.13777,27.68834],[142.13777,27.68834]]],[[[142.18986,27.14262],[142.18986,27.14262],[142.18986,27.14262],[142.18986,27.14262]]],[[[142.2079,26.56956],[142.2079,26.56956],[142.2079,26.56956],[142.2079,26.56956]]],[[[142.16693,26.68268],[142.16693,26.68268],[142.16693,26.68268],[142.16693,26.68268]]],[[[142.1865,27.08364],[142.1865,27.08364],[142.1865,27.08364],[142.1865,27.08364]]],[[[142.17554,26.5978],[142.17554,26.5978],[142.17554,26.5978],[142.17554,26.5978]]],[[[142.14415,26.65795],[142.14415,26.65795],[142.14415,26.65795],[142.14415,26.65795]]],[[[142.15018,27.6744],[142.15018,27.6744],[142.15018,27.6744],[142.15018,27.6744]]],[[[142.16942,27.63072],[142.16942,27.63072],[142.16942,27.63072],[142.16942,27.63072]]],[[[142.18385,27.04797],[142.18385,27.04797],[142.18385,27.04797],[142.18385,27.04797]]],[[[142.2041,27.49983],[142.2041,27.49983],[142.2041,27.49983],[142.2041,27.49983]]],[[[142.18345,27.04384],[142.18345,27.04384],[142.18345,27.04384],[142.18345,27.04384]]],[[[142.14166,26.6666],[142.14166,26.6666],[142.14166,26.6666],[142.14166,26.6666]]],[[[142.12951,26.69442],[142.12951,26.69442],[142.12951,26.69442],[142.12951,26.69442]]],[[[142.12482,27.68284],[142.12482,27.68284],[142.12482,27.68284],[142.12482,27.68284]]],[[[142.183,27.04709],[142.183,27.04709],[142.183,27.04709],[142.183,27.04709]]],[[[142.16772,27.03816],[142.16772,27.03816],[142.16772,27.03816],[142.16772,27.03816]]],[[[142.17371,27.11624],[142.17371,27.11624],[142.17371,27.11624],[142.17371,27.11624]]],[[[142.17462,26.59407],[142.17462,26.59407],[142.17462,26.59407],[142.17462,26.59407]]],[[[142.17131,27.03545],[142.17131,27.03545],[142.17131,27.03545],[142.17131,27.03545]]],[[[142.18708,27.12051],[142.18708,27.12051],[142.18708,27.12051],[142.18708,27.12051]]],[[[142.13126,26.68863],[142.13126,26.68863],[142.13126,26.68863],[142.13126,26.68863]]],[[[142.15959,27.65987],[142.15959,27.65987],[142.15959,27.65987],[142.15959,27.65987]]],[[[142.11588,26.70131],[142.11588,26.70131],[142.11588,26.70131],[142.11588,26.70131]]],[[[142.15692,26.54278],[142.15692,26.54278],[142.15692,26.54278],[142.15692,26.54278]]],[[[142.10092,27.71663],[142.10092,27.71663],[142.10092,27.71663],[142.10092,27.71663]]],[[[142.16129,26.558],[142.16129,26.558],[142.16129,26.558],[142.16129,26.558]]],[[[142.13805,26.70125],[142.13805,26.70125],[142.13805,26.70125],[142.13805,26.70125]]],[[[142.23735,27.11243],[142.23735,27.11243],[142.23735,27.11243],[142.23735,27.11243]]],[[[142.24915,27.09171],[142.24915,27.09171],[142.24915,27.09171],[142.24915,27.09171]]],[[[142.14839,26.58452],[142.14839,26.58452],[142.14839,26.58452],[142.14839,26.58452]]],[[[142.23638,27.11214],[142.23638,27.11214],[142.23638,27.11214],[142.23638,27.11214]]],[[[142.1442,27.68802],[142.1442,27.68802],[142.1442,27.68802],[142.1442,27.68802]]],[[[136.06983,20.42503],[136.06983,20.42503],[136.06983,20.42503],[136.06983,20.42503]]],[[[142.13827,26.68015],[142.13827,26.68015],[142.13827,26.68015],[142.13827,26.68015]]],[[[142.12372,27.71733],[142.12372,27.71733],[142.12372,27.71733],[142.12372,27.71733]]],[[[142.18161,27.62155],[142.18161,27.62155],[142.18161,27.62155],[142.18161,27.62155]]],[[[142.178,27.03349],[142.178,27.03349],[142.178,27.03349],[142.178,27.03349]]],[[[142.15016,26.70881],[142.15016,26.70881],[142.15016,26.70881],[142.15016,26.70881]]],[[[141.28524,24.7457],[141.28524,24.7457],[141.28524,24.7457],[141.28524,24.7457]]],[[[142.17191,27.11445],[142.17191,27.11445],[142.17191,27.11445],[142.17191,27.11445]]],[[[142.2404,26.5676],[142.2404,26.5676],[142.2404,26.5676],[142.2404,26.5676]]],[[[142.12597,26.59886],[142.12597,26.59886],[142.12597,26.59886],[142.12597,26.59886]]],[[[142.16835,26.68496],[142.16835,26.68496],[142.16835,26.68496],[142.16835,26.68496]]],[[[142.20814,27.48941],[142.20814,27.48941],[142.20814,27.48941],[142.20814,27.48941]]],[[[136.08118,20.42538],[136.08118,20.42538],[136.08118,20.42538],[136.08118,20.42538]]],[[[141.37836,24.77984],[141.37836,24.77984],[141.37836,24.77984],[141.37836,24.77984]]],[[[142.10348,27.71383],[142.10348,27.71383],[142.10348,27.71383],[142.10348,27.71383]]],[[[142.13863,26.58663],[142.13863,26.58663],[142.13863,26.58663],[142.13863,26.58663]]],[[[142.20641,26.55371],[142.20641,26.55371],[142.20641,26.55371],[142.20641,26.55371]]],[[[142.16889,27.63679],[142.16889,27.63679],[142.16889,27.63679],[142.16889,27.63679]]],[[[142.13357,26.70243],[142.13357,26.70243],[142.13357,26.70243],[142.13357,26.70243]]],[[[142.17693,27.0442],[142.17693,27.0442],[142.17693,27.0442],[142.17693,27.0442]]],[[[142.18444,27.15279],[142.18444,27.15279],[142.18444,27.15279],[142.18444,27.15279]]],[[[136.06994,20.42537],[136.06994,20.42537],[136.06994,20.42537],[136.06994,20.42537]]],[[[142.12883,26.69468],[142.12883,26.69468],[142.12883,26.69468],[142.12883,26.69468]]],[[[142.11557,27.74132],[142.11557,27.74132],[142.11557,27.74132],[142.11557,27.74132]]],[[[142.19167,27.10711],[142.19167,27.10711],[142.19167,27.10711],[142.19167,27.10711]]],[[[142.15259,26.70857],[142.15259,26.70857],[142.15259,26.70857],[142.15259,26.70857]]],[[[142.1712,27.05314],[142.1712,27.05314],[142.1712,27.05314],[142.1712,27.05314]]],[[[142.13045,26.68925],[142.13045,26.68925],[142.13045,26.68925],[142.13045,26.68925]]],[[[142.21249,26.55557],[142.21249,26.55557],[142.21249,26.55557],[142.21249,26.55557]]],[[[142.10566,27.71906],[142.10566,27.71906],[142.10566,27.71906],[142.10566,27.71906]]],[[[142.17183,27.11732],[142.17183,27.11732],[142.17183,27.11732],[142.17183,27.11732]]],[[[142.16395,26.66517],[142.16395,26.66517],[142.16395,26.66517],[142.16395,26.66517]]],[[[142.15522,26.54214],[142.15522,26.54214],[142.15522,26.54214],[142.15522,26.54214]]],[[[142.13558,26.68412],[142.13558,26.68412],[142.13558,26.68412],[142.13558,26.68412]]],[[[142.14257,26.64825],[142.14257,26.64825],[142.14257,26.64825],[142.14257,26.64825]]],[[[142.14911,27.67151],[142.14911,27.67151],[142.14911,27.67151],[142.14911,27.67151]]],[[[142.15185,26.5435],[142.15185,26.5435],[142.15185,26.5435],[142.15185,26.5435]]],[[[142.12131,26.71504],[142.12131,26.71504],[142.12131,26.71504],[142.12131,26.71504]]],[[[136.08133,20.42572],[136.08133,20.42572],[136.08133,20.42572],[136.08133,20.42572]]],[[[142.12591,26.61027],[142.12591,26.61027],[142.12591,26.61027],[142.12591,26.61027]]],[[[142.18902,27.06805],[142.18902,27.06805],[142.18902,27.06805],[142.18902,27.06805]]],[[[142.14502,26.64857],[142.14502,26.64857],[142.14502,26.64857],[142.14502,26.64857]]],[[[142.22902,26.57691],[142.22902,26.57691],[142.22902,26.57691],[142.22902,26.57691]]],[[[142.16207,26.68746],[142.16207,26.68746],[142.16207,26.68746],[142.16207,26.68746]]],[[[142.15112,26.55923],[142.15112,26.55923],[142.15112,26.55923],[142.15112,26.55923]]],[[[142.14656,26.66135],[142.14656,26.66135],[142.14656,26.66135],[142.14656,26.66135]]],[[[142.15465,26.54197],[142.15465,26.54197],[142.15465,26.54197],[142.15465,26.54197]]],[[[142.16361,26.66533],[142.16361,26.66533],[142.16361,26.66533],[142.16361,26.66533]]],[[[142.14909,27.67486],[142.14909,27.67486],[142.14909,27.67486],[142.14909,27.67486]]],[[[142.13023,26.68883],[142.13023,26.68883],[142.13023,26.68883],[142.13023,26.68883]]],[[[142.13193,26.68746],[142.13193,26.68746],[142.13193,26.68746],[142.13193,26.68746]]],[[[142.10858,27.7147],[142.10858,27.7147],[142.10858,27.7147],[142.10858,27.7147]]],[[[142.12485,27.68617],[142.12485,27.68617],[142.12485,27.68617],[142.12485,27.68617]]],[[[142.10147,27.72097],[142.10147,27.72097],[142.10147,27.72097],[142.10147,27.72097]]],[[[142.10314,27.71407],[142.10314,27.71407],[142.10314,27.71407],[142.10314,27.71407]]],[[[142.15949,27.6625],[142.15949,27.6625],[142.15949,27.6625],[142.15949,27.6625]]],[[[142.18702,27.12666],[142.18702,27.12666],[142.18702,27.12666],[142.18702,27.12666]]],[[[142.17521,27.05537],[142.17521,27.05537],[142.17521,27.05537],[142.17521,27.05537]]],[[[142.1743,26.62021],[142.1743,26.62021],[142.1743,26.62021],[142.1743,26.62021]]],[[[142.13414,26.6862],[142.13414,26.6862],[142.13414,26.6862],[142.13414,26.6862]]],[[[142.12687,26.7007],[142.12687,26.7007],[142.12687,26.7007],[142.12687,26.7007]]],[[[142.12872,26.69514],[142.12872,26.69514],[142.12872,26.69514],[142.12872,26.69514]]],[[[142.16964,27.03822],[142.16964,27.03822],[142.16964,27.03822],[142.16964,27.03822]]],[[[142.13934,27.67183],[142.13934,27.67183],[142.13934,27.67183],[142.13934,27.67183]]],[[[142.22982,26.56456],[142.22982,26.56456],[142.22982,26.56456],[142.22982,26.56456]]],[[[142.18956,27.07355],[142.18956,27.07355],[142.18956,27.07355],[142.18956,27.07355]]],[[[142.21922,26.5638],[142.21922,26.5638],[142.21922,26.5638],[142.21922,26.5638]]],[[[142.16157,26.58306],[142.16157,26.58306],[142.16157,26.58306],[142.16157,26.58306]]],[[[142.18795,27.11568],[142.18795,27.11568],[142.18795,27.11568],[142.18795,27.11568]]],[[[142.14096,26.66654],[142.14096,26.66654],[142.14096,26.66654],[142.14096,26.66654]]],[[[142.10115,27.71518],[142.10115,27.71518],[142.10115,27.71518],[142.10115,27.71518]]],[[[142.21356,26.56469],[142.21356,26.56469],[142.21356,26.56469],[142.21356,26.56469]]],[[[142.22684,26.56319],[142.22684,26.56319],[142.22684,26.56319],[142.22684,26.56319]]],[[[142.20066,27.16114],[142.20066,27.16114],[142.20066,27.16114],[142.20066,27.16114]]],[[[142.14031,26.66701],[142.14031,26.66701],[142.14031,26.66701],[142.14031,26.66701]]],[[[142.16835,27.12196],[142.16835,27.12196],[142.16835,27.12196],[142.16835,27.12196]]],[[[142.23676,27.11234],[142.23676,27.11234],[142.23676,27.11234],[142.23676,27.11234]]],[[[142.16272,27.12014],[142.16272,27.12014],[142.16272,27.12014],[142.16272,27.12014]]],[[[142.17912,26.60496],[142.17912,26.60496],[142.17912,26.60496],[142.17912,26.60496]]],[[[142.14195,26.66596],[142.14195,26.66596],[142.14195,26.66596],[142.14195,26.66596]]],[[[142.18975,27.06849],[142.18975,27.06849],[142.18975,27.06849],[142.18975,27.06849]]],[[[142.23288,27.06213],[142.23288,27.06213],[142.23288,27.06213],[142.23288,27.06213]]],[[[142.12998,26.68843],[142.12998,26.68843],[142.12998,26.68843],[142.12998,26.68843]]],[[[142.23403,27.07763],[142.23403,27.07763],[142.23403,27.07763],[142.23403,27.07763]]],[[[142.19911,27.12222],[142.19911,27.12222],[142.19911,27.12222],[142.19911,27.12222]]],[[[142.1525,26.58653],[142.1525,26.58653],[142.1525,26.58653],[142.1525,26.58653]]],[[[142.23333,27.07724],[142.23333,27.07724],[142.23333,27.07724],[142.23333,27.07724]]],[[[142.09972,27.72136],[142.09972,27.72136],[142.09972,27.72136],[142.09972,27.72136]]],[[[142.11699,27.73706],[142.11699,27.73706],[142.11699,27.73706],[142.11699,27.73706]]],[[[142.17619,26.61687],[142.17619,26.61687],[142.17619,26.61687],[142.17619,26.61687]]],[[[142.1261,27.68168],[142.1261,27.68168],[142.1261,27.68168],[142.1261,27.68168]]],[[[142.22888,27.12132],[142.22888,27.12132],[142.22888,27.12132],[142.22888,27.12132]]],[[[141.27399,25.42316],[141.27399,25.42316],[141.27399,25.42316],[141.27399,25.42316]]],[[[142.18531,27.1783],[142.18531,27.1783],[142.18531,27.1783],[142.18531,27.1783]]],[[[142.1865,27.12015],[142.1865,27.12015],[142.1865,27.12015],[142.1865,27.12015]]],[[[142.1687,26.68651],[142.1687,26.68651],[142.1687,26.68651],[142.1687,26.68651]]],[[[142.15925,27.66298],[142.15925,27.66298],[142.15925,27.66298],[142.15925,27.66298]]],[[[142.20267,27.16695],[142.20267,27.16695],[142.20267,27.16695],[142.20267,27.16695]]],[[[142.19949,27.09526],[142.19949,27.09526],[142.19949,27.09526],[142.19949,27.09526]]],[[[142.12818,26.59706],[142.12818,26.59706],[142.12818,26.59706],[142.12818,26.59706]]],[[[142.14878,27.68493],[142.14878,27.68493],[142.14878,27.68493],[142.14878,27.68493]]],[[[142.18666,27.08421],[142.18666,27.08421],[142.18666,27.08421],[142.18666,27.08421]]],[[[141.28571,24.78861],[141.28571,24.78861],[141.28571,24.78861],[141.28571,24.78861]]],[[[142.21286,27.50237],[142.21286,27.50237],[142.21286,27.50237],[142.21286,27.50237]]],[[[142.20688,27.1037],[142.20688,27.1037],[142.20688,27.1037],[142.20688,27.1037]]],[[[142.18066,27.04194],[142.18066,27.04194],[142.18066,27.04194],[142.18066,27.04194]]],[[[142.18172,26.62336],[142.18172,26.62336],[142.18172,26.62336],[142.18172,26.62336]]],[[[142.21543,27.49292],[142.21543,27.49292],[142.21543,27.49292],[142.21543,27.49292]]],[[[142.12957,26.68918],[142.12957,26.68918],[142.12957,26.68918],[142.12957,26.68918]]],[[[142.21434,27.10116],[142.21434,27.10116],[142.21434,27.10116],[142.21434,27.10116]]],[[[142.14289,26.67647],[142.14289,26.67647],[142.14289,26.67647],[142.14289,26.67647]]],[[[142.1847,27.14468],[142.1847,27.14468],[142.1847,27.14468],[142.1847,27.14468]]],[[[142.17119,27.04369],[142.17119,27.04369],[142.17119,27.04369],[142.17119,27.04369]]],[[[142.17038,27.11938],[142.17038,27.11938],[142.17038,27.11938],[142.17038,27.11938]]],[[[142.15088,26.6473],[142.15088,26.6473],[142.15088,26.6473],[142.15088,26.6473]]],[[[142.21332,26.56448],[142.21332,26.56448],[142.21332,26.56448],[142.21332,26.56448]]],[[[142.18707,27.13779],[142.18707,27.13779],[142.18707,27.13779],[142.18707,27.13779]]],[[[142.23667,27.09865],[142.23667,27.09865],[142.23667,27.09865],[142.23667,27.09865]]],[[[142.15205,26.6437],[142.15205,26.6437],[142.15205,26.6437],[142.15205,26.6437]]],[[[142.18248,26.62195],[142.18248,26.62195],[142.18248,26.62195],[142.18248,26.62195]]],[[[142.14836,26.64884],[142.14836,26.64884],[142.14836,26.64884],[142.14836,26.64884]]],[[[142.1811,27.09261],[142.1811,27.09261],[142.1811,27.09261],[142.1811,27.09261]]],[[[142.23118,26.57878],[142.23118,26.57878],[142.23118,26.57878],[142.23118,26.57878]]],[[[142.13418,26.68604],[142.13418,26.68604],[142.13418,26.68604],[142.13418,26.68604]]],[[[142.12799,26.69447],[142.12799,26.69447],[142.12799,26.69447],[142.12799,26.69447]]],[[[142.22858,27.12147],[142.22858,27.12147],[142.22858,27.12147],[142.22858,27.12147]]],[[[142.23398,27.07208],[142.23398,27.07208],[142.23398,27.07208],[142.23398,27.07208]]],[[[142.23084,27.05349],[142.23084,27.05349],[142.23084,27.05349],[142.23084,27.05349]]],[[[142.20359,27.49964],[142.20359,27.49964],[142.20359,27.49964],[142.20359,27.49964]]],[[[142.16031,27.66225],[142.16031,27.66225],[142.16031,27.66225],[142.16031,27.66225]]],[[[142.2009,27.16326],[142.2009,27.16326],[142.2009,27.16326],[142.2009,27.16326]]],[[[142.15261,26.63747],[142.15261,26.63747],[142.15261,26.63747],[142.15261,26.63747]]],[[[142.23041,26.58203],[142.23041,26.58203],[142.23041,26.58203],[142.23041,26.58203]]],[[[142.16229,26.56384],[142.16229,26.56384],[142.16229,26.56384],[142.16229,26.56384]]],[[[142.16841,26.68598],[142.16841,26.68598],[142.16841,26.68598],[142.16841,26.68598]]],[[[142.13495,27.68685],[142.13495,27.68685],[142.13495,27.68685],[142.13495,27.68685]]],[[[142.17862,27.62515],[142.17862,27.62515],[142.17862,27.62515],[142.17862,27.62515]]],[[[141.28368,24.7516],[141.28368,24.7516],[141.28368,24.7516],[141.28368,24.7516]]],[[[142.19496,27.076],[142.19496,27.076],[142.19496,27.076],[142.19496,27.076]]],[[[142.13627,26.68245],[142.13627,26.68245],[142.13627,26.68245],[142.13627,26.68245]]],[[[142.24431,27.09179],[142.24431,27.09179],[142.24431,27.09179],[142.24431,27.09179]]],[[[142.23175,27.11433],[142.23175,27.11433],[142.23175,27.11433],[142.23175,27.11433]]],[[[142.12863,26.69444],[142.12863,26.69444],[142.12863,26.69444],[142.12863,26.69444]]],[[[141.28536,24.74525],[141.28536,24.74525],[141.28536,24.74525],[141.28536,24.74525]]],[[[142.17196,27.11688],[142.17196,27.11688],[142.17196,27.11688],[142.17196,27.11688]]],[[[142.20297,27.10559],[142.20297,27.10559],[142.20297,27.10559],[142.20297,27.10559]]],[[[142.16189,26.68813],[142.16189,26.68813],[142.16189,26.68813],[142.16189,26.68813]]],[[[142.18141,26.61724],[142.18141,26.61724],[142.18141,26.61724],[142.18141,26.61724]]],[[[142.23095,26.57884],[142.23095,26.57884],[142.23095,26.57884],[142.23095,26.57884]]],[[[142.18256,27.04061],[142.18256,27.04061],[142.18256,27.04061],[142.18256,27.04061]]],[[[142.19611,27.17741],[142.19611,27.17741],[142.19611,27.17741],[142.19611,27.17741]]],[[[142.21527,27.10805],[142.21527,27.10805],[142.21527,27.10805],[142.21527,27.10805]]],[[[142.2031,27.04408],[142.2031,27.04408],[142.2031,27.04408],[142.2031,27.04408]]],[[[142.17653,27.0347],[142.17653,27.0347],[142.17653,27.0347],[142.17653,27.0347]]],[[[142.12719,26.69733],[142.12719,26.69733],[142.12719,26.69733],[142.12719,26.69733]]],[[[142.18283,27.0862],[142.18283,27.0862],[142.18283,27.0862],[142.18283,27.0862]]],[[[142.16219,26.70334],[142.16219,26.70334],[142.16219,26.70334],[142.16219,26.70334]]],[[[142.15699,27.6648],[142.15699,27.6648],[142.15699,27.6648],[142.15699,27.6648]]],[[[142.14247,26.67689],[142.14247,26.67689],[142.14247,26.67689],[142.14247,26.67689]]],[[[142.14602,26.66681],[142.14602,26.66681],[142.14602,26.66681],[142.14602,26.66681]]],[[[142.18534,26.66048],[142.18534,26.66048],[142.18534,26.66048],[142.18534,26.66048]]],[[[142.14243,26.58731],[142.14243,26.58731],[142.14243,26.58731],[142.14243,26.58731]]],[[[142.18458,27.06112],[142.18458,27.06112],[142.18458,27.06112],[142.18458,27.06112]]],[[[142.12828,26.69259],[142.12828,26.69259],[142.12828,26.69259],[142.12828,26.69259]]],[[[142.1966,27.03941],[142.1966,27.03941],[142.1966,27.03941],[142.1966,27.03941]]],[[[142.14297,26.58659],[142.14297,26.58659],[142.14297,26.58659],[142.14297,26.58659]]],[[[142.13633,27.68791],[142.13633,27.68791],[142.13633,27.68791],[142.13633,27.68791]]],[[[142.22772,27.116],[142.22772,27.116],[142.22772,27.116],[142.22772,27.116]]],[[[142.11701,26.70268],[142.11701,26.70268],[142.11701,26.70268],[142.11701,26.70268]]],[[[142.16874,27.03622],[142.16874,27.03622],[142.16874,27.03622],[142.16874,27.03622]]],[[[142.14307,26.66574],[142.14307,26.66574],[142.14307,26.66574],[142.14307,26.66574]]],[[[142.18192,27.08706],[142.18192,27.08706],[142.18192,27.08706],[142.18192,27.08706]]],[[[142.13693,26.68075],[142.13693,26.68075],[142.13693,26.68075],[142.13693,26.68075]]],[[[142.19411,27.10773],[142.19411,27.10773],[142.19411,27.10773],[142.19411,27.10773]]],[[[142.17156,27.02979],[142.17156,27.02979],[142.17156,27.02979],[142.17156,27.02979]]],[[[142.09429,27.71671],[142.09429,27.71671],[142.09429,27.71671],[142.09429,27.71671]]],[[[142.16731,26.68491],[142.16731,26.68491],[142.16731,26.68491],[142.16731,26.68491]]],[[[142.16867,26.69033],[142.16867,26.69033],[142.16867,26.69033],[142.16867,26.69033]]],[[[141.45173,24.24377],[141.45173,24.24377],[141.45173,24.24377],[141.45173,24.24377]]],[[[142.19683,27.03919],[142.19683,27.03919],[142.19683,27.03919],[142.19683,27.03919]]],[[[142.19548,27.19739],[142.19548,27.19739],[142.19548,27.19739],[142.19548,27.19739]]],[[[142.17928,27.04523],[142.17928,27.04523],[142.17928,27.04523],[142.17928,27.04523]]],[[[142.17491,26.64784],[142.17491,26.64784],[142.17491,26.64784],[142.17491,26.64784]]],[[[142.13946,26.67886],[142.13946,26.67886],[142.13946,26.67886],[142.13946,26.67886]]],[[[142.18318,27.12756],[142.18318,27.12756],[142.18318,27.12756],[142.18318,27.12756]]],[[[142.18914,27.0737],[142.18914,27.0737],[142.18914,27.0737],[142.18914,27.0737]]],[[[142.23847,27.0481],[142.23847,27.0481],[142.23847,27.0481],[142.23847,27.0481]]],[[[142.18171,27.04107],[142.18171,27.04107],[142.18171,27.04107],[142.18171,27.04107]]],[[[142.12574,26.70065],[142.12574,26.70065],[142.12574,26.70065],[142.12574,26.70065]]],[[[142.12558,26.70053],[142.12558,26.70053],[142.12558,26.70053],[142.12558,26.70053]]],[[[142.18186,27.0455],[142.18186,27.0455],[142.18186,27.0455],[142.18186,27.0455]]],[[[142.1765,27.63408],[142.1765,27.63408],[142.1765,27.63408],[142.1765,27.63408]]],[[[142.21114,27.1035],[142.21114,27.1035],[142.21114,27.1035],[142.21114,27.1035]]],[[[142.13653,26.68198],[142.13653,26.68198],[142.13653,26.68198],[142.13653,26.68198]]],[[[142.14417,26.67561],[142.14417,26.67561],[142.14417,26.67561],[142.14417,26.67561]]],[[[142.16196,26.68784],[142.16196,26.68784],[142.16196,26.68784],[142.16196,26.68784]]],[[[142.16969,27.0513],[142.16969,27.0513],[142.16969,27.0513],[142.16969,27.0513]]],[[[142.18075,26.63038],[142.18075,26.63038],[142.18075,26.63038],[142.18075,26.63038]]],[[[142.16055,27.10562],[142.16055,27.10562],[142.16055,27.10562],[142.16055,27.10562]]],[[[142.18485,27.15581],[142.18485,27.15581],[142.18485,27.15581],[142.18485,27.15581]]],[[[142.10177,27.71308],[142.10177,27.71308],[142.10177,27.71308],[142.10177,27.71308]]],[[[142.18435,27.1781],[142.18435,27.1781],[142.18435,27.1781],[142.18435,27.1781]]],[[[141.2823,24.80945],[141.2823,24.80945],[141.2823,24.80945],[141.2823,24.80945]]],[[[142.24083,27.04713],[142.24083,27.04713],[142.24083,27.04713],[142.24083,27.04713]]],[[[142.14092,27.67109],[142.14092,27.67109],[142.14092,27.67109],[142.14092,27.67109]]],[[[142.23193,27.06465],[142.23193,27.06465],[142.23193,27.06465],[142.23193,27.06465]]],[[[142.18134,27.09625],[142.18134,27.09625],[142.18134,27.09625],[142.18134,27.09625]]],[[[142.13615,26.68422],[142.13615,26.68422],[142.13615,26.68422],[142.13615,26.68422]]],[[[142.12316,26.70556],[142.12316,26.70556],[142.12316,26.70556],[142.12316,26.70556]]],[[[142.23841,27.04739],[142.23841,27.04739],[142.23841,27.04739],[142.23841,27.04739]]],[[[142.14156,26.66625],[142.14156,26.66625],[142.14156,26.66625],[142.14156,26.66625]]],[[[142.15628,26.70807],[142.15628,26.70807],[142.15628,26.70807],[142.15628,26.70807]]],[[[142.17965,26.60834],[142.17965,26.60834],[142.17965,26.60834],[142.17965,26.60834]]],[[[142.18173,27.07331],[142.18173,27.07331],[142.18173,27.07331],[142.18173,27.07331]]],[[[142.23478,27.07718],[142.23478,27.07718],[142.23478,27.07718],[142.23478,27.07718]]],[[[142.18533,27.03954],[142.18533,27.03954],[142.18533,27.03954],[142.18533,27.03954]]],[[[142.17108,27.03373],[142.17108,27.03373],[142.17108,27.03373],[142.17108,27.03373]]],[[[141.27918,24.80175],[141.27918,24.80175],[141.27918,24.80175],[141.27918,24.80175]]],[[[142.23399,27.07777],[142.23399,27.07777],[142.23399,27.07777],[142.23399,27.07777]]],[[[142.14171,27.67109],[142.14171,27.67109],[142.14171,27.67109],[142.14171,27.67109]]],[[[142.13083,26.68711],[142.13083,26.68711],[142.13083,26.68711],[142.13083,26.68711]]],[[[142.1816,27.62071],[142.1816,27.62071],[142.1816,27.62071],[142.1816,27.62071]]],[[[142.12801,26.69882],[142.12801,26.69882],[142.12801,26.69882],[142.12801,26.69882]]],[[[142.12909,26.69062],[142.12909,26.69062],[142.12909,26.69062],[142.12909,26.69062]]],[[[142.12986,26.69078],[142.12986,26.69078],[142.12986,26.69078],[142.12986,26.69078]]],[[[142.17277,27.03502],[142.17277,27.03502],[142.17277,27.03502],[142.17277,27.03502]]],[[[142.1954,27.1755],[142.1954,27.1755],[142.1954,27.1755],[142.1954,27.1755]]],[[[142.22977,27.11507],[142.22977,27.11507],[142.22977,27.11507],[142.22977,27.11507]]],[[[142.13701,26.68084],[142.13701,26.68084],[142.13701,26.68084],[142.13701,26.68084]]],[[[142.1296,26.69361],[142.1296,26.69361],[142.1296,26.69361],[142.1296,26.69361]]],[[[142.17879,27.03662],[142.17879,27.03662],[142.17879,27.03662],[142.17879,27.03662]]],[[[142.19627,27.17381],[142.19627,27.17381],[142.19627,27.17381],[142.19627,27.17381]]],[[[142.17124,27.05102],[142.17124,27.05102],[142.17124,27.05102],[142.17124,27.05102]]],[[[142.18717,27.06035],[142.18717,27.06035],[142.18717,27.06035],[142.18717,27.06035]]],[[[142.16699,26.68051],[142.16699,26.68051],[142.16699,26.68051],[142.16699,26.68051]]],[[[142.18771,27.06162],[142.18771,27.06162],[142.18771,27.06162],[142.18771,27.06162]]],[[[142.10066,27.71439],[142.10066,27.71439],[142.10066,27.71439],[142.10066,27.71439]]],[[[142.17231,27.04279],[142.17231,27.04279],[142.17231,27.04279],[142.17231,27.04279]]],[[[142.1222,26.7106],[142.1222,26.7106],[142.1222,26.7106],[142.1222,26.7106]]],[[[142.23015,27.11484],[142.23015,27.11484],[142.23015,27.11484],[142.23015,27.11484]]],[[[142.11235,27.74476],[142.11235,27.74476],[142.11235,27.74476],[142.11235,27.74476]]],[[[142.20791,27.4898],[142.20791,27.4898],[142.20791,27.4898],[142.20791,27.4898]]],[[[142.12952,26.68855],[142.12952,26.68855],[142.12952,26.68855],[142.12952,26.68855]]],[[[142.21197,26.56454],[142.21197,26.56454],[142.21197,26.56454],[142.21197,26.56454]]],[[[142.2191,27.10102],[142.2191,27.10102],[142.2191,27.10102],[142.2191,27.10102]]],[[[142.20762,27.10322],[142.20762,27.10322],[142.20762,27.10322],[142.20762,27.10322]]],[[[142.14333,26.70784],[142.14336,26.70784],[142.14333,26.70784],[142.14333,26.70784]]],[[[142.12147,26.70522],[142.12147,26.70522],[142.12147,26.70522],[142.12147,26.70522]]],[[[142.14229,26.70913],[142.14229,26.70913],[142.14229,26.70913],[142.14229,26.70913]]],[[[142.14469,26.65563],[142.14469,26.65563],[142.14469,26.65563],[142.14469,26.65563]]],[[[142.21475,27.10086],[142.21475,27.10086],[142.21475,27.10086],[142.21475,27.10086]]],[[[142.18521,26.61189],[142.18521,26.61189],[142.18521,26.61189],[142.18521,26.61189]]],[[[142.17054,27.62272],[142.17054,27.62272],[142.17054,27.62272],[142.17054,27.62272]]],[[[141.28561,24.79053],[141.28561,24.79053],[141.28561,24.79053],[141.28561,24.79053]]],[[[142.23187,27.06723],[142.23187,27.06723],[142.23187,27.06723],[142.23187,27.06723]]],[[[142.18535,27.04817],[142.18535,27.04817],[142.18535,27.04817],[142.18535,27.04817]]],[[[141.28569,24.79029],[141.28569,24.79029],[141.28569,24.79029],[141.28569,24.79029]]],[[[142.17213,27.04959],[142.17213,27.04959],[142.17213,27.04959],[142.17213,27.04959]]],[[[142.17329,26.59802],[142.17329,26.59802],[142.17329,26.59802],[142.17329,26.59802]]],[[[142.13731,26.70022],[142.13731,26.70022],[142.13731,26.70022],[142.13731,26.70022]]],[[[142.22505,27.08778],[142.22505,27.08778],[142.22505,27.08778],[142.22505,27.08778]]],[[[142.17252,27.04633],[142.17252,27.04633],[142.17252,27.04633],[142.17252,27.04633]]],[[[142.20854,27.49972],[142.20854,27.49972],[142.20854,27.49972],[142.20854,27.49972]]],[[[142.1526,26.70719],[142.1526,26.70719],[142.1526,26.70719],[142.1526,26.70719]]],[[[142.17616,26.59874],[142.17616,26.59874],[142.17616,26.59874],[142.17616,26.59874]]],[[[142.17902,27.63189],[142.17902,27.63189],[142.17902,27.63189],[142.17902,27.63189]]],[[[142.23316,27.07436],[142.23316,27.07436],[142.23316,27.07436],[142.23316,27.07436]]],[[[142.21499,27.4892],[142.21499,27.4892],[142.21499,27.4892],[142.21499,27.4892]]],[[[142.23065,27.08034],[142.23065,27.08034],[142.23065,27.08034],[142.23065,27.08034]]],[[[142.22146,27.09466],[142.22146,27.09466],[142.22146,27.09466],[142.22146,27.09466]]],[[[142.22763,27.11646],[142.22763,27.11646],[142.22763,27.11646],[142.22763,27.11646]]],[[[142.18499,26.66076],[142.18499,26.66076],[142.18499,26.66076],[142.18499,26.66076]]],[[[142.14377,26.58744],[142.14377,26.58744],[142.14377,26.58744],[142.14377,26.58744]]],[[[142.1436,26.67128],[142.1436,26.67128],[142.1436,26.67128],[142.1436,26.67128]]],[[[142.22649,27.05457],[142.22649,27.05457],[142.22649,27.05457],[142.22649,27.05457]]],[[[142.13615,26.68178],[142.13615,26.68178],[142.13615,26.68178],[142.13615,26.68178]]],[[[141.4732,24.23925],[141.4732,24.23925],[141.4732,24.23925],[141.4732,24.23925]]],[[[142.13721,26.70042],[142.13721,26.70042],[142.13721,26.70042],[142.13721,26.70042]]],[[[142.12417,26.59713],[142.12417,26.59713],[142.12417,26.59713],[142.12417,26.59713]]],[[[142.25214,27.08968],[142.25214,27.08968],[142.25214,27.08968],[142.25214,27.08968]]],[[[142.1409,26.70744],[142.1409,26.70744],[142.1409,26.70744],[142.1409,26.70744]]],[[[142.13965,26.67858],[142.13965,26.67858],[142.13965,26.67858],[142.13965,26.67858]]],[[[142.17936,27.63339],[142.17936,27.63339],[142.17936,27.63339],[142.17936,27.63339]]],[[[142.13072,26.68859],[142.13072,26.68859],[142.13072,26.68859],[142.13072,26.68859]]],[[[142.18241,27.0868],[142.18241,27.0868],[142.18241,27.0868],[142.18241,27.0868]]],[[[142.20805,27.04004],[142.20805,27.04004],[142.20805,27.04004],[142.20805,27.04004]]],[[[142.18446,27.08802],[142.18446,27.08802],[142.18446,27.08802],[142.18446,27.08802]]],[[[142.18424,27.07528],[142.18424,27.07528],[142.18424,27.07528],[142.18424,27.07528]]],[[[142.19295,27.04044],[142.19295,27.04044],[142.19295,27.04044],[142.19295,27.04044]]],[[[142.14139,26.70201],[142.14139,26.70201],[142.14139,26.70201],[142.14139,26.70201]]],[[[142.14704,26.58132],[142.14704,26.58132],[142.14704,26.58132],[142.14704,26.58132]]],[[[142.19665,27.03872],[142.19665,27.03872],[142.19665,27.03872],[142.19665,27.03872]]],[[[142.14717,26.69191],[142.14717,26.69191],[142.14717,26.69191],[142.14717,26.69191]]],[[[142.15394,26.63556],[142.15394,26.63556],[142.15394,26.63556],[142.15394,26.63556]]],[[[142.17381,26.59791],[142.17381,26.59791],[142.17381,26.59791],[142.17381,26.59791]]],[[[142.16602,27.0435],[142.16602,27.0435],[142.16602,27.0435],[142.16602,27.0435]]],[[[142.12241,26.71463],[142.12241,26.71463],[142.12241,26.71463],[142.12241,26.71463]]],[[[142.18191,26.6213],[142.18191,26.6213],[142.18191,26.6213],[142.18191,26.6213]]],[[[142.21065,27.49381],[142.21065,27.49381],[142.21065,27.49381],[142.21065,27.49381]]],[[[142.14287,26.66473],[142.14287,26.66473],[142.14287,26.66473],[142.14287,26.66473]]],[[[142.18047,26.60745],[142.18047,26.60745],[142.18047,26.60745],[142.18047,26.60745]]],[[[142.13672,26.68122],[142.13672,26.68122],[142.13672,26.68122],[142.13672,26.68122]]],[[[142.18984,27.0735],[142.18984,27.0735],[142.18984,27.0735],[142.18984,27.0735]]],[[[142.22961,27.05429],[142.22961,27.05429],[142.22961,27.05429],[142.22961,27.05429]]],[[[142.16063,27.10614],[142.16063,27.10614],[142.16063,27.10614],[142.16063,27.10614]]],[[[142.1847,27.14454],[142.1847,27.14454],[142.1847,27.14454],[142.1847,27.14454]]],[[[142.16899,27.04293],[142.16899,27.04293],[142.16899,27.04293],[142.16899,27.04293]]],[[[142.13166,26.68728],[142.13166,26.68728],[142.13166,26.68728],[142.13166,26.68728]]],[[[142.20185,26.55291],[142.20185,26.55291],[142.20185,26.55291],[142.20185,26.55291]]],[[[142.1288,26.69416],[142.1288,26.69416],[142.1288,26.69416],[142.1288,26.69416]]],[[[142.23307,27.06278],[142.23307,27.06278],[142.23307,27.06278],[142.23307,27.06278]]],[[[142.12145,26.71582],[142.12145,26.71582],[142.12145,26.71582],[142.12145,26.71582]]],[[[142.18692,27.08716],[142.18692,27.08716],[142.18692,27.08716],[142.18692,27.08716]]],[[[142.24051,27.04751],[142.24051,27.04751],[142.24051,27.04751],[142.24051,27.04751]]],[[[142.18078,26.63074],[142.18078,26.63074],[142.18078,26.63074],[142.18078,26.63074]]],[[[142.19901,27.15744],[142.19901,27.15744],[142.19901,27.15744],[142.19901,27.15744]]],[[[142.16307,27.646],[142.16307,27.646],[142.16307,27.646],[142.16307,27.646]]],[[[142.22494,27.08985],[142.22494,27.08985],[142.22494,27.08985],[142.22494,27.08985]]],[[[142.12813,26.69646],[142.12813,26.69646],[142.12813,26.69646],[142.12813,26.69646]]],[[[142.23351,27.0981],[142.23351,27.0981],[142.23351,27.0981],[142.23351,27.0981]]],[[[142.12802,26.6962],[142.12802,26.6962],[142.12802,26.6962],[142.12802,26.6962]]],[[[141.45376,24.24272],[141.45376,24.24272],[141.45376,24.24272],[141.45376,24.24272]]],[[[142.18062,26.62708],[142.18062,26.62708],[142.18062,26.62708],[142.18062,26.62708]]],[[[142.10812,27.71766],[142.10812,27.71766],[142.10812,27.71766],[142.10812,27.71766]]],[[[142.15374,26.54341],[142.15374,26.54341],[142.15374,26.54341],[142.15374,26.54341]]],[[[142.24183,27.09383],[142.24183,27.09383],[142.24183,27.09383],[142.24183,27.09383]]],[[[142.16459,27.11565],[142.16459,27.11565],[142.16459,27.11565],[142.16459,27.11565]]],[[[142.19882,27.18305],[142.19882,27.18305],[142.19882,27.18305],[142.19882,27.18305]]],[[[142.23338,27.04978],[142.23338,27.04978],[142.23338,27.04978],[142.23338,27.04978]]],[[[142.18791,27.13949],[142.18791,27.13949],[142.18791,27.13949],[142.18791,27.13949]]],[[[142.17481,27.62331],[142.17481,27.62331],[142.17481,27.62331],[142.17481,27.62331]]],[[[142.18419,26.61079],[142.18419,26.61079],[142.18419,26.61079],[142.18419,26.61079]]],[[[142.16544,26.6602],[142.16544,26.6602],[142.16544,26.6602],[142.16544,26.6602]]],[[[142.16505,27.64256],[142.16505,27.64256],[142.16505,27.64256],[142.16505,27.64256]]],[[[142.23153,27.07013],[142.23153,27.07013],[142.23153,27.07013],[142.23153,27.07013]]],[[[142.23317,27.06973],[142.23317,27.06973],[142.23317,27.06973],[142.23317,27.06973]]],[[[142.23834,27.09343],[142.23834,27.09343],[142.23834,27.09343],[142.23834,27.09343]]],[[[142.13171,26.68698],[142.13171,26.68698],[142.13171,26.68698],[142.13171,26.68698]]],[[[142.17247,27.11605],[142.17247,27.11605],[142.17247,27.11605],[142.17247,27.11605]]],[[[142.1682,26.68653],[142.1682,26.68653],[142.1682,26.68653],[142.1682,26.68653]]],[[[142.17274,27.11564],[142.17274,27.11564],[142.17274,27.11564],[142.17274,27.11564]]],[[[142.18173,27.07057],[142.18173,27.07057],[142.18173,27.07057],[142.18173,27.07057]]],[[[142.21936,27.10084],[142.21936,27.10084],[142.21936,27.10084],[142.21936,27.10084]]],[[[142.151,26.63735],[142.151,26.63735],[142.151,26.63735],[142.151,26.63735]]],[[[142.21012,27.03963],[142.21012,27.03963],[142.21012,27.03963],[142.21012,27.03963]]],[[[142.18224,27.04056],[142.18224,27.04056],[142.18224,27.04056],[142.18224,27.04056]]],[[[142.21352,27.489],[142.21352,27.489],[142.21352,27.489],[142.21352,27.489]]],[[[142.164,26.6634],[142.164,26.6634],[142.164,26.6634],[142.164,26.6634]]],[[[142.14762,26.68734],[142.14762,26.68734],[142.14762,26.68734],[142.14762,26.68734]]],[[[142.17534,26.6203],[142.17534,26.6203],[142.17534,26.6203],[142.17534,26.6203]]],[[[142.12243,26.711],[142.12243,26.711],[142.12243,26.711],[142.12243,26.711]]],[[[142.13465,26.6848],[142.13467,26.6848],[142.13465,26.6848],[142.13465,26.6848]]],[[[142.23435,27.07447],[142.23435,27.07447],[142.23435,27.07447],[142.23435,27.07447]]],[[[142.16828,26.69027],[142.16828,26.69027],[142.16828,26.69027],[142.16828,26.69027]]],[[[142.12889,26.69418],[142.12889,26.69418],[142.12889,26.69418],[142.12889,26.69418]]],[[[142.18329,26.62156],[142.18329,26.62156],[142.18329,26.62156],[142.18329,26.62156]]],[[[142.16013,27.65552],[142.16013,27.65552],[142.16013,27.65552],[142.16013,27.65552]]],[[[142.16862,27.03853],[142.16862,27.03853],[142.16862,27.03853],[142.16862,27.03853]]],[[[142.20527,27.04411],[142.20527,27.04411],[142.20527,27.04411],[142.20527,27.04411]]],[[[142.13153,26.68723],[142.13153,26.68723],[142.13153,26.68723],[142.13153,26.68723]]],[[[142.17167,26.59483],[142.17167,26.59483],[142.17167,26.59483],[142.17167,26.59483]]],[[[142.16549,26.7012],[142.16549,26.7012],[142.16549,26.7012],[142.16549,26.7012]]],[[[142.18608,27.08375],[142.18608,27.08375],[142.18608,27.08375],[142.18608,27.08375]]],[[[141.37877,24.77992],[141.37879,24.77993],[141.37877,24.77992],[141.37877,24.77992]]],[[[142.19953,26.54994],[142.19953,26.54994],[142.19953,26.54994],[142.19953,26.54994]]],[[[142.18269,27.16562],[142.18269,27.16562],[142.18269,27.16562],[142.18269,27.16562]]],[[[142.144,26.58769],[142.144,26.58769],[142.144,26.58769],[142.144,26.58769]]],[[[142.16798,26.69039],[142.16798,26.69039],[142.16798,26.69039],[142.16798,26.69039]]],[[[142.18146,27.07058],[142.18146,27.07058],[142.18146,27.07058],[142.18146,27.07058]]],[[[142.23234,27.06966],[142.23234,27.06966],[142.23234,27.06966],[142.23234,27.06966]]],[[[142.22202,27.1095],[142.22202,27.1095],[142.22202,27.1095],[142.22202,27.1095]]],[[[142.14196,26.70914],[142.14196,26.70914],[142.14196,26.70914],[142.14196,26.70914]]],[[[142.18294,27.07013],[142.18294,27.07013],[142.18294,27.07013],[142.18294,27.07013]]],[[[142.23081,27.0796],[142.23081,27.0796],[142.23081,27.0796],[142.23081,27.0796]]],[[[142.19361,27.04114],[142.19361,27.04114],[142.19361,27.04114],[142.19361,27.04114]]],[[[142.2327,27.06947],[142.2327,27.06947],[142.2327,27.06947],[142.2327,27.06947]]],[[[142.21854,26.56111],[142.21854,26.56111],[142.21854,26.56111],[142.21854,26.56111]]],[[[142.22657,27.04276],[142.22657,27.04276],[142.22657,27.04276],[142.22657,27.04276]]],[[[142.15127,26.54541],[142.15127,26.54541],[142.15127,26.54541],[142.15127,26.54541]]],[[[142.23385,27.07268],[142.23385,27.07268],[142.23385,27.07268],[142.23385,27.07268]]],[[[142.23277,27.05793],[142.23277,27.05793],[142.23277,27.05793],[142.23277,27.05793]]],[[[142.17349,26.63793],[142.17349,26.63793],[142.17349,26.63793],[142.17349,26.63793]]],[[[142.13891,26.67954],[142.13891,26.67954],[142.13891,26.67954],[142.13891,26.67954]]],[[[142.16793,27.63702],[142.16793,27.63702],[142.16793,27.63702],[142.16793,27.63702]]],[[[142.17972,27.12939],[142.17972,27.12939],[142.17972,27.12939],[142.17972,27.12939]]],[[[142.16985,27.04265],[142.16985,27.04265],[142.16985,27.04265],[142.16985,27.04265]]],[[[142.13395,26.70163],[142.13395,26.70163],[142.13395,26.70163],[142.13395,26.70163]]],[[[142.17902,27.1296],[142.17902,27.1296],[142.17902,27.1296],[142.17902,27.1296]]],[[[142.1619,26.70036],[142.1619,26.70036],[142.1619,26.70036],[142.1619,26.70036]]],[[[142.22531,27.08727],[142.22531,27.08727],[142.22531,27.08727],[142.22531,27.08727]]],[[[142.12293,26.71026],[142.12293,26.71026],[142.12293,26.71026],[142.12293,26.71026]]],[[[142.2339,27.07529],[142.2339,27.07529],[142.2339,27.07529],[142.2339,27.07529]]],[[[142.18933,27.13985],[142.18933,27.13985],[142.18933,27.13985],[142.18933,27.13985]]],[[[142.18222,26.62316],[142.18222,26.62316],[142.18222,26.62316],[142.18222,26.62316]]],[[[142.17498,27.62297],[142.17498,27.62297],[142.17498,27.62297],[142.17498,27.62297]]],[[[142.14141,26.67043],[142.14141,26.67043],[142.14141,26.67043],[142.14141,26.67043]]],[[[142.10109,27.71924],[142.10109,27.71924],[142.10109,27.71924],[142.10109,27.71924]]],[[[142.1854,26.65907],[142.1854,26.65907],[142.1854,26.65907],[142.1854,26.65907]]],[[[142.1692,27.03975],[142.1692,27.03975],[142.1692,27.03975],[142.1692,27.03975]]],[[[142.14741,26.68722],[142.14741,26.68722],[142.14741,26.68722],[142.14741,26.68722]]],[[[142.23214,27.07029],[142.23214,27.07029],[142.23214,27.07029],[142.23214,27.07029]]],[[[142.19028,27.1887],[142.19028,27.1887],[142.19028,27.1887],[142.19028,27.1887]]],[[[142.18903,27.14542],[142.18903,27.14542],[142.18903,27.14542],[142.18903,27.14542]]],[[[142.23533,27.05555],[142.23533,27.05555],[142.23533,27.05555],[142.23533,27.05555]]],[[[142.15339,26.69779],[142.15339,26.69779],[142.15339,26.69779],[142.15339,26.69779]]],[[[142.24036,27.0456],[142.24036,27.0456],[142.24036,27.0456],[142.24036,27.0456]]],[[[142.22408,27.09142],[142.22408,27.09142],[142.22408,27.09142],[142.22408,27.09142]]],[[[142.1904,27.04283],[142.1904,27.04283],[142.1904,27.04283],[142.1904,27.04283]]],[[[142.15192,26.7077],[142.15192,26.7077],[142.15192,26.7077],[142.15192,26.7077]]],[[[142.19715,27.1056],[142.19715,27.1056],[142.19715,27.1056],[142.19715,27.1056]]],[[[142.12828,26.69686],[142.12828,26.69686],[142.12828,26.69686],[142.12828,26.69686]]],[[[142.24091,27.09394],[142.24091,27.09394],[142.24091,27.09394],[142.24091,27.09394]]],[[[142.23597,27.08437],[142.23597,27.08437],[142.23597,27.08437],[142.23597,27.08437]]],[[[142.18195,27.04062],[142.18195,27.04062],[142.18195,27.04062],[142.18195,27.04062]]],[[[142.15304,26.63791],[142.15304,26.63791],[142.15304,26.63791],[142.15304,26.63791]]],[[[142.1818,27.16532],[142.1818,27.16532],[142.1818,27.16532],[142.1818,27.16532]]],[[[142.2344,27.07689],[142.2344,27.07689],[142.2344,27.07689],[142.2344,27.07689]]],[[[142.11966,27.68858],[142.11966,27.68858],[142.11966,27.68858],[142.11966,27.68858]]],[[[142.1438,26.67134],[142.1438,26.67134],[142.1438,26.67134],[142.1438,26.67134]]],[[[142.12139,27.68754],[142.12139,27.68754],[142.12139,27.68754],[142.12139,27.68754]]],[[[142.13041,26.69051],[142.13041,26.69051],[142.13041,26.69051],[142.13041,26.69051]]],[[[142.09735,27.72357],[142.09735,27.72357],[142.09735,27.72357],[142.09735,27.72357]]],[[[142.23302,27.09941],[142.23302,27.09941],[142.23302,27.09941],[142.23302,27.09941]]],[[[142.2485,27.09084],[142.2485,27.09084],[142.2485,27.09084],[142.2485,27.09084]]],[[[142.24094,26.56554],[142.24094,26.56554],[142.24094,26.56554],[142.24094,26.56554]]],[[[142.1798,27.63188],[142.1798,27.63188],[142.1798,27.63188],[142.1798,27.63188]]],[[[142.10344,27.71638],[142.10344,27.71638],[142.10344,27.71638],[142.10344,27.71638]]],[[[142.19984,27.17993],[142.19984,27.17993],[142.19984,27.17993],[142.19984,27.17993]]],[[[142.16635,26.59258],[142.16635,26.59258],[142.16635,26.59258],[142.16635,26.59258]]],[[[142.16059,27.65977],[142.16059,27.65977],[142.16059,27.65977],[142.16059,27.65977]]],[[[142.14272,26.58687],[142.14272,26.58687],[142.14272,26.58687],[142.14272,26.58687]]],[[[142.23375,27.07801],[142.23375,27.07801],[142.23375,27.07801],[142.23375,27.07801]]],[[[142.14187,26.70941],[142.14187,26.70941],[142.14187,26.70941],[142.14187,26.70941]]],[[[142.15022,26.70684],[142.15022,26.70684],[142.15022,26.70684],[142.15022,26.70684]]],[[[142.16788,27.6373],[142.16788,27.6373],[142.16788,27.6373],[142.16788,27.6373]]],[[[142.18716,27.12066],[142.18716,27.12066],[142.18716,27.12066],[142.18716,27.12066]]],[[[142.18457,26.61196],[142.18457,26.61196],[142.18457,26.61196],[142.18457,26.61196]]],[[[142.15318,26.64159],[142.15318,26.64159],[142.15318,26.64159],[142.15318,26.64159]]],[[[142.22315,27.09209],[142.22315,27.09209],[142.22315,27.09209],[142.22315,27.09209]]],[[[142.17026,27.11959],[142.17026,27.11959],[142.17026,27.11959],[142.17026,27.11959]]],[[[142.17975,27.07283],[142.17975,27.07283],[142.17975,27.07283],[142.17975,27.07283]]],[[[142.20781,27.04104],[142.20781,27.04104],[142.20781,27.04104],[142.20781,27.04104]]],[[[142.21261,27.50167],[142.21261,27.50167],[142.21261,27.50167],[142.21261,27.50167]]],[[[142.19969,26.54927],[142.19969,26.54927],[142.19969,26.54927],[142.19969,26.54927]]],[[[142.21009,27.49359],[142.21009,27.49359],[142.21009,27.49359],[142.21009,27.49359]]],[[[142.12168,26.70516],[142.12168,26.70516],[142.12168,26.70516],[142.12168,26.70516]]],[[[142.14732,26.68983],[142.14732,26.68983],[142.14732,26.68983],[142.14732,26.68983]]],[[[142.22184,27.10984],[142.22184,27.10984],[142.22184,27.10984],[142.22184,27.10984]]],[[[142.14708,26.57535],[142.14708,26.57535],[142.14708,26.57535],[142.14708,26.57535]]],[[[142.182,26.62099],[142.182,26.62099],[142.182,26.62099],[142.182,26.62099]]],[[[142.18889,27.0697],[142.18889,27.0697],[142.18889,27.0697],[142.18889,27.0697]]],[[[142.18784,27.12663],[142.18784,27.12663],[142.18784,27.12663],[142.18784,27.12663]]],[[[142.14493,26.64733],[142.14493,26.64733],[142.14493,26.64733],[142.14493,26.64733]]],[[[142.13133,26.70569],[142.13133,26.70569],[142.13133,26.70569],[142.13133,26.70569]]],[[[142.15082,26.63595],[142.15082,26.63595],[142.15082,26.63595],[142.15082,26.63595]]],[[[142.17978,27.63145],[142.17978,27.63145],[142.17978,27.63145],[142.17978,27.63145]]],[[[142.16831,26.69012],[142.16831,26.69012],[142.16831,26.69012],[142.16831,26.69012]]],[[[142.22062,27.13001],[142.22062,27.13001],[142.22062,27.13001],[142.22062,27.13001]]],[[[142.16032,26.54613],[142.16032,26.54613],[142.16032,26.54613],[142.16032,26.54613]]],[[[142.1895,27.06843],[142.1895,27.06843],[142.1895,27.06843],[142.1895,27.06843]]],[[[142.15937,27.66038],[142.15937,27.66038],[142.15937,27.66038],[142.15937,27.66038]]],[[[142.18169,26.62424],[142.18169,26.62424],[142.18169,26.62424],[142.18169,26.62424]]],[[[142.13474,26.6848],[142.13474,26.6848],[142.13474,26.6848],[142.13474,26.6848]]],[[[142.24556,27.09611],[142.24556,27.09611],[142.24556,27.09611],[142.24556,27.09611]]],[[[141.28569,24.78998],[141.28569,24.78998],[141.28569,24.78998],[141.28569,24.78998]]],[[[142.17971,26.60445],[142.17971,26.60445],[142.17971,26.60445],[142.17971,26.60445]]],[[[142.18339,26.62166],[142.18339,26.62166],[142.18339,26.62166],[142.18339,26.62166]]],[[[142.14517,27.68679],[142.14517,27.68679],[142.14517,27.68679],[142.14517,27.68679]]],[[[142.16325,26.66546],[142.16325,26.66546],[142.16325,26.66546],[142.16325,26.66546]]],[[[142.18158,26.61623],[142.18158,26.61623],[142.18158,26.61623],[142.18158,26.61623]]],[[[142.23555,27.09642],[142.23555,27.09642],[142.23555,27.09642],[142.23555,27.09642]]],[[[141.28539,24.78713],[141.28539,24.78713],[141.28539,24.78713],[141.28539,24.78713]]],[[[142.1811,26.65307],[142.1811,26.65307],[142.1811,26.65307],[142.1811,26.65307]]],[[[142.17759,26.60228],[142.17759,26.60228],[142.17759,26.60228],[142.17759,26.60228]]],[[[142.10028,27.71306],[142.10028,27.71306],[142.10028,27.71306],[142.10028,27.71306]]],[[[142.18298,27.16591],[142.18298,27.16591],[142.18298,27.16591],[142.18298,27.16591]]],[[[142.18799,27.12638],[142.18799,27.12638],[142.18799,27.12638],[142.18799,27.12638]]],[[[142.20774,26.55415],[142.20774,26.55415],[142.20774,26.55415],[142.20774,26.55415]]],[[[142.151,26.63748],[142.151,26.63748],[142.151,26.63748],[142.151,26.63748]]],[[[142.18294,26.61281],[142.18294,26.61281],[142.18294,26.61281],[142.18294,26.61281]]],[[[142.18054,26.62923],[142.18054,26.62923],[142.18054,26.62923],[142.18054,26.62923]]],[[[142.19599,27.03897],[142.19599,27.03897],[142.19599,27.03897],[142.19599,27.03897]]],[[[142.16354,27.11534],[142.16354,27.11534],[142.16354,27.11534],[142.16354,27.11534]]],[[[142.1642,27.11246],[142.1642,27.11246],[142.1642,27.11246],[142.1642,27.11246]]],[[[142.09656,27.72065],[142.09656,27.72065],[142.09656,27.72065],[142.09656,27.72065]]],[[[142.20053,27.16173],[142.20053,27.16173],[142.20053,27.16173],[142.20053,27.16173]]],[[[142.09834,27.71592],[142.09834,27.71592],[142.09834,27.71592],[142.09834,27.71592]]],[[[142.10073,27.71554],[142.10073,27.71554],[142.10073,27.71554],[142.10073,27.71554]]],[[[142.16883,26.68533],[142.16883,26.68533],[142.16883,26.68533],[142.16883,26.68533]]],[[[142.17249,27.62303],[142.17249,27.62303],[142.17249,27.62303],[142.17249,27.62303]]],[[[142.15209,26.58145],[142.15209,26.58145],[142.15209,26.58145],[142.15209,26.58145]]],[[[142.23196,27.07084],[142.23196,27.07084],[142.23196,27.07084],[142.23196,27.07084]]],[[[142.17931,26.60454],[142.17931,26.60454],[142.17931,26.60454],[142.17931,26.60454]]],[[[142.18568,27.11677],[142.18568,27.11677],[142.18568,27.11677],[142.18568,27.11677]]],[[[142.20025,27.16949],[142.20025,27.16949],[142.20025,27.16949],[142.20025,27.16949]]],[[[142.19934,27.16126],[142.19934,27.16126],[142.19934,27.16126],[142.19934,27.16126]]],[[[141.34149,24.80479],[141.34149,24.80479],[141.34149,24.80479],[141.34149,24.80479]]],[[[142.22263,27.10998],[142.22263,27.10998],[142.22263,27.10998],[142.22263,27.10998]]],[[[142.18512,27.04825],[142.18512,27.04825],[142.18512,27.04825],[142.18512,27.04825]]],[[[142.23706,27.05099],[142.23706,27.05099],[142.23706,27.05099],[142.23706,27.05099]]],[[[142.13227,26.70346],[142.13227,26.70346],[142.13227,26.70346],[142.13227,26.70346]]],[[[142.17189,26.64187],[142.17189,26.64187],[142.17189,26.64187],[142.17189,26.64187]]],[[[142.17557,27.61958],[142.17557,27.61958],[142.17557,27.61958],[142.17557,27.61958]]],[[[142.2336,27.05024],[142.2336,27.05024],[142.2336,27.05024],[142.2336,27.05024]]],[[[142.2326,27.07006],[142.2326,27.07006],[142.2326,27.07006],[142.2326,27.07006]]],[[[142.21944,27.10036],[142.21944,27.10036],[142.21944,27.10036],[142.21944,27.10036]]],[[[142.10882,27.71793],[142.10882,27.71793],[142.10882,27.71793],[142.10882,27.71793]]],[[[142.2328,27.10891],[142.2328,27.10891],[142.2328,27.10891],[142.2328,27.10891]]],[[[142.10644,27.71646],[142.10644,27.71646],[142.10644,27.71646],[142.10644,27.71646]]],[[[142.12974,26.68931],[142.12974,26.68931],[142.12974,26.68931],[142.12974,26.68931]]],[[[142.13706,26.70056],[142.13706,26.70056],[142.13706,26.70056],[142.13706,26.70056]]],[[[142.22518,27.04183],[142.22518,27.04183],[142.22518,27.04183],[142.22518,27.04183]]],[[[142.13361,26.70233],[142.13361,26.70233],[142.13361,26.70233],[142.13361,26.70233]]],[[[142.14747,26.66152],[142.14747,26.66152],[142.14747,26.66152],[142.14747,26.66152]]],[[[142.18233,27.12704],[142.18233,27.12704],[142.18233,27.12704],[142.18233,27.12704]]],[[[142.2383,27.0868],[142.2383,27.0868],[142.2383,27.0868],[142.2383,27.0868]]],[[[142.17674,27.05365],[142.17674,27.05365],[142.17674,27.05365],[142.17674,27.05365]]],[[[142.16899,26.68548],[142.16899,26.68548],[142.16899,26.68548],[142.16899,26.68548]]],[[[142.18838,27.11571],[142.18838,27.11571],[142.18838,27.11571],[142.18838,27.11571]]],[[[142.13181,26.68735],[142.13181,26.68735],[142.13181,26.68735],[142.13181,26.68735]]],[[[142.13467,26.6848],[142.13465,26.6848],[142.13467,26.6848],[142.13467,26.6848]]],[[[142.09374,27.72457],[142.09374,27.72457],[142.09374,27.72457],[142.09374,27.72457]]],[[[142.18278,27.16587],[142.18278,27.16587],[142.18278,27.16587],[142.18278,27.16587]]],[[[142.18185,27.09398],[142.18185,27.09398],[142.18185,27.09398],[142.18185,27.09398]]],[[[142.20225,26.55749],[142.20225,26.55749],[142.20225,26.55749],[142.20225,26.55749]]],[[[142.23343,27.07674],[142.23343,27.07674],[142.23343,27.07674],[142.23343,27.07674]]],[[[142.12303,26.7092],[142.12303,26.7092],[142.12303,26.7092],[142.12303,26.7092]]],[[[142.13238,26.68757],[142.13238,26.68757],[142.13238,26.68757],[142.13238,26.68757]]],[[[142.09512,27.71975],[142.09512,27.71975],[142.09512,27.71975],[142.09512,27.71975]]],[[[142.18872,27.05348],[142.18872,27.05348],[142.18872,27.05348],[142.18872,27.05348]]],[[[142.15695,27.65601],[142.15695,27.65601],[142.15695,27.65601],[142.15695,27.65601]]],[[[142.19436,27.04051],[142.19436,27.04051],[142.19436,27.04051],[142.19436,27.04051]]],[[[142.18291,27.15864],[142.18291,27.15864],[142.18291,27.15864],[142.18291,27.15864]]],[[[142.14039,26.67808],[142.14039,26.67808],[142.14039,26.67808],[142.14039,26.67808]]],[[[142.23987,27.0453],[142.23987,27.0453],[142.23987,27.0453],[142.23987,27.0453]]],[[[141.28483,24.78598],[141.28483,24.78598],[141.28483,24.78598],[141.28483,24.78598]]],[[[141.2852,24.78553],[141.2852,24.78553],[141.2852,24.78553],[141.2852,24.78553]]],[[[142.20088,27.16294],[142.20088,27.16294],[142.20088,27.16294],[142.20088,27.16294]]],[[[142.14678,26.6517],[142.14678,26.6517],[142.14678,26.6517],[142.14678,26.6517]]],[[[142.23611,27.10979],[142.23611,27.10979],[142.23611,27.10979],[142.23611,27.10979]]],[[[142.15131,26.63794],[142.15131,26.63794],[142.15131,26.63794],[142.15131,26.63794]]],[[[142.2038,27.11524],[142.2038,27.11524],[142.2038,27.11524],[142.2038,27.11524]]],[[[142.19368,27.03989],[142.19368,27.03989],[142.19368,27.03989],[142.19368,27.03989]]],[[[142.18506,26.66072],[142.18506,26.66072],[142.18506,26.66072],[142.18506,26.66072]]],[[[142.23278,27.11431],[142.23278,27.11431],[142.23278,27.11431],[142.23278,27.11431]]],[[[142.15156,26.69619],[142.15156,26.69619],[142.15156,26.69619],[142.15156,26.69619]]],[[[142.12998,26.69281],[142.12998,26.69281],[142.12998,26.69281],[142.12998,26.69281]]],[[[142.1851,27.15546],[142.1851,27.15546],[142.1851,27.15546],[142.1851,27.15546]]],[[[142.23265,27.06184],[142.23265,27.06184],[142.23265,27.06184],[142.23265,27.06184]]],[[[142.1237,26.59851],[142.1237,26.59851],[142.1237,26.59851],[142.1237,26.59851]]],[[[142.15218,26.63997],[142.15218,26.63997],[142.15218,26.63997],[142.15218,26.63997]]],[[[142.15085,26.63969],[142.15085,26.63969],[142.15085,26.63969],[142.15085,26.63969]]],[[[142.20812,26.56704],[142.20812,26.56704],[142.20812,26.56704],[142.20812,26.56704]]],[[[142.1835,27.16269],[142.1835,27.16269],[142.1835,27.16269],[142.1835,27.16269]]],[[[142.14346,26.67253],[142.14346,26.67253],[142.14346,26.67253],[142.14346,26.67253]]],[[[142.17004,27.11947],[142.17004,27.11947],[142.17004,27.11947],[142.17004,27.11947]]],[[[142.20993,27.48962],[142.20993,27.48962],[142.20993,27.48962],[142.20993,27.48962]]],[[[142.23682,27.09877],[142.23682,27.09877],[142.23682,27.09877],[142.23682,27.09877]]],[[[142.0946,27.72349],[142.0946,27.72349],[142.0946,27.72349],[142.0946,27.72349]]],[[[141.28511,24.78529],[141.28511,24.78529],[141.28511,24.78529],[141.28511,24.78529]]],[[[142.18221,27.07096],[142.18221,27.07096],[142.18221,27.07096],[142.18221,27.07096]]],[[[142.18862,26.65543],[142.18862,26.65543],[142.18862,26.65543],[142.18862,26.65543]]],[[[142.15646,27.66156],[142.15646,27.66156],[142.15646,27.66156],[142.15646,27.66156]]],[[[142.18478,27.62728],[142.18478,27.62728],[142.18478,27.62728],[142.18478,27.62728]]],[[[142.14712,26.58085],[142.14712,26.58085],[142.14712,26.58085],[142.14712,26.58085]]],[[[142.13616,26.6819],[142.13616,26.6819],[142.13616,26.6819],[142.13616,26.6819]]],[[[142.22361,27.0917],[142.22361,27.0917],[142.22361,27.0917],[142.22361,27.0917]]],[[[142.18301,26.61248],[142.18301,26.61248],[142.18301,26.61248],[142.18301,26.61248]]],[[[142.10335,27.71705],[142.10335,27.71705],[142.10335,27.71705],[142.10335,27.71705]]],[[[142.14654,26.65176],[142.14655,26.65175],[142.14654,26.65176],[142.14654,26.65176]]],[[[142.19361,27.04051],[142.19361,27.04051],[142.19361,27.04051],[142.19361,27.04051]]],[[[142.16852,26.69026],[142.16852,26.69026],[142.16852,26.69026],[142.16852,26.69026]]],[[[142.16152,27.11295],[142.16152,27.11295],[142.16152,27.11295],[142.16152,27.11295]]],[[[142.16332,26.70343],[142.16332,26.70343],[142.16332,26.70343],[142.16332,26.70343]]],[[[142.16939,27.04244],[142.16939,27.04244],[142.16939,27.04244],[142.16939,27.04244]]],[[[142.16708,26.68467],[142.16708,26.68467],[142.16708,26.68467],[142.16708,26.68467]]],[[[142.15958,27.65735],[142.15958,27.65735],[142.15958,27.65735],[142.15958,27.65735]]],[[[142.18953,27.1385],[142.18953,27.1385],[142.18953,27.1385],[142.18953,27.1385]]],[[[142.1827,26.62054],[142.1827,26.62054],[142.1827,26.62054],[142.1827,26.62054]]],[[[142.18355,27.18718],[142.18355,27.18718],[142.18355,27.18718],[142.18355,27.18718]]],[[[142.17162,26.59504],[142.17162,26.59504],[142.17162,26.59504],[142.17162,26.59504]]],[[[142.14058,26.66732],[142.14058,26.66732],[142.14058,26.66732],[142.14058,26.66732]]],[[[142.09775,27.72135],[142.09775,27.72135],[142.09775,27.72135],[142.09775,27.72135]]],[[[142.15981,26.5468],[142.15981,26.5468],[142.15981,26.5468],[142.15981,26.5468]]],[[[142.18835,27.10517],[142.18835,27.10517],[142.18835,27.10517],[142.18835,27.10517]]],[[[142.19424,27.03999],[142.19424,27.03999],[142.19424,27.03999],[142.19424,27.03999]]],[[[142.20204,27.04403],[142.20204,27.04403],[142.20204,27.04403],[142.20204,27.04403]]],[[[142.17773,26.60564],[142.17773,26.60564],[142.17773,26.60564],[142.17773,26.60564]]],[[[142.19628,27.03899],[142.19628,27.03899],[142.19628,27.03899],[142.19628,27.03899]]],[[[142.18367,26.61316],[142.18367,26.61316],[142.18367,26.61316],[142.18367,26.61316]]],[[[142.17874,27.63175],[142.17874,27.63175],[142.17874,27.63175],[142.17874,27.63175]]],[[[142.23424,27.05121],[142.23424,27.05121],[142.23424,27.05121],[142.23424,27.05121]]],[[[142.16265,26.67093],[142.16265,26.67093],[142.16265,26.67093],[142.16265,26.67093]]],[[[142.2411,27.0456],[142.2411,27.0456],[142.2411,27.0456],[142.2411,27.0456]]],[[[142.18839,27.14661],[142.18839,27.14661],[142.18839,27.14661],[142.18839,27.14661]]],[[[142.18622,27.11997],[142.18622,27.11997],[142.18622,27.11997],[142.18622,27.11997]]],[[[142.20447,27.49796],[142.20447,27.49796],[142.20447,27.49796],[142.20447,27.49796]]],[[[142.17853,26.60282],[142.17853,26.60282],[142.17853,26.60282],[142.17853,26.60282]]],[[[142.17374,26.64455],[142.17374,26.64455],[142.17374,26.64455],[142.17374,26.64455]]],[[[142.22737,27.11615],[142.22737,27.11615],[142.22737,27.11615],[142.22737,27.11615]]],[[[142.23301,27.07303],[142.23301,27.07303],[142.23301,27.07303],[142.23301,27.07303]]],[[[142.09895,27.72058],[142.09895,27.72058],[142.09895,27.72058],[142.09895,27.72058]]],[[[142.18492,27.08787],[142.18492,27.08787],[142.18492,27.08787],[142.18492,27.08787]]],[[[142.18881,26.6606],[142.18881,26.6606],[142.18881,26.6606],[142.18881,26.6606]]],[[[142.14323,26.67397],[142.14323,26.67397],[142.14323,26.67397],[142.14323,26.67397]]],[[[142.14566,26.58262],[142.14566,26.58262],[142.14566,26.58262],[142.14566,26.58262]]],[[[142.13521,26.6846],[142.13521,26.6846],[142.13521,26.6846],[142.13521,26.6846]]],[[[142.14489,26.65576],[142.14489,26.65576],[142.14489,26.65576],[142.14489,26.65576]]],[[[142.21836,26.56243],[142.21836,26.56243],[142.21836,26.56243],[142.21836,26.56243]]],[[[142.16662,26.68197],[142.16662,26.68197],[142.16662,26.68197],[142.16662,26.68197]]],[[[142.18726,27.11599],[142.18726,27.11599],[142.18726,27.11599],[142.18726,27.11599]]],[[[142.19191,27.10675],[142.19191,27.10675],[142.19191,27.10675],[142.19191,27.10675]]],[[[142.12546,27.68387],[142.12546,27.68387],[142.12546,27.68387],[142.12546,27.68387]]],[[[142.12992,26.69265],[142.12992,26.69265],[142.12992,26.69265],[142.12992,26.69265]]],[[[142.18838,27.18947],[142.18838,27.18947],[142.18838,27.18947],[142.18838,27.18947]]],[[[142.20078,27.16215],[142.20078,27.16215],[142.20078,27.16215],[142.20078,27.16215]]],[[[142.19595,27.17363],[142.19595,27.17363],[142.19595,27.17363],[142.19595,27.17363]]],[[[142.19234,27.10586],[142.19234,27.10586],[142.19234,27.10586],[142.19234,27.10586]]],[[[142.18896,27.05237],[142.18896,27.05237],[142.18896,27.05237],[142.18896,27.05237]]],[[[142.15317,26.58327],[142.15317,26.58327],[142.15317,26.58327],[142.15317,26.58327]]],[[[142.12992,26.69219],[142.12992,26.69219],[142.12992,26.69219],[142.12992,26.69219]]],[[[142.23476,27.07189],[142.23476,27.07189],[142.23476,27.07189],[142.23476,27.07189]]],[[[142.18669,27.11603],[142.18669,27.11603],[142.18669,27.11603],[142.18669,27.11603]]],[[[142.17871,26.605],[142.17871,26.605],[142.17871,26.605],[142.17871,26.605]]],[[[142.23153,27.11428],[142.23153,27.11428],[142.23153,27.11428],[142.23153,27.11428]]],[[[142.18503,27.15571],[142.18503,27.15571],[142.18503,27.15571],[142.18503,27.15571]]],[[[142.15193,26.58278],[142.15193,26.58278],[142.15193,26.58278],[142.15193,26.58278]]],[[[142.22756,26.57286],[142.22756,26.57286],[142.22756,26.57286],[142.22756,26.57286]]],[[[142.20379,27.0792],[142.20379,27.0792],[142.20379,27.0792],[142.20379,27.0792]]],[[[141.3412,24.80503],[141.3412,24.80503],[141.3412,24.80503],[141.3412,24.80503]]],[[[142.23317,27.09914],[142.23317,27.09914],[142.23317,27.09914],[142.23317,27.09914]]],[[[142.21021,27.48943],[142.21021,27.48943],[142.21021,27.48943],[142.21021,27.48943]]],[[[142.21082,27.48891],[142.21082,27.48891],[142.21082,27.48891],[142.21082,27.48891]]],[[[142.10056,27.71679],[142.10056,27.71679],[142.10056,27.71679],[142.10056,27.71679]]],[[[142.2317,27.06017],[142.2317,27.06017],[142.2317,27.06017],[142.2317,27.06017]]],[[[142.17673,27.62224],[142.17673,27.62224],[142.17673,27.62224],[142.17673,27.62224]]],[[[141.30509,24.75643],[141.30509,24.75643],[141.30509,24.75643],[141.30509,24.75643]]],[[[142.18211,26.62275],[142.18211,26.62275],[142.18211,26.62275],[142.18211,26.62275]]],[[[142.19879,27.15935],[142.19879,27.15935],[142.19879,27.15935],[142.19879,27.15935]]],[[[142.18034,26.63003],[142.18034,26.63003],[142.18034,26.63003],[142.18034,26.63003]]],[[[142.19813,27.16918],[142.19813,27.16918],[142.19813,27.16918],[142.19813,27.16918]]],[[[142.1929,27.06184],[142.1929,27.06184],[142.1929,27.06184],[142.1929,27.06184]]],[[[142.18588,27.07467],[142.18588,27.07467],[142.18588,27.07467],[142.18588,27.07467]]],[[[142.19251,27.18544],[142.19251,27.18544],[142.19251,27.18544],[142.19251,27.18544]]],[[[142.14182,26.70249],[142.14182,26.70249],[142.14182,26.70249],[142.14182,26.70249]]],[[[142.18162,27.6311],[142.18162,27.6311],[142.18162,27.6311],[142.18162,27.6311]]],[[[142.09864,27.71636],[142.09864,27.71636],[142.09864,27.71636],[142.09864,27.71636]]],[[[142.1708,27.62234],[142.1708,27.62234],[142.1708,27.62234],[142.1708,27.62234]]],[[[142.18164,26.61783],[142.18164,26.61783],[142.18164,26.61783],[142.18164,26.61783]]],[[[142.1961,27.03936],[142.1961,27.03936],[142.1961,27.03936],[142.1961,27.03936]]],[[[142.18317,27.04537],[142.18317,27.04537],[142.18317,27.04537],[142.18317,27.04537]]],[[[141.28827,24.74549],[141.28827,24.74549],[141.28827,24.74549],[141.28827,24.74549]]],[[[142.12892,26.68824],[142.12892,26.68824],[142.12892,26.68824],[142.12892,26.68824]]],[[[142.17888,27.63183],[142.17888,27.63183],[142.17888,27.63183],[142.17888,27.63183]]],[[[142.1312,26.70516],[142.1312,26.70516],[142.1312,26.70516],[142.1312,26.70516]]],[[[142.23545,27.11077],[142.23545,27.11077],[142.23545,27.11077],[142.23545,27.11077]]],[[[142.18772,27.04457],[142.18772,27.04457],[142.18772,27.04457],[142.18772,27.04457]]],[[[142.16091,27.1056],[142.16091,27.1056],[142.16091,27.1056],[142.16091,27.1056]]],[[[142.23845,27.04784],[142.23845,27.04784],[142.23845,27.04784],[142.23845,27.04784]]],[[[142.23924,26.56762],[142.23924,26.56762],[142.23924,26.56762],[142.23924,26.56762]]],[[[142.17373,26.62243],[142.17373,26.62243],[142.17373,26.62243],[142.17373,26.62243]]],[[[142.15243,26.63724],[142.15243,26.63724],[142.15243,26.63724],[142.15243,26.63724]]],[[[142.15224,26.5567],[142.15224,26.5567],[142.15224,26.5567],[142.15224,26.5567]]],[[[142.09728,27.71861],[142.09728,27.71861],[142.09728,27.71861],[142.09728,27.71861]]],[[[142.2365,27.05483],[142.2365,27.05483],[142.2365,27.05483],[142.2365,27.05483]]],[[[142.21309,27.50171],[142.21309,27.50171],[142.21309,27.50171],[142.21309,27.50171]]],[[[142.23182,26.57626],[142.23182,26.57626],[142.23182,26.57626],[142.23182,26.57626]]],[[[142.13185,26.68707],[142.13185,26.68707],[142.13185,26.68707],[142.13185,26.68707]]],[[[142.23055,27.05961],[142.23055,27.05961],[142.23055,27.05961],[142.23055,27.05961]]],[[[142.1989,27.19737],[142.1989,27.19737],[142.1989,27.19737],[142.1989,27.19737]]],[[[142.17276,26.62712],[142.17276,26.62712],[142.17276,26.62712],[142.17276,26.62712]]],[[[142.14907,26.64808],[142.14907,26.64808],[142.14907,26.64808],[142.14907,26.64808]]],[[[142.1809,26.62625],[142.1809,26.62625],[142.1809,26.62625],[142.1809,26.62625]]],[[[142.23512,27.04943],[142.23512,27.04943],[142.23512,27.04943],[142.23512,27.04943]]],[[[142.183,27.0878],[142.183,27.0878],[142.183,27.0878],[142.183,27.0878]]],[[[142.23297,27.07245],[142.23297,27.07245],[142.23297,27.07245],[142.23297,27.07245]]],[[[142.23198,27.06704],[142.23198,27.06704],[142.23198,27.06704],[142.23198,27.06704]]],[[[142.12326,26.70546],[142.12326,26.70546],[142.12326,26.70546],[142.12326,26.70546]]],[[[142.18226,27.09235],[142.18226,27.09235],[142.18226,27.09235],[142.18226,27.09235]]],[[[142.17277,27.62489],[142.17277,27.62489],[142.17277,27.62489],[142.17277,27.62489]]],[[[142.12852,26.61045],[142.12852,26.61045],[142.12852,26.61045],[142.12852,26.61045]]],[[[142.15572,27.66472],[142.15572,27.66472],[142.15572,27.66472],[142.15572,27.66472]]],[[[142.1257,27.68402],[142.1257,27.68402],[142.1257,27.68402],[142.1257,27.68402]]],[[[142.18608,27.11828],[142.18608,27.11828],[142.18608,27.11828],[142.18608,27.11828]]],[[[142.20079,27.16258],[142.20079,27.16258],[142.20079,27.16258],[142.20079,27.16258]]],[[[142.18173,26.6185],[142.18173,26.6185],[142.18173,26.6185],[142.18173,26.6185]]],[[[142.17586,26.60114],[142.17586,26.60114],[142.17586,26.60114],[142.17586,26.60114]]],[[[142.21675,27.10055],[142.21675,27.10055],[142.21675,27.10055],[142.21675,27.10055]]],[[[142.12883,26.69352],[142.12883,26.69352],[142.12883,26.69352],[142.12883,26.69352]]],[[[142.12243,26.71113],[142.12243,26.71113],[142.12243,26.71113],[142.12243,26.71113]]],[[[142.16375,26.67611],[142.16375,26.67611],[142.16375,26.67611],[142.16375,26.67611]]],[[[142.14876,26.65402],[142.14876,26.65402],[142.14876,26.65402],[142.14876,26.65402]]],[[[142.23525,27.0558],[142.23525,27.0558],[142.23525,27.0558],[142.23525,27.0558]]],[[[142.16208,27.11529],[142.16208,27.11529],[142.16208,27.11529],[142.16208,27.11529]]],[[[142.20286,27.08604],[142.20286,27.08604],[142.20286,27.08604],[142.20286,27.08604]]],[[[142.19177,27.07538],[142.19177,27.07538],[142.19177,27.07538],[142.19177,27.07538]]],[[[142.1821,26.61962],[142.1821,26.61962],[142.1821,26.61962],[142.1821,26.61962]]],[[[141.34084,24.80498],[141.34084,24.80498],[141.34084,24.80498],[141.34084,24.80498]]],[[[142.23346,27.0763],[142.23346,27.0763],[142.23346,27.0763],[142.23346,27.0763]]],[[[142.13022,26.692],[142.13022,26.692],[142.13022,26.692],[142.13022,26.692]]],[[[142.20266,27.07515],[142.20266,27.07515],[142.20266,27.07515],[142.20266,27.07515]]],[[[142.17794,26.59989],[142.17794,26.59989],[142.17794,26.59989],[142.17794,26.59989]]],[[[142.16061,27.65567],[142.16061,27.65567],[142.16061,27.65567],[142.16061,27.65567]]],[[[142.23182,27.06003],[142.23182,27.06003],[142.23182,27.06003],[142.23182,27.06003]]],[[[142.18651,26.65978],[142.18651,26.65978],[142.18651,26.65978],[142.18651,26.65978]]],[[[142.22658,26.57162],[142.22658,26.57162],[142.22658,26.57162],[142.22658,26.57162]]],[[[142.19043,27.04256],[142.19043,27.04256],[142.19043,27.04256],[142.19043,27.04256]]],[[[142.1813,26.61622],[142.1813,26.61622],[142.1813,26.61622],[142.1813,26.61622]]],[[[142.13515,26.6853],[142.13515,26.6853],[142.13515,26.6853],[142.13515,26.6853]]],[[[142.15322,26.63928],[142.15322,26.63928],[142.15322,26.63928],[142.15322,26.63928]]],[[[142.13219,26.68735],[142.13219,26.68735],[142.13219,26.68735],[142.13219,26.68735]]],[[[142.16193,26.56358],[142.16193,26.56358],[142.16193,26.56358],[142.16193,26.56358]]],[[[142.19153,27.07551],[142.19153,27.07551],[142.19153,27.07551],[142.19153,27.07551]]],[[[142.14997,26.70904],[142.14997,26.70904],[142.14997,26.70904],[142.14997,26.70904]]],[[[142.20007,26.5514],[142.20007,26.5514],[142.20007,26.5514],[142.20007,26.5514]]],[[[142.09395,27.71682],[142.09395,27.71682],[142.09395,27.71682],[142.09395,27.71682]]],[[[142.16123,27.11387],[142.16123,27.11387],[142.16123,27.11387],[142.16123,27.11387]]],[[[142.12856,26.69531],[142.12856,26.69531],[142.12856,26.69531],[142.12856,26.69531]]],[[[142.22772,26.56333],[142.22772,26.56333],[142.22772,26.56333],[142.22772,26.56333]]],[[[142.18456,27.04823],[142.18456,27.04823],[142.18456,27.04823],[142.18456,27.04823]]],[[[142.19642,27.03892],[142.19642,27.03892],[142.19642,27.03892],[142.19642,27.03892]]],[[[142.17652,26.59881],[142.17652,26.59881],[142.17652,26.59881],[142.17652,26.59881]]],[[[142.23186,27.05847],[142.23186,27.05847],[142.23186,27.05847],[142.23186,27.05847]]],[[[142.15832,27.65914],[142.15832,27.65914],[142.15832,27.65914],[142.15832,27.65914]]],[[[142.20777,27.04139],[142.20777,27.04139],[142.20777,27.04139],[142.20777,27.04139]]],[[[142.17714,26.61901],[142.17714,26.61901],[142.17714,26.61901],[142.17714,26.61901]]],[[[142.19309,27.08878],[142.19309,27.08878],[142.19309,27.08878],[142.19309,27.08878]]],[[[142.1454,26.65852],[142.1454,26.65852],[142.1454,26.65852],[142.1454,26.65852]]],[[[142.20801,27.48602],[142.20801,27.48602],[142.20801,27.48602],[142.20801,27.48602]]],[[[142.23194,27.0789],[142.23194,27.0789],[142.23194,27.0789],[142.23194,27.0789]]],[[[142.16484,26.63056],[142.16484,26.63056],[142.16484,26.63056],[142.16484,26.63056]]],[[[142.1928,27.04152],[142.1928,27.04152],[142.1928,27.04152],[142.1928,27.04152]]],[[[142.23161,27.05908],[142.23161,27.05908],[142.23161,27.05908],[142.23161,27.05908]]],[[[142.10308,27.71611],[142.10308,27.71611],[142.10308,27.71611],[142.10308,27.71611]]],[[[142.16622,26.59325],[142.16622,26.59325],[142.16622,26.59325],[142.16622,26.59325]]],[[[142.12801,26.69507],[142.12801,26.69507],[142.12801,26.69507],[142.12801,26.69507]]],[[[142.17144,27.04478],[142.17144,27.04478],[142.17144,27.04478],[142.17144,27.04478]]],[[[142.16053,26.55459],[142.16053,26.55459],[142.16053,26.55459],[142.16053,26.55459]]],[[[142.1411,26.70457],[142.1411,26.70457],[142.1411,26.70457],[142.1411,26.70457]]],[[[142.23578,27.04943],[142.23578,27.04943],[142.23578,27.04943],[142.23578,27.04943]]],[[[142.14737,26.58101],[142.14737,26.58101],[142.14737,26.58101],[142.14737,26.58101]]],[[[142.21949,27.49536],[142.21949,27.49536],[142.21949,27.49536],[142.21949,27.49536]]],[[[142.13622,26.70064],[142.13622,26.70064],[142.13622,26.70064],[142.13622,26.70064]]],[[[142.2004,27.16465],[142.2004,27.16465],[142.2004,27.16465],[142.2004,27.16465]]],[[[142.1419,26.70899],[142.1419,26.70899],[142.1419,26.70899],[142.1419,26.70899]]],[[[142.22595,27.05403],[142.22595,27.05403],[142.22595,27.05403],[142.22595,27.05403]]],[[[142.17337,26.63797],[142.17337,26.63797],[142.17337,26.63797],[142.17337,26.63797]]],[[[142.23575,27.11085],[142.23575,27.11085],[142.23575,27.11085],[142.23575,27.11085]]],[[[142.12461,27.6824],[142.12461,27.6824],[142.12461,27.6824],[142.12461,27.6824]]],[[[142.23373,27.0809],[142.23373,27.0809],[142.23373,27.0809],[142.23373,27.0809]]],[[[142.18862,27.04912],[142.18862,27.04912],[142.18862,27.04912],[142.18862,27.04912]]],[[[142.1559,27.65744],[142.1559,27.65744],[142.1559,27.65744],[142.1559,27.65744]]],[[[142.20542,27.07607],[142.20542,27.07607],[142.20542,27.07607],[142.20542,27.07607]]],[[[142.12146,26.70371],[142.12146,26.70371],[142.12146,26.70371],[142.12146,26.70371]]],[[[142.13809,26.68039],[142.13809,26.68039],[142.13809,26.68039],[142.13809,26.68039]]],[[[142.14711,26.58222],[142.14711,26.58222],[142.14711,26.58222],[142.14711,26.58222]]],[[[141.4589,24.24563],[141.4589,24.24563],[141.4589,24.24563],[141.4589,24.24563]]],[[[142.12367,26.70318],[142.12367,26.70318],[142.12367,26.70318],[142.12367,26.70318]]],[[[142.19067,27.10489],[142.19067,27.10489],[142.19067,27.10489],[142.19067,27.10489]]],[[[142.22739,26.57287],[142.22739,26.57287],[142.22739,26.57287],[142.22739,26.57287]]],[[[142.15606,27.65924],[142.15606,27.65924],[142.15606,27.65924],[142.15606,27.65924]]],[[[142.23695,27.08784],[142.23695,27.08784],[142.23695,27.08784],[142.23695,27.08784]]],[[[142.19201,27.19258],[142.19201,27.19258],[142.19201,27.19258],[142.19201,27.19258]]],[[[142.23865,27.04783],[142.23865,27.04783],[142.23865,27.04783],[142.23865,27.04783]]],[[[142.21283,26.55562],[142.21283,26.55562],[142.21283,26.55562],[142.21283,26.55562]]],[[[142.19191,27.10619],[142.19191,27.10619],[142.19191,27.10619],[142.19191,27.10619]]],[[[142.15087,26.64766],[142.15087,26.64766],[142.15087,26.64766],[142.15087,26.64766]]],[[[142.13403,26.70118],[142.13403,26.70118],[142.13403,26.70118],[142.13403,26.70118]]],[[[142.17658,27.62213],[142.17658,27.62213],[142.17658,27.62213],[142.17658,27.62213]]],[[[142.1325,26.70372],[142.1325,26.70372],[142.1325,26.70372],[142.1325,26.70372]]],[[[142.18604,27.08458],[142.18604,27.08458],[142.18604,27.08458],[142.18604,27.08458]]],[[[142.14181,26.67772],[142.14181,26.67772],[142.14181,26.67772],[142.14181,26.67772]]],[[[142.20741,26.56577],[142.20741,26.56577],[142.20741,26.56577],[142.20741,26.56577]]],[[[142.20768,27.48976],[142.20768,27.48976],[142.20768,27.48976],[142.20768,27.48976]]],[[[141.28402,25.44886],[141.28402,25.44886],[141.28402,25.44886],[141.28402,25.44886]]],[[[142.14122,26.67784],[142.14122,26.67784],[142.14122,26.67784],[142.14122,26.67784]]],[[[142.18539,27.04828],[142.18539,27.04828],[142.18539,27.04828],[142.18539,27.04828]]],[[[142.1972,27.04016],[142.1972,27.04016],[142.1972,27.04016],[142.1972,27.04016]]],[[[142.18981,27.18699],[142.18981,27.18699],[142.18981,27.18699],[142.18981,27.18699]]],[[[142.16905,27.63279],[142.16905,27.63279],[142.16905,27.63279],[142.16905,27.63279]]],[[[142.21635,27.49386],[142.21635,27.49386],[142.21635,27.49386],[142.21635,27.49386]]],[[[142.17898,27.63159],[142.17898,27.63159],[142.17898,27.63159],[142.17898,27.63159]]],[[[142.23673,27.05006],[142.23673,27.05006],[142.23673,27.05006],[142.23673,27.05006]]],[[[142.12276,26.71147],[142.12276,26.71147],[142.12276,26.71147],[142.12276,26.71147]]],[[[142.23733,27.04873],[142.23733,27.04873],[142.23733,27.04873],[142.23733,27.04873]]],[[[142.23643,27.08871],[142.23643,27.08871],[142.23643,27.08871],[142.23643,27.08871]]],[[[142.17811,27.12942],[142.17811,27.12942],[142.17811,27.12942],[142.17811,27.12942]]],[[[142.12945,26.69047],[142.12945,26.69047],[142.12945,26.69047],[142.12945,26.69047]]],[[[142.16385,26.58963],[142.16385,26.58963],[142.16385,26.58963],[142.16385,26.58963]]],[[[142.12888,26.6924],[142.12888,26.6924],[142.12888,26.6924],[142.12888,26.6924]]],[[[142.19414,27.04098],[142.19414,27.04098],[142.19414,27.04098],[142.19414,27.04098]]],[[[142.17977,27.63065],[142.17977,27.63065],[142.17977,27.63065],[142.17977,27.63065]]],[[[141.34135,24.80439],[141.34135,24.80439],[141.34135,24.80439],[141.34135,24.80439]]],[[[142.14251,26.65526],[142.14251,26.65526],[142.14251,26.65526],[142.14251,26.65526]]],[[[142.20464,27.49811],[142.20464,27.49811],[142.20464,27.49811],[142.20464,27.49811]]],[[[142.13377,26.68461],[142.13377,26.68461],[142.13377,26.68461],[142.13377,26.68461]]],[[[142.20378,27.04438],[142.20378,27.04438],[142.20378,27.04438],[142.20378,27.04438]]],[[[142.15661,27.65997],[142.15661,27.65997],[142.15661,27.65997],[142.15661,27.65997]]],[[[142.17701,27.61989],[142.17701,27.61989],[142.17701,27.61989],[142.17701,27.61989]]],[[[142.18272,27.04789],[142.18272,27.04789],[142.18272,27.04789],[142.18272,27.04789]]],[[[142.15265,26.54636],[142.15265,26.54636],[142.15265,26.54636],[142.15265,26.54636]]],[[[142.16657,26.59253],[142.16657,26.59253],[142.16657,26.59253],[142.16657,26.59253]]],[[[142.23544,27.0555],[142.23544,27.0555],[142.23544,27.0555],[142.23544,27.0555]]],[[[142.15057,26.69389],[142.15057,26.69389],[142.15057,26.69389],[142.15057,26.69389]]],[[[142.15855,27.66401],[142.15855,27.66401],[142.15855,27.66401],[142.15855,27.66401]]],[[[142.13412,26.70127],[142.13412,26.70127],[142.13412,26.70127],[142.13412,26.70127]]],[[[142.09544,27.72139],[142.09544,27.72139],[142.09544,27.72139],[142.09544,27.72139]]],[[[142.18823,27.10535],[142.18823,27.10535],[142.18823,27.10535],[142.18823,27.10535]]],[[[142.13329,26.59631],[142.13329,26.59631],[142.13329,26.59631],[142.13329,26.59631]]],[[[142.14711,26.69],[142.14711,26.69],[142.14711,26.69],[142.14711,26.69]]],[[[142.15961,27.65689],[142.15961,27.65689],[142.15961,27.65689],[142.15961,27.65689]]],[[[142.23324,27.05007],[142.23324,27.05007],[142.23324,27.05007],[142.23324,27.05007]]],[[[142.12983,26.68871],[142.12983,26.68871],[142.12983,26.68871],[142.12983,26.68871]]],[[[142.23553,27.08215],[142.23553,27.08215],[142.23553,27.08215],[142.23553,27.08215]]],[[[142.1897,27.18934],[142.1897,27.18934],[142.1897,27.18934],[142.1897,27.18934]]],[[[140.88296,27.23689],[140.88296,27.23689],[140.88296,27.23689],[140.88296,27.23689]]],[[[142.18642,27.04262],[142.18642,27.04262],[142.18642,27.04262],[142.18642,27.04262]]],[[[142.13617,26.68278],[142.13617,26.68278],[142.13617,26.68278],[142.13617,26.68278]]],[[[142.14312,26.67197],[142.14312,26.67197],[142.14312,26.67197],[142.14312,26.67197]]],[[[142.20675,27.10358],[142.20675,27.10358],[142.20675,27.10358],[142.20675,27.10358]]],[[[142.13184,26.59548],[142.13184,26.59548],[142.13184,26.59548],[142.13184,26.59548]]],[[[142.1673,26.65835],[142.1673,26.65835],[142.1673,26.65835],[142.1673,26.65835]]],[[[142.1796,26.60467],[142.1796,26.60467],[142.1796,26.60467],[142.1796,26.60467]]],[[[142.14349,26.66484],[142.14349,26.66484],[142.14349,26.66484],[142.14349,26.66484]]],[[[142.17875,27.63153],[142.17875,27.63153],[142.17875,27.63153],[142.17875,27.63153]]],[[[142.16641,26.59275],[142.16641,26.59275],[142.16641,26.59275],[142.16641,26.59275]]],[[[142.19519,27.03841],[142.19519,27.03841],[142.19519,27.03841],[142.19519,27.03841]]],[[[142.14025,26.58729],[142.14025,26.58729],[142.14025,26.58729],[142.14025,26.58729]]],[[[142.1254,26.61044],[142.1254,26.61044],[142.1254,26.61044],[142.1254,26.61044]]],[[[142.09614,27.71974],[142.09614,27.71974],[142.09614,27.71974],[142.09614,27.71974]]],[[[142.23812,27.08699],[142.23812,27.08699],[142.23812,27.08699],[142.23812,27.08699]]],[[[142.09621,27.72032],[142.09621,27.72032],[142.09621,27.72032],[142.09621,27.72032]]],[[[142.22638,26.57148],[142.22638,26.57148],[142.22638,26.57148],[142.22638,26.57148]]],[[[142.16391,27.1155],[142.16391,27.1155],[142.16391,27.1155],[142.16391,27.1155]]],[[[142.18245,27.07079],[142.18245,27.07079],[142.18245,27.07079],[142.18245,27.07079]]],[[[142.14339,26.67253],[142.14339,26.67253],[142.14339,26.67253],[142.14339,26.67253]]],[[[142.15753,27.66254],[142.15753,27.66254],[142.15753,27.66254],[142.15753,27.66254]]],[[[142.22843,26.57394],[142.22843,26.57394],[142.22843,26.57394],[142.22843,26.57394]]],[[[142.19338,27.04082],[142.19338,27.04082],[142.19338,27.04082],[142.19338,27.04082]]],[[[142.12291,26.71204],[142.12291,26.71204],[142.12291,26.71204],[142.12291,26.71204]]],[[[142.18067,26.63087],[142.18067,26.63087],[142.18067,26.63087],[142.18067,26.63087]]],[[[142.20092,27.04465],[142.20092,27.04465],[142.20092,27.04465],[142.20092,27.04465]]],[[[142.23346,27.07403],[142.23346,27.07403],[142.23346,27.07403],[142.23346,27.07403]]],[[[142.23381,27.05051],[142.23381,27.05051],[142.23381,27.05051],[142.23381,27.05051]]],[[[142.2032,27.08928],[142.2032,27.08928],[142.2032,27.08928],[142.2032,27.08928]]],[[[142.17427,26.60814],[142.17427,26.60814],[142.17427,26.60814],[142.17427,26.60814]]],[[[142.23286,27.06304],[142.23286,27.06304],[142.23286,27.06304],[142.23286,27.06304]]],[[[142.14491,26.6472],[142.14491,26.6472],[142.14491,26.6472],[142.14491,26.6472]]],[[[142.15671,27.65793],[142.15671,27.65793],[142.15671,27.65793],[142.15671,27.65793]]],[[[142.23455,27.07526],[142.23455,27.07526],[142.23455,27.07526],[142.23455,27.07526]]],[[[142.22394,27.09124],[142.22394,27.09124],[142.22394,27.09124],[142.22394,27.09124]]],[[[142.16398,26.68741],[142.16398,26.68741],[142.16398,26.68741],[142.16398,26.68741]]],[[[142.16173,26.58529],[142.16173,26.58529],[142.16173,26.58529],[142.16173,26.58529]]],[[[142.13223,26.68763],[142.13223,26.68763],[142.13223,26.68763],[142.13223,26.68763]]],[[[142.18636,27.07057],[142.18636,27.07057],[142.18636,27.07057],[142.18636,27.07057]]],[[[142.1289,26.69368],[142.1289,26.69368],[142.1289,26.69368],[142.1289,26.69368]]],[[[142.17779,27.12918],[142.17779,27.12918],[142.17779,27.12918],[142.17779,27.12918]]],[[[141.2874,25.44786],[141.2874,25.44786],[141.2874,25.44786],[141.2874,25.44786]]],[[[142.20674,27.04272],[142.20674,27.04272],[142.20674,27.04272],[142.20674,27.04272]]],[[[141.27194,25.4289],[141.27194,25.4289],[141.27194,25.4289],[141.27194,25.4289]]],[[[142.1748,26.59786],[142.1748,26.59786],[142.1748,26.59786],[142.1748,26.59786]]],[[[142.14217,26.70935],[142.14217,26.70935],[142.14217,26.70935],[142.14217,26.70935]]],[[[142.15,26.5466],[142.15,26.5466],[142.15,26.5466],[142.15,26.5466]]],[[[142.09843,27.72062],[142.09843,27.72062],[142.09843,27.72062],[142.09843,27.72062]]],[[[142.09832,27.7182],[142.09832,27.7182],[142.09832,27.7182],[142.09832,27.7182]]],[[[142.13006,26.69336],[142.13006,26.69336],[142.13006,26.69336],[142.13006,26.69336]]],[[[142.18155,26.61742],[142.18155,26.61742],[142.18155,26.61742],[142.18155,26.61742]]],[[[142.1728,26.62787],[142.1728,26.62787],[142.1728,26.62787],[142.1728,26.62787]]],[[[142.12286,26.71613],[142.12286,26.71613],[142.12286,26.71613],[142.12286,26.71613]]],[[[142.17141,27.04541],[142.17141,27.04541],[142.17141,27.04541],[142.17141,27.04541]]],[[[142.19023,27.18684],[142.19023,27.18684],[142.19023,27.18684],[142.19023,27.18684]]],[[[142.13166,26.70622],[142.13166,26.70622],[142.13166,26.70622],[142.13166,26.70622]]],[[[142.23181,27.0714],[142.23181,27.0714],[142.23181,27.0714],[142.23181,27.0714]]],[[[142.23481,27.09714],[142.23481,27.09714],[142.23481,27.09714],[142.23481,27.09714]]],[[[142.12257,26.71314],[142.12257,26.71314],[142.12257,26.71314],[142.12257,26.71314]]],[[[142.21205,27.48981],[142.21205,27.48981],[142.21205,27.48981],[142.21205,27.48981]]],[[[142.15625,26.62992],[142.15625,26.62992],[142.15625,26.62992],[142.15625,26.62992]]],[[[142.1525,26.70774],[142.1525,26.70774],[142.1525,26.70774],[142.1525,26.70774]]],[[[142.23099,27.06115],[142.23099,27.06115],[142.23099,27.06115],[142.23099,27.06115]]],[[[142.14999,27.674],[142.14999,27.674],[142.14999,27.674],[142.14999,27.674]]],[[[142.17428,26.63531],[142.17428,26.63531],[142.17428,26.63531],[142.17428,26.63531]]],[[[142.09683,27.71784],[142.09683,27.71784],[142.09683,27.71784],[142.09683,27.71784]]],[[[142.15012,27.67395],[142.15012,27.67395],[142.15012,27.67395],[142.15012,27.67395]]],[[[142.12601,26.70191],[142.12601,26.70191],[142.12601,26.70191],[142.12601,26.70191]]],[[[142.23529,27.08584],[142.23529,27.08584],[142.23529,27.08584],[142.23529,27.08584]]],[[[142.19865,27.04516],[142.19865,27.04516],[142.19865,27.04516],[142.19865,27.04516]]],[[[142.14237,26.6747],[142.14237,26.6747],[142.14237,26.6747],[142.14237,26.6747]]],[[[142.20948,27.48722],[142.20948,27.48722],[142.20948,27.48722],[142.20948,27.48722]]],[[[142.14997,26.68443],[142.14997,26.68443],[142.14997,26.68443],[142.14997,26.68443]]],[[[142.22724,27.11618],[142.22724,27.11618],[142.22724,27.11618],[142.22724,27.11618]]],[[[142.12614,26.70091],[142.12614,26.70091],[142.12614,26.70091],[142.12614,26.70091]]],[[[142.20401,27.11541],[142.20401,27.11541],[142.20401,27.11541],[142.20401,27.11541]]],[[[142.21105,27.49243],[142.21105,27.49243],[142.21105,27.49243],[142.21105,27.49243]]],[[[142.18769,27.62233],[142.18769,27.62233],[142.18769,27.62233],[142.18769,27.62233]]],[[[142.2348,26.56658],[142.2348,26.56658],[142.2348,26.56658],[142.2348,26.56658]]],[[[142.1724,26.64414],[142.1724,26.64414],[142.1724,26.64414],[142.1724,26.64414]]],[[[142.17312,26.59816],[142.17312,26.59816],[142.17312,26.59816],[142.17312,26.59816]]],[[[142.18297,27.15821],[142.18297,27.15821],[142.18297,27.15821],[142.18297,27.15821]]],[[[142.14665,26.58083],[142.14665,26.58083],[142.14665,26.58083],[142.14665,26.58083]]],[[[142.14964,26.54694],[142.14964,26.54694],[142.14964,26.54694],[142.14964,26.54694]]],[[[142.14156,26.66555],[142.14156,26.66555],[142.14156,26.66555],[142.14156,26.66555]]],[[[142.17506,27.05508],[142.17506,27.05508],[142.17506,27.05508],[142.17506,27.05508]]],[[[142.19595,27.03882],[142.19595,27.03882],[142.19595,27.03882],[142.19595,27.03882]]],[[[141.37905,24.78054],[141.37905,24.78054],[141.37905,24.78054],[141.37905,24.78054]]],[[[142.23595,26.57147],[142.23595,26.57147],[142.23595,26.57147],[142.23595,26.57147]]],[[[142.15608,26.58385],[142.15608,26.58385],[142.15608,26.58385],[142.15608,26.58385]]],[[[142.1224,26.71053],[142.1224,26.71053],[142.1224,26.71053],[142.1224,26.71053]]],[[[141.28646,24.74512],[141.28646,24.74512],[141.28646,24.74512],[141.28646,24.74512]]],[[[142.16103,26.55283],[142.16103,26.55283],[142.16103,26.55283],[142.16103,26.55283]]],[[[142.09894,27.72123],[142.09894,27.72123],[142.09894,27.72123],[142.09894,27.72123]]],[[[142.19667,27.03865],[142.19667,27.03865],[142.19667,27.03865],[142.19667,27.03865]]],[[[141.28809,25.42063],[141.28809,25.42063],[141.28809,25.42063],[141.28809,25.42063]]],[[[142.14621,26.65313],[142.14621,26.65313],[142.14621,26.65313],[142.14621,26.65313]]],[[[142.14853,27.67458],[142.14853,27.67458],[142.14853,27.67458],[142.14853,27.67458]]],[[[141.28457,24.75083],[141.28457,24.75083],[141.28457,24.75083],[141.28457,24.75083]]],[[[142.20119,26.55153],[142.20119,26.55153],[142.20119,26.55153],[142.20119,26.55153]]],[[[142.15461,26.63543],[142.15461,26.63543],[142.15461,26.63543],[142.15461,26.63543]]],[[[141.28659,25.448],[141.28659,25.448],[141.28659,25.448],[141.28659,25.448]]],[[[142.19428,27.10821],[142.19428,27.10821],[142.19428,27.10821],[142.19428,27.10821]]],[[[142.22888,26.56268],[142.22888,26.56268],[142.22888,26.56268],[142.22888,26.56268]]],[[[142.2093,26.56594],[142.2093,26.56594],[142.2093,26.56594],[142.2093,26.56594]]],[[[142.17361,26.63795],[142.17361,26.63795],[142.17361,26.63795],[142.17361,26.63795]]],[[[142.1472,26.68975],[142.1472,26.68975],[142.1472,26.68975],[142.1472,26.68975]]],[[[142.16228,26.66716],[142.16228,26.66716],[142.16228,26.66716],[142.16228,26.66716]]],[[[142.12553,27.68373],[142.12553,27.68373],[142.12553,27.68373],[142.12553,27.68373]]],[[[142.21766,27.10139],[142.21766,27.10139],[142.21766,27.10139],[142.21766,27.10139]]],[[[142.2034,27.09193],[142.2034,27.09193],[142.2034,27.09193],[142.2034,27.09193]]],[[[141.28792,24.8073],[141.28792,24.8073],[141.28792,24.8073],[141.28792,24.8073]]],[[[142.16258,26.67115],[142.16258,26.67115],[142.16258,26.67115],[142.16258,26.67115]]],[[[142.14595,26.57638],[142.14595,26.57638],[142.14595,26.57638],[142.14595,26.57638]]],[[[142.1443,26.67598],[142.1443,26.67598],[142.1443,26.67598],[142.1443,26.67598]]],[[[142.21021,27.4892],[142.21021,27.4892],[142.21021,27.4892],[142.21021,27.4892]]],[[[142.09567,27.71972],[142.09567,27.71972],[142.09567,27.71972],[142.09567,27.71972]]],[[[142.19539,27.03834],[142.19539,27.03834],[142.19539,27.03834],[142.19539,27.03834]]],[[[142.12538,26.70437],[142.12538,26.70437],[142.12538,26.70437],[142.12538,26.70437]]],[[[142.15833,27.6573],[142.15833,27.6573],[142.15833,27.6573],[142.15833,27.6573]]],[[[142.16113,26.55377],[142.16113,26.55377],[142.16113,26.55377],[142.16113,26.55377]]],[[[142.21816,27.10008],[142.21816,27.10008],[142.21816,27.10008],[142.21816,27.10008]]],[[[142.12596,26.7007],[142.12596,26.7007],[142.12596,26.7007],[142.12596,26.7007]]],[[[142.20275,27.16414],[142.20275,27.16414],[142.20275,27.16414],[142.20275,27.16414]]],[[[142.23057,27.06091],[142.23057,27.06091],[142.23057,27.06091],[142.23057,27.06091]]],[[[142.1333,26.68652],[142.1333,26.68652],[142.1333,26.68652],[142.1333,26.68652]]],[[[142.20192,27.07335],[142.20192,27.07335],[142.20192,27.07335],[142.20192,27.07335]]],[[[142.15292,26.69723],[142.15292,26.69723],[142.15292,26.69723],[142.15292,26.69723]]],[[[142.19126,27.07477],[142.19126,27.07477],[142.19126,27.07477],[142.19126,27.07477]]],[[[142.12235,26.71468],[142.12235,26.71468],[142.12235,26.71468],[142.12235,26.71468]]],[[[142.15853,27.65721],[142.15853,27.65721],[142.15853,27.65721],[142.15853,27.65721]]],[[[142.1278,27.68857],[142.1278,27.68857],[142.1278,27.68857],[142.1278,27.68857]]],[[[142.15825,27.65982],[142.15825,27.65982],[142.15825,27.65982],[142.15825,27.65982]]],[[[142.0951,27.71955],[142.0951,27.71955],[142.0951,27.71955],[142.0951,27.71955]]],[[[142.23052,27.11456],[142.23052,27.11456],[142.23052,27.11456],[142.23052,27.11456]]],[[[142.22702,26.5634],[142.22702,26.5634],[142.22702,26.5634],[142.22702,26.5634]]],[[[142.15872,27.65721],[142.15872,27.65721],[142.15872,27.65721],[142.15872,27.65721]]],[[[142.24054,27.0455],[142.24054,27.0455],[142.24054,27.0455],[142.24054,27.0455]]],[[[142.13655,27.68815],[142.13655,27.68815],[142.13655,27.68815],[142.13655,27.68815]]],[[[142.23047,27.0805],[142.23047,27.0805],[142.23047,27.0805],[142.23047,27.0805]]],[[[141.28554,24.7891],[141.28554,24.7891],[141.28554,24.7891],[141.28554,24.7891]]],[[[142.14071,26.67806],[142.14071,26.67806],[142.14071,26.67806],[142.14071,26.67806]]],[[[142.18311,27.18688],[142.18311,27.18688],[142.18311,27.18688],[142.18311,27.18688]]],[[[142.13284,27.6782],[142.13284,27.6782],[142.13284,27.6782],[142.13284,27.6782]]],[[[142.15873,27.65641],[142.15873,27.65641],[142.15873,27.65641],[142.15873,27.65641]]],[[[142.22984,27.11519],[142.22984,27.11519],[142.22984,27.11519],[142.22984,27.11519]]],[[[142.16236,26.67123],[142.16236,26.67123],[142.16236,26.67123],[142.16236,26.67123]]],[[[142.22934,27.03505],[142.22934,27.03505],[142.22934,27.03505],[142.22934,27.03505]]],[[[142.18445,27.04842],[142.18445,27.04842],[142.18445,27.04842],[142.18445,27.04842]]],[[[142.1465,26.58317],[142.1465,26.58317],[142.1465,26.58317],[142.1465,26.58317]]],[[[142.18307,27.10326],[142.18307,27.10326],[142.18307,27.10326],[142.18307,27.10326]]],[[[142.19209,27.10535],[142.19209,27.10535],[142.19209,27.10535],[142.19209,27.10535]]],[[[142.13168,26.68798],[142.13168,26.68798],[142.13168,26.68798],[142.13168,26.68798]]],[[[142.1827,26.65392],[142.1827,26.65392],[142.1827,26.65392],[142.1827,26.65392]]],[[[142.18994,27.18827],[142.18994,27.18827],[142.18994,27.18827],[142.18994,27.18827]]],[[[142.2335,27.08076],[142.2335,27.08076],[142.2335,27.08076],[142.2335,27.08076]]],[[[141.28651,25.44852],[141.28651,25.44852],[141.28651,25.44852],[141.28651,25.44852]]],[[[142.09923,27.71729],[142.09923,27.71729],[142.09923,27.71729],[142.09923,27.71729]]],[[[142.12274,26.7089],[142.12274,26.7089],[142.12274,26.7089],[142.12274,26.7089]]],[[[142.12564,26.70263],[142.12564,26.70263],[142.12564,26.70263],[142.12564,26.70263]]],[[[142.20701,27.48578],[142.20701,27.48578],[142.20701,27.48578],[142.20701,27.48578]]],[[[142.14655,26.65175],[142.14654,26.65176],[142.14655,26.65175],[142.14655,26.65175]]],[[[142.13093,26.7053],[142.13093,26.7053],[142.13093,26.7053],[142.13093,26.7053]]],[[[142.13171,26.59565],[142.13171,26.59565],[142.13171,26.59565],[142.13171,26.59565]]],[[[142.18615,26.65989],[142.18615,26.65989],[142.18615,26.65989],[142.18615,26.65989]]],[[[142.18911,27.05411],[142.18911,27.05411],[142.18911,27.05411],[142.18911,27.05411]]],[[[142.21268,26.56465],[142.21268,26.56465],[142.21268,26.56465],[142.21268,26.56465]]],[[[142.13379,26.70221],[142.13379,26.70221],[142.13379,26.70221],[142.13379,26.70221]]],[[[142.14938,26.69423],[142.14938,26.69423],[142.14938,26.69423],[142.14938,26.69423]]],[[[142.18378,26.61235],[142.18378,26.61235],[142.18378,26.61235],[142.18378,26.61235]]],[[[142.12611,26.71413],[142.12611,26.71413],[142.12611,26.71413],[142.12611,26.71413]]],[[[142.17485,27.62279],[142.17485,27.62279],[142.17485,27.62279],[142.17485,27.62279]]],[[[142.15134,26.69502],[142.15134,26.69502],[142.15134,26.69502],[142.15134,26.69502]]],[[[142.22175,27.11026],[142.22175,27.11026],[142.22175,27.11026],[142.22175,27.11026]]],[[[142.16884,26.6907],[142.16884,26.6907],[142.16884,26.6907],[142.16884,26.6907]]],[[[142.1841,27.17773],[142.1841,27.17773],[142.1841,27.17773],[142.1841,27.17773]]],[[[142.15638,27.65995],[142.15638,27.65995],[142.15638,27.65995],[142.15638,27.65995]]],[[[142.22455,27.0352],[142.22455,27.0352],[142.22455,27.0352],[142.22455,27.0352]]],[[[142.12298,26.71315],[142.12298,26.71315],[142.12298,26.71315],[142.12298,26.71315]]],[[[142.14235,26.67688],[142.14235,26.67688],[142.14235,26.67688],[142.14235,26.67688]]],[[[142.22866,26.56288],[142.22866,26.56288],[142.22866,26.56288],[142.22866,26.56288]]],[[[142.10172,27.71452],[142.10172,27.71452],[142.10172,27.71452],[142.10172,27.71452]]],[[[142.22952,27.03517],[142.22952,27.03517],[142.22952,27.03517],[142.22952,27.03517]]],[[[142.1626,26.67077],[142.1626,26.67077],[142.1626,26.67077],[142.1626,26.67077]]],[[[142.1839,27.07021],[142.1839,27.07021],[142.1839,27.07021],[142.1839,27.07021]]],[[[142.19546,27.03892],[142.19546,27.03892],[142.19546,27.03892],[142.19546,27.03892]]],[[[142.12962,26.69251],[142.12962,26.69251],[142.12962,26.69251],[142.12962,26.69251]]],[[[142.23181,27.08107],[142.23181,27.08107],[142.23181,27.08107],[142.23181,27.08107]]],[[[142.2343,27.05637],[142.2343,27.05637],[142.2343,27.05637],[142.2343,27.05637]]],[[[142.21608,27.04072],[142.21608,27.04072],[142.21608,27.04072],[142.21608,27.04072]]],[[[142.16511,26.67784],[142.16511,26.67784],[142.16511,26.67784],[142.16511,26.67784]]],[[[142.15143,26.54568],[142.15143,26.54568],[142.15143,26.54568],[142.15143,26.54568]]],[[[142.12306,26.70945],[142.12306,26.70945],[142.12306,26.70945],[142.12306,26.70945]]],[[[142.19574,27.1755],[142.19574,27.1755],[142.19574,27.1755],[142.19574,27.1755]]],[[[142.18159,27.07174],[142.18159,27.07174],[142.18159,27.07174],[142.18159,27.07174]]],[[[142.16309,26.5929],[142.16309,26.5929],[142.16309,26.5929],[142.16309,26.5929]]],[[[142.18926,27.05201],[142.18926,27.05201],[142.18926,27.05201],[142.18926,27.05201]]],[[[142.22628,26.57175],[142.22628,26.57175],[142.22628,26.57175],[142.22628,26.57175]]],[[[142.10314,27.71627],[142.10314,27.71627],[142.10314,27.71627],[142.10314,27.71627]]],[[[142.14183,26.70235],[142.14183,26.70235],[142.14183,26.70235],[142.14183,26.70235]]],[[[142.1441,26.67513],[142.1441,26.67513],[142.1441,26.67513],[142.1441,26.67513]]],[[[142.24937,27.09176],[142.24937,27.09176],[142.24937,27.09176],[142.24937,27.09176]]],[[[142.14611,26.57654],[142.14611,26.57654],[142.14611,26.57654],[142.14611,26.57654]]],[[[142.23808,27.05186],[142.23808,27.05186],[142.23808,27.05186],[142.23808,27.05186]]],[[[142.09858,27.71659],[142.09858,27.71659],[142.09858,27.71659],[142.09858,27.71659]]],[[[142.21593,26.55714],[142.21593,26.55714],[142.21593,26.55714],[142.21593,26.55714]]],[[[142.17205,26.64199],[142.17205,26.64199],[142.17205,26.64199],[142.17205,26.64199]]],[[[142.19824,27.16955],[142.19824,27.16955],[142.19824,27.16955],[142.19824,27.16955]]],[[[142.19709,27.10534],[142.19709,27.10534],[142.19709,27.10534],[142.19709,27.10534]]],[[[142.13343,26.68659],[142.13343,26.68659],[142.13343,26.68659],[142.13343,26.68659]]],[[[142.13818,26.67902],[142.13818,26.67902],[142.13818,26.67902],[142.13818,26.67902]]],[[[142.23365,27.07429],[142.23365,27.07429],[142.23365,27.07429],[142.23365,27.07429]]],[[[142.17375,26.64624],[142.17375,26.64624],[142.17375,26.64624],[142.17375,26.64624]]],[[[142.13373,26.70209],[142.13373,26.70209],[142.13373,26.70209],[142.13373,26.70209]]],[[[142.1825,27.09223],[142.1825,27.09223],[142.1825,27.09223],[142.1825,27.09223]]],[[[142.16289,26.6745],[142.16289,26.6745],[142.16289,26.6745],[142.16289,26.6745]]],[[[141.29021,25.44421],[141.29021,25.44421],[141.29021,25.44421],[141.29021,25.44421]]],[[[142.14971,26.58077],[142.14971,26.58077],[142.14971,26.58077],[142.14971,26.58077]]],[[[142.21945,27.09632],[142.21945,27.09632],[142.21945,27.09632],[142.21945,27.09632]]],[[[142.1567,26.6302],[142.1567,26.6302],[142.1567,26.6302],[142.1567,26.6302]]],[[[142.19801,27.1702],[142.19801,27.1702],[142.19801,27.1702],[142.19801,27.1702]]],[[[141.28603,24.74526],[141.28603,24.74526],[141.28603,24.74526],[141.28603,24.74526]]],[[[142.16291,26.58925],[142.16291,26.58925],[142.16291,26.58925],[142.16291,26.58925]]],[[[142.18548,27.08993],[142.18548,27.08993],[142.18548,27.08993],[142.18548,27.08993]]],[[[142.17749,26.60266],[142.17749,26.60266],[142.17749,26.60266],[142.17749,26.60266]]],[[[142.18069,26.63072],[142.18069,26.63072],[142.18069,26.63072],[142.18069,26.63072]]],[[[142.23663,26.56726],[142.23663,26.56726],[142.23663,26.56726],[142.23663,26.56726]]],[[[142.13048,26.70801],[142.13048,26.70801],[142.13048,26.70801],[142.13048,26.70801]]],[[[142.12817,26.69528],[142.12817,26.69528],[142.12817,26.69528],[142.12817,26.69528]]],[[[142.09592,27.71883],[142.09592,27.71883],[142.09592,27.71883],[142.09592,27.71883]]],[[[142.13409,26.68499],[142.13409,26.68499],[142.13409,26.68499],[142.13409,26.68499]]],[[[142.17445,26.65014],[142.17445,26.65014],[142.17445,26.65014],[142.17445,26.65014]]],[[[142.1663,26.68276],[142.1663,26.68276],[142.1663,26.68276],[142.1663,26.68276]]],[[[142.14992,26.70921],[142.14992,26.70921],[142.14992,26.70921],[142.14992,26.70921]]],[[[142.20884,27.04004],[142.20884,27.04004],[142.20884,27.04004],[142.20884,27.04004]]],[[[141.28508,24.78583],[141.28508,24.78583],[141.28508,24.78583],[141.28508,24.78583]]],[[[142.1921,27.10597],[142.1921,27.10597],[142.1921,27.10597],[142.1921,27.10597]]],[[[142.1503,26.69404],[142.1503,26.69404],[142.1503,26.69404],[142.1503,26.69404]]],[[[142.1631,26.67472],[142.1631,26.67472],[142.1631,26.67472],[142.1631,26.67472]]],[[[142.20122,26.55276],[142.20122,26.55276],[142.20122,26.55276],[142.20122,26.55276]]],[[[142.19123,27.10475],[142.19123,27.10475],[142.19123,27.10475],[142.19123,27.10475]]],[[[142.22518,27.05335],[142.22518,27.05335],[142.22518,27.05335],[142.22518,27.05335]]],[[[142.20145,26.55277],[142.20145,26.55277],[142.20145,26.55277],[142.20145,26.55277]]],[[[142.12255,26.71084],[142.12255,26.71084],[142.12255,26.71084],[142.12255,26.71084]]],[[[142.12706,26.69529],[142.12706,26.69529],[142.12706,26.69529],[142.12706,26.69529]]],[[[142.1819,26.62379],[142.1819,26.62379],[142.1819,26.62379],[142.1819,26.62379]]],[[[142.16036,27.10557],[142.16036,27.10557],[142.16036,27.10557],[142.16036,27.10557]]],[[[142.09516,27.71649],[142.09516,27.71649],[142.09516,27.71649],[142.09516,27.71649]]],[[[142.15752,27.66235],[142.15752,27.66235],[142.15752,27.66235],[142.15752,27.66235]]],[[[142.1986,27.15948],[142.1986,27.15948],[142.1986,27.15948],[142.1986,27.15948]]],[[[142.17419,26.59819],[142.17419,26.59819],[142.17419,26.59819],[142.17419,26.59819]]],[[[142.12245,26.70451],[142.12245,26.70451],[142.12245,26.70451],[142.12245,26.70451]]],[[[142.20249,26.56049],[142.20249,26.56049],[142.20249,26.56049],[142.20249,26.56049]]],[[[141.2729,25.42639],[141.2729,25.42639],[141.2729,25.42639],[141.2729,25.42639]]],[[[142.13307,26.68614],[142.13307,26.68614],[142.13307,26.68614],[142.13307,26.68614]]],[[[142.20767,27.48414],[142.20767,27.48414],[142.20767,27.48414],[142.20767,27.48414]]],[[[142.19909,27.15955],[142.19909,27.15955],[142.19909,27.15955],[142.19909,27.15955]]],[[[142.23157,27.06791],[142.23157,27.06791],[142.23157,27.06791],[142.23157,27.06791]]],[[[142.15624,26.6853],[142.15624,26.6853],[142.15624,26.6853],[142.15624,26.6853]]],[[[142.14703,26.68979],[142.14703,26.68979],[142.14703,26.68979],[142.14703,26.68979]]],[[[142.20523,27.07641],[142.20523,27.07641],[142.20523,27.07641],[142.20523,27.07641]]],[[[142.18214,26.62333],[142.18214,26.62333],[142.18214,26.62333],[142.18214,26.62333]]],[[[142.18439,27.09209],[142.18439,27.09209],[142.18439,27.09209],[142.18439,27.09209]]],[[[142.23708,26.56704],[142.23708,26.56704],[142.23708,26.56704],[142.23708,26.56704]]],[[[142.10309,27.71591],[142.10309,27.71591],[142.10309,27.71591],[142.10309,27.71591]]],[[[142.23234,27.07166],[142.23234,27.07166],[142.23234,27.07166],[142.23234,27.07166]]],[[[142.15956,27.65718],[142.15956,27.65718],[142.15956,27.65718],[142.15956,27.65718]]],[[[142.17264,26.6566],[142.17264,26.6566],[142.17264,26.6566],[142.17264,26.6566]]],[[[142.14915,26.66268],[142.14915,26.66268],[142.14915,26.66268],[142.14915,26.66268]]],[[[140.86919,27.24375],[140.86919,27.24375],[140.86919,27.24375],[140.86919,27.24375]]],[[[142.19429,27.04019],[142.19429,27.04019],[142.19429,27.04019],[142.19429,27.04019]]],[[[142.1294,26.69027],[142.1294,26.69027],[142.1294,26.69027],[142.1294,26.69027]]],[[[142.14869,27.677],[142.14869,27.677],[142.14869,27.677],[142.14869,27.677]]],[[[142.15287,26.64266],[142.15287,26.64266],[142.15287,26.64266],[142.15287,26.64266]]],[[[142.12651,26.70109],[142.12651,26.70109],[142.12651,26.70109],[142.12651,26.70109]]],[[[142.2295,27.03495],[142.2295,27.03495],[142.2295,27.03495],[142.2295,27.03495]]],[[[142.14768,26.7077],[142.14768,26.7077],[142.14768,26.7077],[142.14768,26.7077]]],[[[142.22243,27.09476],[142.22243,27.09476],[142.22243,27.09476],[142.22243,27.09476]]],[[[142.20532,27.07828],[142.20532,27.07828],[142.20532,27.07828],[142.20532,27.07828]]],[[[142.14232,26.67136],[142.14232,26.67136],[142.14232,26.67136],[142.14232,26.67136]]],[[[142.19062,27.04239],[142.19062,27.04239],[142.19062,27.04239],[142.19062,27.04239]]],[[[142.20741,26.55426],[142.20741,26.55426],[142.20741,26.55426],[142.20741,26.55426]]],[[[142.2102,26.5647],[142.2102,26.5647],[142.2102,26.5647],[142.2102,26.5647]]],[[[142.20302,26.56135],[142.20302,26.56135],[142.20302,26.56135],[142.20302,26.56135]]],[[[142.16254,26.66828],[142.16254,26.66828],[142.16254,26.66828],[142.16254,26.66828]]],[[[142.09596,27.72256],[142.09596,27.72256],[142.09596,27.72256],[142.09596,27.72256]]],[[[142.24284,27.09574],[142.24284,27.09574],[142.24284,27.09574],[142.24284,27.09574]]],[[[142.22993,27.08121],[142.22993,27.08121],[142.22993,27.08121],[142.22993,27.08121]]],[[[142.13055,26.69065],[142.13055,26.69065],[142.13055,26.69065],[142.13055,26.69065]]],[[[142.14608,26.57463],[142.14608,26.57463],[142.14608,26.57463],[142.14608,26.57463]]],[[[142.23138,27.11421],[142.23138,27.11421],[142.23138,27.11421],[142.23138,27.11421]]],[[[142.23337,27.07771],[142.23337,27.07771],[142.23337,27.07771],[142.23337,27.07771]]],[[[142.12255,26.71183],[142.12255,26.71183],[142.12255,26.71183],[142.12255,26.71183]]],[[[142.1841,27.05564],[142.1841,27.05564],[142.1841,27.05564],[142.1841,27.05564]]],[[[142.24746,27.09087],[142.24746,27.09087],[142.24746,27.09087],[142.24746,27.09087]]],[[[142.21632,27.49358],[142.21632,27.49358],[142.21632,27.49358],[142.21632,27.49358]]],[[[142.17837,26.60286],[142.17837,26.60286],[142.17837,26.60286],[142.17837,26.60286]]],[[[142.24505,27.09557],[142.24505,27.09557],[142.24505,27.09557],[142.24505,27.09557]]],[[[142.12635,26.70195],[142.12635,26.70195],[142.12635,26.70195],[142.12635,26.70195]]],[[[142.23268,26.56531],[142.23268,26.56531],[142.23268,26.56531],[142.23268,26.56531]]],[[[142.22701,26.56211],[142.22701,26.56211],[142.22701,26.56211],[142.22701,26.56211]]],[[[142.17945,26.60841],[142.17945,26.60841],[142.17945,26.60841],[142.17945,26.60841]]],[[[142.19636,27.03969],[142.19636,27.03969],[142.19636,27.03969],[142.19636,27.03969]]],[[[142.12722,26.69547],[142.12722,26.69547],[142.12722,26.69547],[142.12722,26.69547]]],[[[142.19388,27.10687],[142.19388,27.10687],[142.19388,27.10687],[142.19388,27.10687]]],[[[142.23643,26.56716],[142.23643,26.56716],[142.23643,26.56716],[142.23643,26.56716]]],[[[142.16008,26.56318],[142.16008,26.56318],[142.16008,26.56318],[142.16008,26.56318]]],[[[142.14268,26.67703],[142.14268,26.67703],[142.14268,26.67703],[142.14268,26.67703]]],[[[142.1304,27.67896],[142.1304,27.67896],[142.1304,27.67896],[142.1304,27.67896]]],[[[142.23512,27.09716],[142.23512,27.09716],[142.23512,27.09716],[142.23512,27.09716]]],[[[142.15098,26.69637],[142.15098,26.69637],[142.15098,26.69637],[142.15098,26.69637]]],[[[142.12269,26.70876],[142.12269,26.70876],[142.12269,26.70876],[142.12269,26.70876]]],[[[142.2348,27.09751],[142.2348,27.09751],[142.2348,27.09751],[142.2348,27.09751]]],[[[142.19667,27.19659],[142.19667,27.19659],[142.19667,27.19659],[142.19667,27.19659]]],[[[142.13183,26.68582],[142.13183,26.68582],[142.13183,26.68582],[142.13183,26.68582]]],[[[142.22662,27.0546],[142.22662,27.0546],[142.22662,27.0546],[142.22662,27.0546]]],[[[142.23249,27.07014],[142.23249,27.07014],[142.23249,27.07014],[142.23249,27.07014]]],[[[142.16313,26.58944],[142.16313,26.58944],[142.16313,26.58944],[142.16313,26.58944]]],[[[142.23416,27.10954],[142.23416,27.10954],[142.23416,27.10954],[142.23416,27.10954]]],[[[142.16205,26.68834],[142.16205,26.68834],[142.16205,26.68834],[142.16205,26.68834]]],[[[142.2352,27.09664],[142.2352,27.09664],[142.2352,27.09664],[142.2352,27.09664]]],[[[142.12844,26.69516],[142.12844,26.69516],[142.12844,26.69516],[142.12844,26.69516]]],[[[142.14746,26.58552],[142.14746,26.58552],[142.14746,26.58552],[142.14746,26.58552]]],[[[142.19142,27.04144],[142.19142,27.04144],[142.19142,27.04144],[142.19142,27.04144]]],[[[142.20913,27.48732],[142.20913,27.48732],[142.20913,27.48732],[142.20913,27.48732]]],[[[142.23409,27.0723],[142.23409,27.0723],[142.23409,27.0723],[142.23409,27.0723]]],[[[142.21793,27.04147],[142.21793,27.04147],[142.21793,27.04147],[142.21793,27.04147]]],[[[142.14618,26.57676],[142.14618,26.57676],[142.14618,26.57676],[142.14618,26.57676]]],[[[142.18827,27.14692],[142.18827,27.14692],[142.18827,27.14692],[142.18827,27.14692]]],[[[142.12614,26.70205],[142.12614,26.70205],[142.12614,26.70205],[142.12614,26.70205]]],[[[142.14167,26.71006],[142.14167,26.71006],[142.14167,26.71006],[142.14167,26.71006]]],[[[142.0962,27.71939],[142.0962,27.71939],[142.0962,27.71939],[142.0962,27.71939]]],[[[142.2035,27.08971],[142.2035,27.08971],[142.2035,27.08971],[142.2035,27.08971]]],[[[142.20689,26.55435],[142.20689,26.55435],[142.20689,26.55435],[142.20689,26.55435]]],[[[142.1899,27.06775],[142.1899,27.06775],[142.1899,27.06775],[142.1899,27.06775]]],[[[142.20397,26.56042],[142.20397,26.56042],[142.20397,26.56042],[142.20397,26.56042]]],[[[142.23258,27.10892],[142.23258,27.10892],[142.23258,27.10892],[142.23258,27.10892]]],[[[142.18161,26.61413],[142.18161,26.61413],[142.18161,26.61413],[142.18161,26.61413]]],[[[142.13284,26.68571],[142.13284,26.68571],[142.13284,26.68571],[142.13284,26.68571]]],[[[142.1843,27.11828],[142.1843,27.11828],[142.1843,27.11828],[142.1843,27.11828]]],[[[142.19668,27.19639],[142.19668,27.19639],[142.19668,27.19639],[142.19668,27.19639]]],[[[142.21641,27.49344],[142.21641,27.49344],[142.21641,27.49344],[142.21641,27.49344]]],[[[142.09958,27.71681],[142.09958,27.71681],[142.09958,27.71681],[142.09958,27.71681]]],[[[142.17153,26.64307],[142.17153,26.64307],[142.17153,26.64307],[142.17153,26.64307]]],[[[142.1651,26.63074],[142.1651,26.63074],[142.1651,26.63074],[142.1651,26.63074]]],[[[142.20555,27.0855],[142.20555,27.0855],[142.20555,27.0855],[142.20555,27.0855]]],[[[142.1638,26.68725],[142.1638,26.68725],[142.1638,26.68725],[142.1638,26.68725]]],[[[142.21383,26.56495],[142.21383,26.56495],[142.21383,26.56495],[142.21383,26.56495]]],[[[142.17401,26.64694],[142.17401,26.64694],[142.17401,26.64694],[142.17401,26.64694]]],[[[142.18383,27.1627],[142.18383,27.1627],[142.18383,27.1627],[142.18383,27.1627]]],[[[142.19521,27.19717],[142.19521,27.19717],[142.19521,27.19717],[142.19521,27.19717]]],[[[142.20036,27.16449],[142.20036,27.16449],[142.20036,27.16449],[142.20036,27.16449]]],[[[142.17474,26.64918],[142.17474,26.64918],[142.17474,26.64918],[142.17474,26.64918]]],[[[142.2249,27.03568],[142.2249,27.03568],[142.2249,27.03568],[142.2249,27.03568]]],[[[142.09382,27.71743],[142.09382,27.71743],[142.09382,27.71743],[142.09382,27.71743]]],[[[142.19371,27.04064],[142.19371,27.04064],[142.19371,27.04064],[142.19371,27.04064]]],[[[142.15801,27.6575],[142.15801,27.6575],[142.15801,27.6575],[142.15801,27.6575]]],[[[142.09862,27.71747],[142.09862,27.71747],[142.09862,27.71747],[142.09862,27.71747]]],[[[142.1223,26.70999],[142.1223,26.70999],[142.1223,26.70999],[142.1223,26.70999]]],[[[142.15001,26.64824],[142.15001,26.64824],[142.15001,26.64824],[142.15001,26.64824]]],[[[142.18148,26.61745],[142.18148,26.61745],[142.18148,26.61745],[142.18148,26.61745]]],[[[142.23152,27.07042],[142.23152,27.07042],[142.23152,27.07042],[142.23152,27.07042]]],[[[142.09573,27.72051],[142.09573,27.72051],[142.09573,27.72051],[142.09573,27.72051]]],[[[141.28744,24.80735],[141.28744,24.80735],[141.28744,24.80735],[141.28744,24.80735]]],[[[142.23177,27.06201],[142.23177,27.06201],[142.23177,27.06201],[142.23177,27.06201]]],[[[142.12366,26.59643],[142.12366,26.59643],[142.12366,26.59643],[142.12366,26.59643]]],[[[141.4677,24.22659],[141.4677,24.22659],[141.4677,24.22659],[141.4677,24.22659]]],[[[142.17349,26.60868],[142.17349,26.60868],[142.17349,26.60868],[142.17349,26.60868]]],[[[142.09647,27.7187],[142.09647,27.7187],[142.09647,27.7187],[142.09647,27.7187]]],[[[142.2329,27.07476],[142.2329,27.07476],[142.2329,27.07476],[142.2329,27.07476]]],[[[142.22792,27.11577],[142.22792,27.11577],[142.22792,27.11577],[142.22792,27.11577]]],[[[142.2164,26.55917],[142.2164,26.55917],[142.2164,26.55917],[142.2164,26.55917]]],[[[142.19032,27.13203],[142.19032,27.13203],[142.19032,27.13203],[142.19032,27.13203]]],[[[142.19998,26.54917],[142.19998,26.54917],[142.19998,26.54917],[142.19998,26.54917]]],[[[142.09958,27.71651],[142.09958,27.71651],[142.09958,27.71651],[142.09958,27.71651]]],[[[142.23751,26.57077],[142.23751,26.57077],[142.23751,26.57077],[142.23751,26.57077]]],[[[141.27163,25.43185],[141.27163,25.43185],[141.27163,25.43185],[141.27163,25.43185]]],[[[142.16671,26.68202],[142.16671,26.68202],[142.16671,26.68202],[142.16671,26.68202]]],[[[142.16868,27.03841],[142.16868,27.03841],[142.16868,27.03841],[142.16868,27.03841]]],[[[142.1604,26.56291],[142.1604,26.56291],[142.1604,26.56291],[142.1604,26.56291]]],[[[142.1199,26.71593],[142.1199,26.71593],[142.1199,26.71593],[142.1199,26.71593]]],[[[142.17772,26.59996],[142.17772,26.59996],[142.17772,26.59996],[142.17772,26.59996]]],[[[142.1724,26.64355],[142.1724,26.64355],[142.1724,26.64355],[142.1724,26.64355]]],[[[142.14887,26.54616],[142.14887,26.54616],[142.14887,26.54616],[142.14887,26.54616]]],[[[142.17495,26.59805],[142.17495,26.59805],[142.17495,26.59805],[142.17495,26.59805]]],[[[142.14999,26.54734],[142.14999,26.54734],[142.14999,26.54734],[142.14999,26.54734]]],[[[142.15072,26.64753],[142.15072,26.64753],[142.15072,26.64753],[142.15072,26.64753]]],[[[142.18255,26.62014],[142.18255,26.62014],[142.18255,26.62014],[142.18255,26.62014]]],[[[142.19345,27.06349],[142.19345,27.06349],[142.19345,27.06349],[142.19345,27.06349]]],[[[142.19154,27.10541],[142.19154,27.10541],[142.19154,27.10541],[142.19154,27.10541]]],[[[142.13914,26.67968],[142.13914,26.67968],[142.13914,26.67968],[142.13914,26.67968]]],[[[142.23344,27.07515],[142.23344,27.07515],[142.23344,27.07515],[142.23344,27.07515]]],[[[142.1819,27.10186],[142.1819,27.10186],[142.1819,27.10186],[142.1819,27.10186]]],[[[141.2858,24.74507],[141.2858,24.74507],[141.2858,24.74507],[141.2858,24.74507]]],[[[142.19251,27.10584],[142.19251,27.10584],[142.19251,27.10584],[142.19251,27.10584]]],[[[142.20109,27.16357],[142.20109,27.16357],[142.20109,27.16357],[142.20109,27.16357]]],[[[142.19731,27.19405],[142.19731,27.19405],[142.19731,27.19405],[142.19731,27.19405]]],[[[142.21162,26.56457],[142.21162,26.56457],[142.21162,26.56457],[142.21162,26.56457]]],[[[142.14102,26.67815],[142.14102,26.67815],[142.14102,26.67815],[142.14102,26.67815]]],[[[142.1632,26.59308],[142.1632,26.59308],[142.1632,26.59308],[142.1632,26.59308]]],[[[142.15608,27.65951],[142.15608,27.65951],[142.15608,27.65951],[142.15608,27.65951]]],[[[141.2883,25.44734],[141.2883,25.44734],[141.2883,25.44734],[141.2883,25.44734]]],[[[142.15293,26.63772],[142.15293,26.63772],[142.15293,26.63772],[142.15293,26.63772]]],[[[142.17696,27.12904],[142.17696,27.12904],[142.17696,27.12904],[142.17696,27.12904]]],[[[142.23184,27.06451],[142.23184,27.06451],[142.23184,27.06451],[142.23184,27.06451]]],[[[142.21879,27.04091],[142.21879,27.04091],[142.21879,27.04091],[142.21879,27.04091]]],[[[142.225,27.05331],[142.225,27.05331],[142.225,27.05331],[142.225,27.05331]]],[[[142.18978,27.18902],[142.18978,27.18902],[142.18978,27.18902],[142.18978,27.18902]]],[[[142.14949,26.66395],[142.14949,26.66395],[142.14949,26.66395],[142.14949,26.66395]]],[[[142.2361,27.11109],[142.2361,27.11109],[142.2361,27.11109],[142.2361,27.11109]]],[[[142.23528,26.5669],[142.23528,26.5669],[142.23528,26.5669],[142.23528,26.5669]]],[[[142.1576,27.6616],[142.1576,27.6616],[142.1576,27.6616],[142.1576,27.6616]]],[[[142.20771,27.48582],[142.20771,27.48582],[142.20771,27.48582],[142.20771,27.48582]]],[[[142.12578,26.71401],[142.12578,26.71401],[142.12578,26.71401],[142.12578,26.71401]]],[[[142.12816,26.69899],[142.12816,26.69899],[142.12816,26.69899],[142.12816,26.69899]]],[[[142.14906,26.66286],[142.14906,26.66286],[142.14906,26.66286],[142.14906,26.66286]]],[[[142.22969,27.0351],[142.22969,27.0351],[142.22969,27.0351],[142.22969,27.0351]]],[[[142.13168,26.70425],[142.13168,26.70425],[142.13168,26.70425],[142.13168,26.70425]]],[[[142.23211,27.06251],[142.23211,27.06251],[142.23211,27.06251],[142.23211,27.06251]]],[[[142.24082,27.09514],[142.24082,27.09514],[142.24082,27.09514],[142.24082,27.09514]]],[[[142.1446,26.67579],[142.1446,26.67579],[142.1446,26.67579],[142.1446,26.67579]]],[[[142.14733,26.58548],[142.14733,26.58548],[142.14733,26.58548],[142.14733,26.58548]]],[[[142.18622,27.08393],[142.18622,27.08393],[142.18622,27.08393],[142.18622,27.08393]]],[[[142.15651,26.68542],[142.15651,26.68542],[142.15651,26.68542],[142.15651,26.68542]]],[[[141.29278,25.43914],[141.29278,25.43914],[141.29278,25.43914],[141.29278,25.43914]]],[[[142.14346,26.67237],[142.14346,26.67237],[142.14346,26.67237],[142.14346,26.67237]]],[[[142.17416,26.65061],[142.17416,26.65061],[142.17416,26.65061],[142.17416,26.65061]]],[[[142.20169,27.04386],[142.20169,27.04386],[142.20169,27.04386],[142.20169,27.04386]]],[[[142.18488,27.08836],[142.18488,27.08836],[142.18488,27.08836],[142.18488,27.08836]]],[[[142.09596,27.72017],[142.09596,27.72017],[142.09596,27.72017],[142.09596,27.72017]]],[[[142.17827,27.12786],[142.17827,27.12786],[142.17827,27.12786],[142.17827,27.12786]]],[[[142.14034,26.67815],[142.14034,26.67815],[142.14034,26.67815],[142.14034,26.67815]]],[[[142.18791,27.06149],[142.18791,27.06149],[142.18791,27.06149],[142.18791,27.06149]]],[[[142.22694,26.57344],[142.22694,26.57344],[142.22694,26.57344],[142.22694,26.57344]]],[[[142.2027,27.04433],[142.2027,27.04433],[142.2027,27.04433],[142.2027,27.04433]]],[[[142.15148,26.69602],[142.15148,26.69602],[142.15148,26.69602],[142.15148,26.69602]]],[[[142.13327,26.6862],[142.13327,26.6862],[142.13327,26.6862],[142.13327,26.6862]]],[[[142.1621,26.68819],[142.1621,26.68819],[142.1621,26.68819],[142.1621,26.68819]]],[[[142.20808,27.48909],[142.20808,27.48909],[142.20808,27.48909],[142.20808,27.48909]]],[[[142.14919,26.66277],[142.14919,26.66277],[142.14919,26.66277],[142.14919,26.66277]]],[[[142.09473,27.71767],[142.09473,27.71767],[142.09473,27.71767],[142.09473,27.71767]]],[[[142.16638,26.68315],[142.16638,26.68315],[142.16638,26.68315],[142.16638,26.68315]]],[[[142.19444,27.04096],[142.19444,27.04096],[142.19444,27.04096],[142.19444,27.04096]]],[[[142.23842,27.09331],[142.23842,27.09331],[142.23842,27.09331],[142.23842,27.09331]]],[[[142.18598,26.65958],[142.18598,26.65958],[142.18598,26.65958],[142.18598,26.65958]]],[[[142.2051,26.55454],[142.2051,26.55454],[142.2051,26.55454],[142.2051,26.55454]]],[[[142.1412,26.70448],[142.1412,26.70448],[142.1412,26.70448],[142.1412,26.70448]]],[[[142.18647,27.0708],[142.18647,27.0708],[142.18647,27.0708],[142.18647,27.0708]]],[[[142.24351,27.09243],[142.24351,27.09243],[142.24351,27.09243],[142.24351,27.09243]]],[[[142.18197,26.6187],[142.18197,26.6187],[142.18197,26.6187],[142.18197,26.6187]]],[[[142.15024,26.70699],[142.15024,26.70699],[142.15024,26.70699],[142.15024,26.70699]]],[[[142.19312,27.08933],[142.19312,27.08933],[142.19312,27.08933],[142.19312,27.08933]]],[[[142.23125,27.05999],[142.23125,27.05999],[142.23125,27.05999],[142.23125,27.05999]]],[[[142.18197,27.04084],[142.18197,27.04084],[142.18197,27.04084],[142.18197,27.04084]]],[[[142.14287,26.67142],[142.14287,26.67142],[142.14287,26.67142],[142.14287,26.67142]]],[[[142.18916,27.06965],[142.18916,27.06965],[142.18916,27.06965],[142.18916,27.06965]]],[[[142.15737,27.65991],[142.15737,27.65991],[142.15737,27.65991],[142.15737,27.65991]]],[[[142.1413,27.67109],[142.1413,27.67109],[142.1413,27.67109],[142.1413,27.67109]]],[[[142.12337,26.70541],[142.12337,26.70541],[142.12337,26.70541],[142.12337,26.70541]]],[[[142.18724,27.11876],[142.18724,27.11876],[142.18724,27.11876],[142.18724,27.11876]]],[[[142.15204,26.69619],[142.15204,26.69619],[142.15204,26.69619],[142.15204,26.69619]]],[[[142.15996,26.68732],[142.15996,26.68732],[142.15996,26.68732],[142.15996,26.68732]]],[[[142.14167,26.66997],[142.14167,26.66997],[142.14167,26.66997],[142.14167,26.66997]]],[[[142.15251,26.70809],[142.15251,26.70809],[142.15251,26.70809],[142.15251,26.70809]]],[[[142.12007,26.71487],[142.12007,26.71487],[142.12007,26.71487],[142.12007,26.71487]]],[[[142.14162,26.70969],[142.14162,26.70969],[142.14162,26.70969],[142.14162,26.70969]]],[[[142.16326,26.66507],[142.16326,26.66507],[142.16326,26.66507],[142.16326,26.66507]]],[[[142.25249,27.08965],[142.25249,27.08965],[142.25249,27.08965],[142.25249,27.08965]]],[[[142.18163,27.0954],[142.18163,27.0954],[142.18163,27.0954],[142.18163,27.0954]]],[[[142.19365,27.041],[142.19365,27.041],[142.19365,27.041],[142.19365,27.041]]],[[[142.18154,27.0945],[142.18154,27.0945],[142.18154,27.0945],[142.18154,27.0945]]],[[[142.09587,27.72068],[142.09587,27.72068],[142.09587,27.72068],[142.09587,27.72068]]],[[[142.15013,27.6702],[142.15013,27.6702],[142.15013,27.6702],[142.15013,27.6702]]],[[[142.14474,26.65794],[142.14474,26.65794],[142.14474,26.65794],[142.14474,26.65794]]],[[[142.22973,27.03497],[142.22973,27.03497],[142.22973,27.03497],[142.22973,27.03497]]],[[[142.23666,27.05014],[142.23666,27.05014],[142.23666,27.05014],[142.23666,27.05014]]],[[[142.17621,26.59864],[142.17621,26.59864],[142.17621,26.59864],[142.17621,26.59864]]],[[[142.18227,27.09824],[142.18227,27.09824],[142.18227,27.09824],[142.18227,27.09824]]],[[[142.10986,27.72795],[142.10986,27.72795],[142.10986,27.72795],[142.10986,27.72795]]],[[[142.09843,27.72382],[142.09843,27.72382],[142.09843,27.72382],[142.09843,27.72382]]],[[[142.24083,27.04713],[142.24083,27.04713],[142.24083,27.04713],[142.24083,27.04713]]],[[[142.195,27.19641],[142.195,27.19641],[142.195,27.19641],[142.195,27.19641]]],[[[142.2028,27.044],[142.2028,27.044],[142.2028,27.044],[142.2028,27.044]]],[[[142.12006,26.71691],[142.12006,26.71691],[142.12006,26.71691],[142.12006,26.71691]]],[[[142.17278,26.63621],[142.17278,26.63621],[142.17278,26.63621],[142.17278,26.63621]]],[[[142.23319,27.07702],[142.23319,27.07702],[142.23319,27.07702],[142.23319,27.07702]]],[[[142.16038,26.56357],[142.16038,26.56357],[142.16038,26.56357],[142.16038,26.56357]]],[[[142.19142,27.10496],[142.19142,27.10496],[142.19142,27.10496],[142.19142,27.10496]]],[[[142.1616,26.58558],[142.1616,26.58558],[142.1616,26.58558],[142.1616,26.58558]]],[[[142.14195,26.70281],[142.14195,26.70281],[142.14195,26.70281],[142.14195,26.70281]]],[[[142.1961,27.03858],[142.1961,27.03858],[142.1961,27.03858],[142.1961,27.03858]]],[[[142.142,26.7023],[142.142,26.7023],[142.142,26.7023],[142.142,26.7023]]],[[[142.14167,26.66566],[142.14167,26.66566],[142.14167,26.66566],[142.14167,26.66566]]],[[[142.1712,26.6575],[142.1712,26.6575],[142.1712,26.6575],[142.1712,26.6575]]],[[[142.12829,26.59763],[142.12829,26.59763],[142.12829,26.59763],[142.12829,26.59763]]],[[[142.18168,27.12745],[142.18168,27.12745],[142.18168,27.12745],[142.18168,27.12745]]],[[[142.18327,27.09215],[142.18327,27.09215],[142.18327,27.09215],[142.18327,27.09215]]],[[[142.22464,27.03537],[142.22464,27.03537],[142.22464,27.03537],[142.22464,27.03537]]],[[[142.18435,27.07511],[142.18435,27.07511],[142.18435,27.07511],[142.18435,27.07511]]],[[[142.2297,27.03449],[142.2297,27.03449],[142.2297,27.03449],[142.2297,27.03449]]],[[[142.15361,26.5427],[142.15361,26.5427],[142.15361,26.5427],[142.15361,26.5427]]],[[[142.18764,27.62254],[142.18764,27.62254],[142.18764,27.62254],[142.18764,27.62254]]],[[[142.21851,26.56366],[142.21851,26.56366],[142.21851,26.56366],[142.21851,26.56366]]],[[[142.17695,26.60211],[142.17695,26.60211],[142.17695,26.60211],[142.17695,26.60211]]],[[[141.2851,25.44855],[141.2851,25.44855],[141.2851,25.44855],[141.2851,25.44855]]],[[[142.2328,27.09918],[142.2328,27.09918],[142.2328,27.09918],[142.2328,27.09918]]],[[[142.20505,26.55441],[142.20505,26.55441],[142.20505,26.55441],[142.20505,26.55441]]],[[[142.19608,27.03908],[142.19608,27.03908],[142.19608,27.03908],[142.19608,27.03908]]],[[[142.14896,26.64877],[142.14896,26.64877],[142.14896,26.64877],[142.14896,26.64877]]],[[[142.09837,27.71746],[142.09837,27.71746],[142.09837,27.71746],[142.09837,27.71746]]],[[[142.20833,26.55399],[142.20833,26.55399],[142.20833,26.55399],[142.20833,26.55399]]],[[[142.19365,27.0408],[142.19365,27.0408],[142.19365,27.0408],[142.19365,27.0408]]],[[[142.22524,27.0532],[142.22524,27.0532],[142.22524,27.0532],[142.22524,27.0532]]],[[[142.22262,27.09468],[142.22262,27.09468],[142.22262,27.09468],[142.22262,27.09468]]],[[[142.15632,26.69883],[142.15632,26.69883],[142.15632,26.69883],[142.15632,26.69883]]],[[[142.19669,27.039],[142.19669,27.039],[142.19669,27.039],[142.19669,27.039]]],[[[142.21671,27.04086],[142.21671,27.04086],[142.21671,27.04086],[142.21671,27.04086]]],[[[142.19934,27.1839],[142.19934,27.1839],[142.19934,27.1839],[142.19934,27.1839]]],[[[142.17187,26.59468],[142.17187,26.59468],[142.17187,26.59468],[142.17187,26.59468]]],[[[142.21621,27.49376],[142.21621,27.49376],[142.21621,27.49376],[142.21621,27.49376]]],[[[142.14742,26.68976],[142.14742,26.68976],[142.14742,26.68976],[142.14742,26.68976]]],[[[142.1538,26.69815],[142.1538,26.69815],[142.1538,26.69815],[142.1538,26.69815]]],[[[142.20133,27.04441],[142.20133,27.04441],[142.20133,27.04441],[142.20133,27.04441]]],[[[142.17274,26.62756],[142.17274,26.62756],[142.17274,26.62756],[142.17274,26.62756]]],[[[142.22523,27.03535],[142.22523,27.03535],[142.22523,27.03535],[142.22523,27.03535]]],[[[142.18667,27.05555],[142.18667,27.05555],[142.18667,27.05555],[142.18667,27.05555]]],[[[142.15811,27.6573],[142.15811,27.6573],[142.15811,27.6573],[142.15811,27.6573]]],[[[142.12315,26.70863],[142.12315,26.70863],[142.12315,26.70863],[142.12315,26.70863]]],[[[142.1409,26.67086],[142.1409,26.67086],[142.1409,26.67086],[142.1409,26.67086]]],[[[142.1622,26.6882],[142.1622,26.6882],[142.1622,26.6882],[142.1622,26.6882]]],[[[142.23636,26.56736],[142.23636,26.56736],[142.23636,26.56736],[142.23636,26.56736]]],[[[142.18905,27.04395],[142.18905,27.04395],[142.18905,27.04395],[142.18905,27.04395]]],[[[142.12281,26.70682],[142.12281,26.70682],[142.12281,26.70682],[142.12281,26.70682]]],[[[142.15291,27.67118],[142.15291,27.67118],[142.15291,27.67118],[142.15291,27.67118]]],[[[142.17482,26.59773],[142.17482,26.59773],[142.17482,26.59773],[142.17482,26.59773]]],[[[142.21648,27.04105],[142.21648,27.04105],[142.21648,27.04105],[142.21648,27.04105]]],[[[142.09577,27.71845],[142.09577,27.71845],[142.09577,27.71845],[142.09577,27.71845]]],[[[142.23998,27.04536],[142.23998,27.04536],[142.23998,27.04536],[142.23998,27.04536]]],[[[141.27185,25.43293],[141.27185,25.43293],[141.27185,25.43293],[141.27185,25.43293]]],[[[142.18319,26.61238],[142.18319,26.61238],[142.18319,26.61238],[142.18319,26.61238]]],[[[142.162,26.68844],[142.162,26.68844],[142.162,26.68844],[142.162,26.68844]]],[[[142.14355,26.65808],[142.14355,26.65808],[142.14355,26.65808],[142.14355,26.65808]]],[[[142.23472,26.56693],[142.23472,26.56693],[142.23472,26.56693],[142.23472,26.56693]]],[[[142.13028,27.67857],[142.13028,27.67857],[142.13028,27.67857],[142.13028,27.67857]]],[[[142.22021,27.10084],[142.22021,27.10084],[142.22021,27.10084],[142.22021,27.10084]]],[[[142.12722,26.69679],[142.12722,26.69679],[142.12722,26.69679],[142.12722,26.69679]]],[[[142.18101,27.09372],[142.18101,27.09372],[142.18101,27.09372],[142.18101,27.09372]]],[[[142.23243,27.0782],[142.23243,27.0782],[142.23243,27.0782],[142.23243,27.0782]]],[[[142.13452,26.68557],[142.13452,26.68557],[142.13452,26.68557],[142.13452,26.68557]]],[[[142.15145,26.69619],[142.15145,26.69619],[142.15145,26.69619],[142.15145,26.69619]]],[[[142.15266,26.6411],[142.15266,26.6411],[142.15266,26.6411],[142.15266,26.6411]]],[[[142.14114,26.66666],[142.14114,26.66666],[142.14114,26.66666],[142.14114,26.66666]]],[[[142.23351,26.56648],[142.23351,26.56648],[142.23351,26.56648],[142.23351,26.56648]]],[[[142.12217,26.7089],[142.12217,26.7089],[142.12217,26.7089],[142.12217,26.7089]]],[[[142.18807,27.08704],[142.18807,27.08704],[142.18807,27.08704],[142.18807,27.08704]]],[[[141.27207,25.42914],[141.27207,25.42914],[141.27207,25.42914],[141.27207,25.42914]]],[[[142.23371,27.07729],[142.23371,27.07729],[142.23371,27.07729],[142.23371,27.07729]]],[[[142.20969,26.56502],[142.20969,26.56502],[142.20969,26.56502],[142.20969,26.56502]]],[[[142.16027,26.68707],[142.16027,26.68707],[142.16027,26.68707],[142.16027,26.68707]]],[[[142.12164,26.71557],[142.12164,26.71557],[142.12164,26.71557],[142.12164,26.71557]]],[[[141.27219,25.42911],[141.27219,25.42911],[141.27219,25.42911],[141.27219,25.42911]]],[[[142.18544,27.17864],[142.18544,27.17864],[142.18544,27.17864],[142.18544,27.17864]]],[[[142.1576,27.66134],[142.1576,27.66134],[142.1576,27.66134],[142.1576,27.66134]]],[[[142.17725,26.60003],[142.17725,26.60003],[142.17725,26.60003],[142.17725,26.60003]]],[[[141.28567,24.79038],[141.28567,24.79038],[141.28567,24.79038],[141.28567,24.79038]]],[[[142.18441,27.07483],[142.18441,27.07483],[142.18441,27.07483],[142.18441,27.07483]]],[[[142.16407,26.67739],[142.16407,26.67739],[142.16407,26.67739],[142.16407,26.67739]]],[[[142.20338,27.11928],[142.20338,27.11928],[142.20338,27.11928],[142.20338,27.11928]]],[[[142.23343,26.56503],[142.23343,26.56503],[142.23343,26.56503],[142.23343,26.56503]]],[[[142.12327,26.70534],[142.12327,26.70534],[142.12327,26.70534],[142.12327,26.70534]]],[[[142.14271,26.70839],[142.14271,26.70839],[142.14271,26.70839],[142.14271,26.70839]]],[[[142.12364,26.71712],[142.12364,26.71712],[142.12364,26.71712],[142.12364,26.71712]]],[[[142.17336,26.59782],[142.17336,26.59782],[142.17336,26.59782],[142.17336,26.59782]]],[[[142.14117,26.70222],[142.14117,26.70222],[142.14117,26.70222],[142.14117,26.70222]]],[[[142.10376,27.71777],[142.10376,27.71777],[142.10376,27.71777],[142.10376,27.71777]]],[[[142.18809,27.14741],[142.18809,27.14741],[142.18809,27.14741],[142.18809,27.14741]]],[[[142.22956,27.08176],[142.22956,27.08176],[142.22956,27.08176],[142.22956,27.08176]]],[[[142.20867,26.56551],[142.20867,26.56551],[142.20867,26.56551],[142.20867,26.56551]]],[[[142.14821,26.70765],[142.14821,26.70765],[142.14821,26.70765],[142.14821,26.70765]]],[[[142.1859,27.17842],[142.1859,27.17842],[142.1859,27.17842],[142.1859,27.17842]]],[[[142.23313,26.5654],[142.23313,26.5654],[142.23313,26.5654],[142.23313,26.5654]]],[[[142.13338,26.68626],[142.13338,26.68626],[142.13338,26.68626],[142.13338,26.68626]]],[[[142.19393,27.04019],[142.19393,27.04019],[142.19393,27.04019],[142.19393,27.04019]]],[[[142.22463,27.04242],[142.22463,27.04242],[142.22463,27.04242],[142.22463,27.04242]]],[[[142.1403,26.66734],[142.1403,26.66734],[142.1403,26.66734],[142.1403,26.66734]]],[[[142.19197,27.10639],[142.19197,27.10639],[142.19197,27.10639],[142.19197,27.10639]]],[[[142.17627,26.61685],[142.17627,26.61685],[142.17627,26.61685],[142.17627,26.61685]]],[[[142.18604,27.05601],[142.18604,27.05601],[142.18604,27.05601],[142.18604,27.05601]]],[[[142.12289,26.70939],[142.12289,26.70939],[142.12289,26.70939],[142.12289,26.70939]]],[[[142.13134,26.59604],[142.13134,26.59604],[142.13134,26.59604],[142.13134,26.59604]]],[[[142.13906,26.67915],[142.13906,26.67915],[142.13906,26.67915],[142.13906,26.67915]]],[[[142.18176,27.07057],[142.18176,27.07057],[142.18176,27.07057],[142.18176,27.07057]]],[[[142.14753,26.68995],[142.14753,26.68995],[142.14753,26.68995],[142.14753,26.68995]]],[[[142.18496,27.08748],[142.18496,27.08748],[142.18496,27.08748],[142.18496,27.08748]]],[[[142.15062,26.68394],[142.15062,26.68394],[142.15062,26.68394],[142.15062,26.68394]]],[[[142.18745,26.65962],[142.18745,26.65962],[142.18745,26.65962],[142.18745,26.65962]]],[[[142.22179,27.09432],[142.22179,27.09432],[142.22179,27.09432],[142.22179,27.09432]]],[[[142.15763,27.66055],[142.15763,27.66055],[142.15763,27.66055],[142.15763,27.66055]]],[[[142.21977,27.10066],[142.21977,27.10066],[142.21977,27.10066],[142.21977,27.10066]]],[[[142.19809,27.15961],[142.19809,27.15961],[142.19809,27.15961],[142.19809,27.15961]]],[[[142.23224,27.08127],[142.23224,27.08127],[142.23224,27.08127],[142.23224,27.08127]]],[[[142.2123,26.5646],[142.2123,26.5646],[142.2123,26.5646],[142.2123,26.5646]]],[[[142.16375,26.66596],[142.16375,26.66596],[142.16375,26.66596],[142.16375,26.66596]]],[[[142.2193,27.09685],[142.2193,27.09685],[142.2193,27.09685],[142.2193,27.09685]]],[[[142.18508,27.04863],[142.18508,27.04863],[142.18508,27.04863],[142.18508,27.04863]]],[[[141.27275,25.42638],[141.27275,25.42638],[141.27275,25.42638],[141.27275,25.42638]]],[[[142.19765,27.19379],[142.19765,27.19379],[142.19765,27.19379],[142.19765,27.19379]]],[[[142.23341,27.07561],[142.23341,27.07561],[142.23341,27.07561],[142.23341,27.07561]]],[[[142.14071,26.70841],[142.14071,26.70841],[142.14071,26.70841],[142.14071,26.70841]]],[[[142.23393,27.10898],[142.23393,27.10898],[142.23393,27.10898],[142.23393,27.10898]]],[[[142.16441,26.66026],[142.16441,26.66026],[142.16441,26.66026],[142.16441,26.66026]]],[[[142.15724,27.6598],[142.15724,27.6598],[142.15724,27.6598],[142.15724,27.6598]]],[[[142.2186,26.56186],[142.2186,26.56186],[142.2186,26.56186],[142.2186,26.56186]]],[[[141.29051,25.44294],[141.29051,25.44294],[141.29051,25.44294],[141.29051,25.44294]]],[[[142.22202,27.094],[142.22202,27.094],[142.22202,27.094],[142.22202,27.094]]],[[[142.14252,26.67708],[142.14252,26.67708],[142.14252,26.67708],[142.14252,26.67708]]],[[[142.13309,26.6863],[142.13309,26.6863],[142.13309,26.6863],[142.13309,26.6863]]],[[[142.15115,26.69683],[142.15115,26.69683],[142.15115,26.69683],[142.15115,26.69683]]],[[[141.27241,25.42777],[141.27241,25.42777],[141.27241,25.42777],[141.27241,25.42777]]],[[[142.14989,26.5461],[142.14989,26.5461],[142.14989,26.5461],[142.14989,26.5461]]],[[[142.15764,27.66069],[142.15764,27.66069],[142.15764,27.66069],[142.15764,27.66069]]],[[[142.23298,27.07477],[142.23298,27.07477],[142.23298,27.07477],[142.23298,27.07477]]],[[[142.18237,27.08758],[142.18237,27.08758],[142.18237,27.08758],[142.18237,27.08758]]],[[[142.18615,27.11966],[142.18615,27.11966],[142.18615,27.11966],[142.18615,27.11966]]],[[[142.2282,27.08175],[142.2282,27.08175],[142.2282,27.08175],[142.2282,27.08175]]],[[[142.19469,27.04046],[142.19469,27.04046],[142.19469,27.04046],[142.19469,27.04046]]],[[[142.16425,27.11269],[142.16425,27.11269],[142.16425,27.11269],[142.16425,27.11269]]],[[[142.20015,27.18376],[142.20015,27.18376],[142.20015,27.18376],[142.20015,27.18376]]],[[[142.09995,27.717],[142.09995,27.717],[142.09995,27.717],[142.09995,27.717]]],[[[142.19384,27.04084],[142.19384,27.04084],[142.19384,27.04084],[142.19384,27.04084]]],[[[142.23727,27.05091],[142.23727,27.05091],[142.23727,27.05091],[142.23727,27.05091]]],[[[142.16661,26.59271],[142.16661,26.59271],[142.16661,26.59271],[142.16661,26.59271]]],[[[142.15463,26.55447],[142.15463,26.55447],[142.15463,26.55447],[142.15463,26.55447]]],[[[142.23115,27.06172],[142.23115,27.06172],[142.23115,27.06172],[142.23115,27.06172]]],[[[142.22064,27.03629],[142.22064,27.03629],[142.22064,27.03629],[142.22064,27.03629]]],[[[142.18483,27.11855],[142.18483,27.11855],[142.18483,27.11855],[142.18483,27.11855]]],[[[142.19645,27.03909],[142.19645,27.03909],[142.19645,27.03909],[142.19645,27.03909]]],[[[142.20142,27.04452],[142.20142,27.04452],[142.20142,27.04452],[142.20142,27.04452]]],[[[142.15729,27.66017],[142.15729,27.66017],[142.15729,27.66017],[142.15729,27.66017]]],[[[142.22647,27.11629],[142.22647,27.11629],[142.22647,27.11629],[142.22647,27.11629]]],[[[142.18298,27.07071],[142.18298,27.07071],[142.18298,27.07071],[142.18298,27.07071]]],[[[142.19211,27.10622],[142.19211,27.10622],[142.19211,27.10622],[142.19211,27.10622]]],[[[142.18449,27.07505],[142.18449,27.07505],[142.18449,27.07505],[142.18449,27.07505]]],[[[142.23432,27.09791],[142.23432,27.09791],[142.23432,27.09791],[142.23432,27.09791]]],[[[142.21656,26.55922],[142.21656,26.55922],[142.21656,26.55922],[142.21656,26.55922]]],[[[142.14976,26.7096],[142.14976,26.7096],[142.14976,26.7096],[142.14976,26.7096]]],[[[142.16168,27.12052],[142.16168,27.12052],[142.16168,27.12052],[142.16168,27.12052]]],[[[142.125,26.70432],[142.125,26.70432],[142.125,26.70432],[142.125,26.70432]]],[[[142.21376,26.55549],[142.21376,26.55549],[142.21376,26.55549],[142.21376,26.55549]]],[[[142.1957,27.03898],[142.1957,27.03898],[142.1957,27.03898],[142.1957,27.03898]]],[[[142.23116,27.06815],[142.23116,27.06815],[142.23116,27.06815],[142.23116,27.06815]]],[[[142.14965,26.64771],[142.14965,26.64771],[142.14965,26.64771],[142.14965,26.64771]]],[[[142.17659,26.60079],[142.17659,26.60079],[142.17659,26.60079],[142.17659,26.60079]]],[[[141.28457,24.75021],[141.28457,24.75021],[141.28457,24.75021],[141.28457,24.75021]]],[[[141.28564,24.7883],[141.28564,24.7883],[141.28564,24.7883],[141.28564,24.7883]]],[[[142.22507,27.0886],[142.22507,27.0886],[142.22507,27.0886],[142.22507,27.0886]]],[[[142.18023,26.60868],[142.18023,26.60868],[142.18023,26.60868],[142.18023,26.60868]]],[[[142.22311,27.03584],[142.22311,27.03584],[142.22311,27.03584],[142.22311,27.03584]]],[[[142.13453,26.68542],[142.13453,26.68542],[142.13453,26.68542],[142.13453,26.68542]]],[[[142.22728,27.11635],[142.22728,27.11635],[142.22728,27.11635],[142.22728,27.11635]]],[[[142.18708,27.06058],[142.18708,27.06058],[142.18708,27.06058],[142.18708,27.06058]]],[[[142.23092,27.06001],[142.23092,27.06001],[142.23092,27.06001],[142.23092,27.06001]]],[[[142.21019,27.03901],[142.21019,27.03901],[142.21019,27.03901],[142.21019,27.03901]]],[[[142.19176,27.06374],[142.19176,27.06374],[142.19176,27.06374],[142.19176,27.06374]]],[[[142.15731,27.66003],[142.15731,27.66003],[142.15731,27.66003],[142.15731,27.66003]]],[[[142.15872,26.69995],[142.15872,26.69995],[142.15872,26.69995],[142.15872,26.69995]]],[[[142.15092,26.69407],[142.15092,26.69407],[142.15092,26.69407],[142.15092,26.69407]]],[[[142.14388,26.67565],[142.14388,26.67565],[142.14388,26.67565],[142.14388,26.67565]]],[[[142.19385,27.07572],[142.19385,27.07572],[142.19385,27.07572],[142.19385,27.07572]]],[[[142.18161,27.07262],[142.18161,27.07262],[142.18161,27.07262],[142.18161,27.07262]]],[[[142.23902,27.04787],[142.23902,27.04787],[142.23902,27.04787],[142.23902,27.04787]]],[[[142.1548,26.55435],[142.1548,26.55435],[142.1548,26.55435],[142.1548,26.55435]]],[[[142.10083,27.71515],[142.10083,27.71515],[142.10083,27.71515],[142.10083,27.71515]]],[[[142.16291,26.6298],[142.16291,26.6298],[142.16291,26.6298],[142.16291,26.6298]]],[[[142.14202,26.7092],[142.14202,26.7092],[142.14202,26.7092],[142.14202,26.7092]]],[[[142.18482,27.08623],[142.18482,27.08623],[142.18482,27.08623],[142.18482,27.08623]]],[[[142.14234,26.7098],[142.14234,26.7098],[142.14234,26.7098],[142.14234,26.7098]]],[[[142.16122,26.63336],[142.16122,26.63336],[142.16122,26.63336],[142.16122,26.63336]]],[[[142.19266,27.04212],[142.19266,27.04212],[142.19266,27.04212],[142.19266,27.04212]]],[[[142.14821,26.64986],[142.14821,26.64986],[142.14821,26.64986],[142.14821,26.64986]]],[[[142.1478,26.6624],[142.1478,26.6624],[142.1478,26.6624],[142.1478,26.6624]]],[[[141.29261,25.43934],[141.29261,25.43934],[141.29261,25.43934],[141.29261,25.43934]]],[[[142.17511,26.62027],[142.17511,26.62027],[142.17511,26.62027],[142.17511,26.62027]]],[[[142.19702,27.03861],[142.19702,27.03861],[142.19702,27.03861],[142.19702,27.03861]]],[[[142.23519,27.09688],[142.23519,27.09688],[142.23519,27.09688],[142.23519,27.09688]]],[[[142.1504,26.707],[142.1504,26.707],[142.1504,26.707],[142.1504,26.707]]],[[[142.22215,27.09455],[142.22215,27.09455],[142.22215,27.09455],[142.22215,27.09455]]],[[[142.17453,27.03422],[142.17453,27.03422],[142.17453,27.03422],[142.17453,27.03422]]],[[[142.15085,26.6838],[142.15085,26.6838],[142.15085,26.6838],[142.15085,26.6838]]],[[[142.1616,26.70057],[142.1616,26.70057],[142.1616,26.70057],[142.1616,26.70057]]],[[[142.19092,27.06421],[142.19092,27.06421],[142.19092,27.06421],[142.19092,27.06421]]],[[[142.1722,27.04251],[142.1722,27.04251],[142.1722,27.04251],[142.1722,27.04251]]],[[[142.12821,26.59748],[142.12821,26.59748],[142.12821,26.59748],[142.12821,26.59748]]],[[[142.15353,26.69813],[142.15353,26.69813],[142.15353,26.69813],[142.15353,26.69813]]],[[[142.17273,27.11622],[142.17273,27.11622],[142.17273,27.11622],[142.17273,27.11622]]],[[[142.21418,26.55594],[142.21418,26.55594],[142.21418,26.55594],[142.21418,26.55594]]],[[[142.16487,26.63076],[142.16487,26.63076],[142.16487,26.63076],[142.16487,26.63076]]],[[[142.1391,26.69978],[142.1391,26.69978],[142.1391,26.69978],[142.1391,26.69978]]],[[[142.18192,27.09456],[142.18192,27.09456],[142.18192,27.09456],[142.18192,27.09456]]],[[[142.15742,27.66012],[142.15742,27.66012],[142.15742,27.66012],[142.15742,27.66012]]],[[[142.23638,27.11362],[142.23638,27.11362],[142.23638,27.11362],[142.23638,27.11362]]],[[[142.18632,27.07031],[142.18632,27.07031],[142.18632,27.07031],[142.18632,27.07031]]],[[[142.15281,26.69711],[142.15281,26.69711],[142.15281,26.69711],[142.15281,26.69711]]],[[[142.09544,27.71968],[142.09544,27.71968],[142.09544,27.71968],[142.09544,27.71968]]],[[[142.14454,27.67069],[142.14454,27.67069],[142.14454,27.67069],[142.14454,27.67069]]],[[[142.2431,27.09642],[142.2431,27.09642],[142.2431,27.09642],[142.2431,27.09642]]],[[[142.17994,26.63164],[142.17994,26.63164],[142.17994,26.63164],[142.17994,26.63164]]],[[[142.1724,26.64145],[142.1724,26.64145],[142.1724,26.64145],[142.1724,26.64145]]],[[[142.12625,26.70156],[142.12625,26.70156],[142.12625,26.70156],[142.12625,26.70156]]],[[[142.17104,27.03025],[142.17104,27.03025],[142.17104,27.03025],[142.17104,27.03025]]],[[[142.17478,26.61599],[142.17478,26.61599],[142.17478,26.61599],[142.17478,26.61599]]],[[[142.18145,27.07226],[142.18145,27.07226],[142.18145,27.07226],[142.18145,27.07226]]],[[[142.18653,27.05756],[142.18653,27.05756],[142.18653,27.05756],[142.18653,27.05756]]],[[[142.2051,27.11825],[142.2051,27.11825],[142.2051,27.11825],[142.2051,27.11825]]],[[[142.15665,26.63008],[142.15665,26.63008],[142.15665,26.63008],[142.15665,26.63008]]],[[[142.18557,27.62719],[142.18557,27.62719],[142.18557,27.62719],[142.18557,27.62719]]],[[[142.23663,27.088],[142.23663,27.088],[142.23663,27.088],[142.23663,27.088]]],[[[142.18389,27.1446],[142.18389,27.1446],[142.18389,27.1446],[142.18389,27.1446]]],[[[142.23125,27.11429],[142.23125,27.11429],[142.23125,27.11429],[142.23125,27.11429]]],[[[142.18136,27.09258],[142.18136,27.09258],[142.18136,27.09258],[142.18136,27.09258]]],[[[142.09908,27.72071],[142.09908,27.72071],[142.09908,27.72071],[142.09908,27.72071]]],[[[142.1735,26.59792],[142.1735,26.59792],[142.1735,26.59792],[142.1735,26.59792]]],[[[142.22693,27.11723],[142.22693,27.11723],[142.22693,27.11723],[142.22693,27.11723]]],[[[142.19981,26.54895],[142.19981,26.54895],[142.19981,26.54895],[142.19981,26.54895]]],[[[142.19654,27.03946],[142.19654,27.03946],[142.19654,27.03946],[142.19654,27.03946]]],[[[142.14907,26.54631],[142.14907,26.54631],[142.14907,26.54631],[142.14907,26.54631]]],[[[142.23165,27.05855],[142.23165,27.05855],[142.23165,27.05855],[142.23165,27.05855]]],[[[142.13037,26.69096],[142.13037,26.69096],[142.13037,26.69096],[142.13037,26.69096]]],[[[142.18563,27.1783],[142.18563,27.1783],[142.18563,27.1783],[142.18563,27.1783]]],[[[142.10961,27.72849],[142.10961,27.72849],[142.10961,27.72849],[142.10961,27.72849]]],[[[142.17066,26.65785],[142.17066,26.65785],[142.17066,26.65785],[142.17066,26.65785]]],[[[141.28553,24.78542],[141.28553,24.78542],[141.28553,24.78542],[141.28553,24.78542]]],[[[142.13193,26.68589],[142.13193,26.68589],[142.13193,26.68589],[142.13193,26.68589]]],[[[141.28465,24.75088],[141.28465,24.75088],[141.28465,24.75088],[141.28465,24.75088]]],[[[142.24176,27.04599],[142.24176,27.04599],[142.24176,27.04599],[142.24176,27.04599]]],[[[142.12248,26.71103],[142.12248,26.71103],[142.12248,26.71103],[142.12248,26.71103]]],[[[142.10397,27.7182],[142.10397,27.7182],[142.10397,27.7182],[142.10397,27.7182]]],[[[142.20551,26.5544],[142.20551,26.5544],[142.20551,26.5544],[142.20551,26.5544]]],[[[141.27194,25.42933],[141.27194,25.42933],[141.27194,25.42933],[141.27194,25.42933]]],[[[142.1311,26.70496],[142.1311,26.70496],[142.1311,26.70496],[142.1311,26.70496]]],[[[142.13624,26.70034],[142.13624,26.70034],[142.13624,26.70034],[142.13624,26.70034]]],[[[142.23015,27.05398],[142.23015,27.05398],[142.23015,27.05398],[142.23015,27.05398]]],[[[141.45309,24.23748],[141.45309,24.23748],[141.45309,24.23748],[141.45309,24.23748]]],[[[142.09602,27.71902],[142.09602,27.71902],[142.09602,27.71902],[142.09602,27.71902]]],[[[142.19824,27.15957],[142.19824,27.15957],[142.19824,27.15957],[142.19824,27.15957]]],[[[142.19863,27.19711],[142.19863,27.19711],[142.19863,27.19711],[142.19863,27.19711]]],[[[142.13436,26.68554],[142.13436,26.68554],[142.13436,26.68554],[142.13436,26.68554]]],[[[142.18934,27.10474],[142.18934,27.10474],[142.18934,27.10474],[142.18934,27.10474]]],[[[142.19191,27.04207],[142.1919,27.04208],[142.19191,27.04207],[142.19191,27.04207]]],[[[142.154,26.636],[142.154,26.636],[142.154,26.636],[142.154,26.636]]],[[[142.23532,27.11073],[142.23532,27.11073],[142.23532,27.11073],[142.23532,27.11073]]],[[[142.1816,26.61026],[142.1816,26.61026],[142.1816,26.61026],[142.1816,26.61026]]],[[[142.17679,26.60588],[142.17679,26.60588],[142.17679,26.60588],[142.17679,26.60588]]],[[[142.18237,27.0875],[142.18237,27.0875],[142.18237,27.0875],[142.18237,27.0875]]],[[[142.19394,27.04068],[142.19394,27.04068],[142.19394,27.04068],[142.19394,27.04068]]],[[[142.17044,27.04576],[142.17044,27.04576],[142.17044,27.04576],[142.17044,27.04576]]],[[[142.2322,27.07891],[142.2322,27.07891],[142.2322,27.07891],[142.2322,27.07891]]],[[[142.13652,27.67121],[142.13652,27.67121],[142.13652,27.67121],[142.13652,27.67121]]],[[[142.13154,26.68793],[142.13154,26.68793],[142.13154,26.68793],[142.13154,26.68793]]],[[[142.16142,26.70402],[142.16142,26.70402],[142.16142,26.70402],[142.16142,26.70402]]],[[[141.27207,25.43237],[141.27207,25.43237],[141.27207,25.43237],[141.27207,25.43237]]],[[[142.21669,26.5634],[142.21669,26.5634],[142.21669,26.5634],[142.21669,26.5634]]],[[[141.28864,25.44684],[141.28864,25.44684],[141.28864,25.44684],[141.28864,25.44684]]],[[[142.20751,26.55407],[142.20751,26.55407],[142.20751,26.55407],[142.20751,26.55407]]],[[[142.23128,27.068],[142.23128,27.068],[142.23128,27.068],[142.23128,27.068]]],[[[142.171,27.04521],[142.171,27.04521],[142.171,27.04521],[142.171,27.04521]]],[[[141.34139,24.8047],[141.34139,24.8047],[141.34139,24.8047],[141.34139,24.8047]]],[[[142.1487,27.67655],[142.1487,27.67655],[142.1487,27.67655],[142.1487,27.67655]]],[[[142.12302,26.70832],[142.12302,26.70832],[142.12302,26.70832],[142.12302,26.70832]]],[[[142.23289,26.56544],[142.23289,26.56544],[142.23289,26.56544],[142.23289,26.56544]]],[[[142.20178,27.04424],[142.20178,27.04424],[142.20178,27.04424],[142.20178,27.04424]]],[[[142.12248,26.70565],[142.12248,26.70565],[142.12248,26.70565],[142.12248,26.70565]]],[[[142.22631,27.11666],[142.22631,27.11666],[142.22631,27.11666],[142.22631,27.11666]]],[[[142.23718,27.04956],[142.23718,27.04956],[142.23718,27.04956],[142.23718,27.04956]]],[[[142.16765,26.658],[142.16765,26.658],[142.16765,26.658],[142.16765,26.658]]],[[[142.1326,26.68587],[142.1326,26.68587],[142.1326,26.68587],[142.1326,26.68587]]],[[[142.23726,27.05077],[142.23726,27.05077],[142.23726,27.05077],[142.23726,27.05077]]],[[[142.1874,27.05873],[142.1874,27.05873],[142.1874,27.05873],[142.1874,27.05873]]],[[[142.14469,26.67598],[142.14469,26.67598],[142.14469,26.67598],[142.14469,26.67598]]],[[[142.12272,26.71037],[142.12272,26.71037],[142.12272,26.71037],[142.12272,26.71037]]],[[[142.17371,26.64677],[142.17371,26.64677],[142.17371,26.64677],[142.17371,26.64677]]],[[[142.12931,26.69361],[142.12931,26.69361],[142.12931,26.69361],[142.12931,26.69361]]],[[[142.12228,26.70897],[142.12228,26.70897],[142.12228,26.70897],[142.12228,26.70897]]],[[[142.12505,26.70418],[142.12505,26.70418],[142.12505,26.70418],[142.12505,26.70418]]],[[[142.19316,27.08988],[142.19316,27.08988],[142.19316,27.08988],[142.19316,27.08988]]],[[[142.14462,26.67553],[142.14462,26.67553],[142.14462,26.67553],[142.14462,26.67553]]],[[[142.23088,27.08074],[142.23088,27.08074],[142.23088,27.08074],[142.23088,27.08074]]],[[[142.18423,27.075],[142.18423,27.075],[142.18423,27.075],[142.18423,27.075]]],[[[142.21866,26.56385],[142.21866,26.56385],[142.21866,26.56385],[142.21866,26.56385]]],[[[142.12222,26.70996],[142.12222,26.70996],[142.12222,26.70996],[142.12222,26.70996]]],[[[142.23125,27.06949],[142.23125,27.06949],[142.23125,27.06949],[142.23125,27.06949]]],[[[142.12598,26.70219],[142.12598,26.70219],[142.12598,26.70219],[142.12598,26.70219]]],[[[142.21641,27.04064],[142.21641,27.04064],[142.21641,27.04064],[142.21641,27.04064]]],[[[142.23814,26.57044],[142.23814,26.57044],[142.23814,26.57044],[142.23814,26.57044]]],[[[142.20793,27.48648],[142.20793,27.48648],[142.20793,27.48648],[142.20793,27.48648]]],[[[142.14098,26.67091],[142.14098,26.67091],[142.14098,26.67091],[142.14098,26.67091]]],[[[142.14592,26.69159],[142.14592,26.69159],[142.14592,26.69159],[142.14592,26.69159]]],[[[141.28951,25.44561],[141.28951,25.44561],[141.28951,25.44561],[141.28951,25.44561]]],[[[142.24108,27.09395],[142.24108,27.09395],[142.24108,27.09395],[142.24108,27.09395]]],[[[142.18793,27.07114],[142.18793,27.07114],[142.18793,27.07114],[142.18793,27.07114]]],[[[142.19669,27.0397],[142.19669,27.0397],[142.19669,27.0397],[142.19669,27.0397]]],[[[142.20129,27.04435],[142.20129,27.04435],[142.20129,27.04435],[142.20129,27.04435]]],[[[141.29033,25.44288],[141.29033,25.44288],[141.29033,25.44288],[141.29033,25.44288]]],[[[142.22211,27.09378],[142.22211,27.09378],[142.22211,27.09378],[142.22211,27.09378]]],[[[142.13147,26.59589],[142.13147,26.59589],[142.13147,26.59589],[142.13147,26.59589]]],[[[142.14177,26.66724],[142.14177,26.66724],[142.14177,26.66724],[142.14177,26.66724]]],[[[142.15255,26.69747],[142.15255,26.69747],[142.15255,26.69747],[142.15255,26.69747]]],[[[142.15767,27.66235],[142.15767,27.66235],[142.15767,27.66235],[142.15767,27.66235]]],[[[142.18704,27.11601],[142.18704,27.11601],[142.18704,27.11601],[142.18704,27.11601]]],[[[141.27238,25.4335],[141.27238,25.4335],[141.27238,25.4335],[141.27238,25.4335]]],[[[142.14278,26.67134],[142.14278,26.67134],[142.14278,26.67134],[142.14278,26.67134]]],[[[142.18415,27.05574],[142.18415,27.05574],[142.18415,27.05574],[142.18415,27.05574]]],[[[142.13887,26.67808],[142.13887,26.67808],[142.13887,26.67808],[142.13887,26.67808]]],[[[142.22143,27.09571],[142.22143,27.09571],[142.22143,27.09571],[142.22143,27.09571]]],[[[142.17892,27.0438],[142.17892,27.0438],[142.17892,27.0438],[142.17892,27.0438]]],[[[142.23115,27.05992],[142.23115,27.05992],[142.23115,27.05992],[142.23115,27.05992]]],[[[142.22812,27.08197],[142.22812,27.08197],[142.22812,27.08197],[142.22812,27.08197]]],[[[142.18147,26.61656],[142.18147,26.61656],[142.18147,26.61656],[142.18147,26.61656]]],[[[142.23227,27.07177],[142.23227,27.07177],[142.23227,27.07177],[142.23227,27.07177]]],[[[142.18434,27.08774],[142.18434,27.08774],[142.18434,27.08774],[142.18434,27.08774]]],[[[142.12781,26.69519],[142.12781,26.69519],[142.12781,26.69519],[142.12781,26.69519]]],[[[142.23413,27.07577],[142.23413,27.07577],[142.23413,27.07577],[142.23413,27.07577]]],[[[142.24314,27.09542],[142.24314,27.09542],[142.24314,27.09542],[142.24314,27.09542]]],[[[142.23675,27.08324],[142.23675,27.08324],[142.23675,27.08324],[142.23675,27.08324]]],[[[142.17726,26.6194],[142.17726,26.6194],[142.17726,26.6194],[142.17726,26.6194]]],[[[142.22304,27.09312],[142.22304,27.09312],[142.22304,27.09312],[142.22304,27.09312]]],[[[142.22696,27.11698],[142.22696,27.11698],[142.22696,27.11698],[142.22696,27.11698]]],[[[142.23492,27.09741],[142.23492,27.09741],[142.23492,27.09741],[142.23492,27.09741]]],[[[142.21851,27.09732],[142.21851,27.09732],[142.21851,27.09732],[142.21851,27.09732]]],[[[142.18958,27.06844],[142.18958,27.06844],[142.18958,27.06844],[142.18958,27.06844]]],[[[142.16673,26.68462],[142.16673,26.68462],[142.16673,26.68462],[142.16673,26.68462]]],[[[142.20592,27.0779],[142.20592,27.0779],[142.20592,27.0779],[142.20592,27.0779]]],[[[142.14727,26.65016],[142.14727,26.65016],[142.14727,26.65016],[142.14727,26.65016]]],[[[142.23662,27.08359],[142.23662,27.08359],[142.23662,27.08359],[142.23662,27.08359]]],[[[142.22505,27.05129],[142.22505,27.05129],[142.22505,27.05129],[142.22505,27.05129]]],[[[142.13139,26.70649],[142.13139,26.70649],[142.13139,26.70649],[142.13139,26.70649]]],[[[142.23146,27.06795],[142.23146,27.06795],[142.23146,27.06795],[142.23146,27.06795]]],[[[142.15615,26.69888],[142.15615,26.69888],[142.15615,26.69888],[142.15615,26.69888]]],[[[142.23075,27.08101],[142.23075,27.08101],[142.23075,27.08101],[142.23075,27.08101]]],[[[142.14092,27.67278],[142.14092,27.67278],[142.14092,27.67278],[142.14092,27.67278]]],[[[142.18598,27.05441],[142.18598,27.05441],[142.18598,27.05441],[142.18598,27.05441]]],[[[142.21735,27.03988],[142.21735,27.03988],[142.21735,27.03988],[142.21735,27.03988]]],[[[142.18326,27.16521],[142.18326,27.16521],[142.18326,27.16521],[142.18326,27.16521]]],[[[142.13221,26.70356],[142.13221,26.70356],[142.13221,26.70356],[142.13221,26.70356]]],[[[142.19203,27.10632],[142.19203,27.10632],[142.19203,27.10632],[142.19203,27.10632]]],[[[142.14332,26.67129],[142.14332,26.67129],[142.14332,26.67129],[142.14332,26.67129]]],[[[142.19185,27.10506],[142.19185,27.10506],[142.19185,27.10506],[142.19185,27.10506]]],[[[142.12464,26.70477],[142.12464,26.70477],[142.12464,26.70477],[142.12464,26.70477]]],[[[142.21026,27.04006],[142.21026,27.04006],[142.21026,27.04006],[142.21026,27.04006]]],[[[142.09701,27.71888],[142.09701,27.71888],[142.09701,27.71888],[142.09701,27.71888]]],[[[142.17788,26.60004],[142.17788,26.60004],[142.17788,26.60004],[142.17788,26.60004]]],[[[141.27204,25.42969],[141.27204,25.42969],[141.27204,25.42969],[141.27204,25.42969]]],[[[141.28573,24.79741],[141.28573,24.79741],[141.28573,24.79741],[141.28573,24.79741]]],[[[142.22978,27.03694],[142.22978,27.03694],[142.22978,27.03694],[142.22978,27.03694]]],[[[142.20472,27.11841],[142.20472,27.11841],[142.20472,27.11841],[142.20472,27.11841]]],[[[142.18623,27.03979],[142.18623,27.03979],[142.18623,27.03979],[142.18623,27.03979]]],[[[142.12803,26.6994],[142.12803,26.6994],[142.12803,26.6994],[142.12803,26.6994]]],[[[142.2336,27.07486],[142.2336,27.07486],[142.2336,27.07486],[142.2336,27.07486]]],[[[142.19866,27.19729],[142.19866,27.19729],[142.19866,27.19729],[142.19866,27.19729]]],[[[142.10008,27.71695],[142.10008,27.71695],[142.10008,27.71695],[142.10008,27.71695]]],[[[142.23589,27.10981],[142.23589,27.10981],[142.23589,27.10981],[142.23589,27.10981]]],[[[142.18494,27.04826],[142.18494,27.04826],[142.18494,27.04826],[142.18494,27.04826]]],[[[141.2903,25.44402],[141.2903,25.44402],[141.2903,25.44402],[141.2903,25.44402]]],[[[142.1413,26.67789],[142.1413,26.67789],[142.1413,26.67789],[142.1413,26.67789]]],[[[142.2262,27.11653],[142.2262,27.11653],[142.2262,27.11653],[142.2262,27.11653]]],[[[142.18162,27.09404],[142.18162,27.09404],[142.18162,27.09404],[142.18162,27.09404]]],[[[142.2312,27.06959],[142.2312,27.06959],[142.2312,27.06959],[142.2312,27.06959]]],[[[142.16848,26.6859],[142.16848,26.6859],[142.16848,26.6859],[142.16848,26.6859]]],[[[142.23605,27.11007],[142.23605,27.11007],[142.23605,27.11007],[142.23605,27.11007]]],[[[142.17439,26.65336],[142.17439,26.65336],[142.17439,26.65336],[142.17439,26.65336]]],[[[142.23319,27.07628],[142.23319,27.07628],[142.23319,27.07628],[142.23319,27.07628]]],[[[142.18536,27.05944],[142.18536,27.05944],[142.18536,27.05944],[142.18536,27.05944]]],[[[142.14073,26.70623],[142.14073,26.70623],[142.14073,26.70623],[142.14073,26.70623]]],[[[142.1942,27.0407],[142.1942,27.0407],[142.1942,27.0407],[142.1942,27.0407]]],[[[142.14067,26.6785],[142.14067,26.6785],[142.14067,26.6785],[142.14067,26.6785]]],[[[142.23212,27.1145],[142.23212,27.1145],[142.23212,27.1145],[142.23212,27.1145]]],[[[142.19349,27.04003],[142.19349,27.04003],[142.19349,27.04003],[142.19349,27.04003]]],[[[142.24655,27.09021],[142.24655,27.09021],[142.24655,27.09021],[142.24655,27.09021]]],[[[142.18156,27.0997],[142.18156,27.0997],[142.18156,27.0997],[142.18156,27.0997]]],[[[142.21622,27.04064],[142.21622,27.04064],[142.21622,27.04064],[142.21622,27.04064]]],[[[142.23035,27.0538],[142.23035,27.0538],[142.23035,27.0538],[142.23035,27.0538]]],[[[142.0956,27.71846],[142.0956,27.71846],[142.0956,27.71846],[142.0956,27.71846]]],[[[142.23378,27.07549],[142.23378,27.07549],[142.23378,27.07549],[142.23378,27.07549]]],[[[142.15682,26.63024],[142.15682,26.63024],[142.15682,26.63024],[142.15682,26.63024]]],[[[142.23443,27.05639],[142.23443,27.05639],[142.23443,27.05639],[142.23443,27.05639]]],[[[142.23789,27.0871],[142.23789,27.0871],[142.23789,27.0871],[142.23789,27.0871]]],[[[142.21704,27.04091],[142.21704,27.04091],[142.21704,27.04091],[142.21704,27.04091]]],[[[142.17345,26.59775],[142.17345,26.59775],[142.17345,26.59775],[142.17345,26.59775]]],[[[142.23114,27.06857],[142.23114,27.06857],[142.23114,27.06857],[142.23114,27.06857]]],[[[142.18629,27.04241],[142.18629,27.04241],[142.18629,27.04241],[142.18629,27.04241]]],[[[142.13462,26.68546],[142.13462,26.68546],[142.13462,26.68546],[142.13462,26.68546]]],[[[142.18633,27.0569],[142.18633,27.0569],[142.18633,27.0569],[142.18633,27.0569]]],[[[141.47123,24.23109],[141.47123,24.23109],[141.47123,24.23109],[141.47123,24.23109]]],[[[142.14335,26.66479],[142.14335,26.66479],[142.14335,26.66479],[142.14335,26.66479]]],[[[142.23342,27.0978],[142.23342,27.0978],[142.23342,27.0978],[142.23342,27.0978]]],[[[142.14951,26.66371],[142.14951,26.66371],[142.14951,26.66371],[142.14951,26.66371]]],[[[142.23194,27.06145],[142.23194,27.06145],[142.23194,27.06145],[142.23194,27.06145]]],[[[142.24487,27.09578],[142.24487,27.09578],[142.24487,27.09578],[142.24487,27.09578]]],[[[142.23363,27.0756],[142.23363,27.0756],[142.23363,27.0756],[142.23363,27.0756]]],[[[142.15914,26.70075],[142.15914,26.70075],[142.15914,26.70075],[142.15914,26.70075]]],[[[142.18633,27.1196],[142.18633,27.1196],[142.18633,27.1196],[142.18633,27.1196]]],[[[142.24808,27.09078],[142.24808,27.09078],[142.24808,27.09078],[142.24808,27.09078]]],[[[141.28929,25.44565],[141.28929,25.44565],[141.28929,25.44565],[141.28929,25.44565]]],[[[142.15064,26.64784],[142.15064,26.64784],[142.15064,26.64784],[142.15064,26.64784]]],[[[142.18607,27.05826],[142.18607,27.05826],[142.18607,27.05826],[142.18607,27.05826]]],[[[142.17732,26.65421],[142.17732,26.65421],[142.17732,26.65421],[142.17732,26.65421]]],[[[141.28511,24.7857],[141.28511,24.7857],[141.28511,24.7857],[141.28511,24.7857]]],[[[142.1364,26.68233],[142.1364,26.68233],[142.1364,26.68233],[142.1364,26.68233]]],[[[142.19508,27.04231],[142.19508,27.04231],[142.19508,27.04231],[142.19508,27.04231]]],[[[142.23156,27.066],[142.23156,27.066],[142.23156,27.066],[142.23156,27.066]]],[[[142.1939,27.04029],[142.1939,27.04029],[142.1939,27.04029],[142.1939,27.04029]]],[[[141.28872,25.44633],[141.28872,25.44633],[141.28872,25.44633],[141.28872,25.44633]]],[[[142.2448,27.09133],[142.2448,27.09133],[142.2448,27.09133],[142.2448,27.09133]]],[[[142.1411,27.67241],[142.1411,27.67241],[142.1411,27.67241],[142.1411,27.67241]]],[[[142.17642,26.59862],[142.17642,26.59862],[142.17642,26.59862],[142.17642,26.59862]]],[[[142.18253,26.61196],[142.18253,26.61196],[142.18253,26.61196],[142.18253,26.61196]]],[[[142.2368,27.05004],[142.2368,27.05004],[142.2368,27.05004],[142.2368,27.05004]]],[[[142.23262,27.11438],[142.23262,27.11438],[142.23262,27.11438],[142.23262,27.11438]]],[[[142.12291,26.70579],[142.12291,26.70579],[142.12291,26.70579],[142.12291,26.70579]]],[[[142.09517,27.71869],[142.09517,27.71869],[142.09517,27.71869],[142.09517,27.71869]]],[[[142.17378,26.63785],[142.17378,26.63785],[142.17378,26.63785],[142.17378,26.63785]]],[[[142.14136,26.70236],[142.14136,26.70236],[142.14136,26.70236],[142.14136,26.70236]]],[[[142.23721,27.04949],[142.23721,27.04949],[142.23721,27.04949],[142.23721,27.04949]]],[[[142.1426,26.70832],[142.1426,26.70832],[142.1426,26.70832],[142.1426,26.70832]]],[[[142.12826,26.69654],[142.12826,26.69654],[142.12826,26.69654],[142.12826,26.69654]]],[[[142.20353,27.09011],[142.20353,27.09011],[142.20353,27.09011],[142.20353,27.09011]]],[[[142.20326,27.10549],[142.20326,27.10549],[142.20326,27.10549],[142.20326,27.10549]]],[[[142.17365,26.64508],[142.17365,26.64508],[142.17365,26.64508],[142.17365,26.64508]]],[[[142.18176,27.04087],[142.18176,27.04087],[142.18176,27.04087],[142.18176,27.04087]]],[[[142.15165,26.69683],[142.15165,26.69683],[142.15165,26.69683],[142.15165,26.69683]]],[[[142.20685,27.10385],[142.20685,27.10385],[142.20685,27.10385],[142.20685,27.10385]]],[[[142.2172,27.04122],[142.2172,27.04122],[142.2172,27.04122],[142.2172,27.04122]]],[[[142.23469,27.05636],[142.23469,27.05636],[142.23469,27.05636],[142.23469,27.05636]]],[[[142.15524,26.68484],[142.15524,26.68484],[142.15524,26.68484],[142.15524,26.68484]]],[[[142.18755,27.05924],[142.18755,27.05924],[142.18755,27.05924],[142.18755,27.05924]]],[[[142.19378,27.04105],[142.19378,27.04105],[142.19378,27.04105],[142.19378,27.04105]]],[[[142.23137,27.06163],[142.23137,27.06163],[142.23137,27.06163],[142.23137,27.06163]]],[[[142.18616,27.05447],[142.18616,27.05447],[142.18616,27.05447],[142.18616,27.05447]]],[[[142.143,26.66899],[142.143,26.66899],[142.143,26.66899],[142.143,26.66899]]],[[[141.47115,24.24248],[141.47115,24.24248],[141.47115,24.24248],[141.47115,24.24248]]],[[[142.21852,26.56217],[142.21852,26.56217],[142.21852,26.56217],[142.21852,26.56217]]],[[[142.20349,27.04371],[142.20349,27.04371],[142.20349,27.04371],[142.20349,27.04371]]],[[[142.21378,26.55561],[142.21378,26.55561],[142.21378,26.55561],[142.21378,26.55561]]],[[[142.20107,27.04437],[142.20107,27.04437],[142.20107,27.04437],[142.20107,27.04437]]],[[[142.14086,26.67817],[142.14086,26.67817],[142.14086,26.67817],[142.14086,26.67817]]],[[[142.23383,27.07575],[142.23383,27.07575],[142.23383,27.07575],[142.23383,27.07575]]],[[[142.14258,26.58718],[142.14258,26.58718],[142.14258,26.58718],[142.14258,26.58718]]],[[[142.21869,27.04124],[142.21869,27.04124],[142.21869,27.04124],[142.21869,27.04124]]],[[[142.15303,26.7085],[142.15303,26.7085],[142.15303,26.7085],[142.15303,26.7085]]],[[[141.27213,25.42896],[141.27213,25.42896],[141.27213,25.42896],[141.27213,25.42896]]],[[[142.14159,26.66597],[142.14159,26.66597],[142.14159,26.66597],[142.14159,26.66597]]],[[[142.23475,27.07144],[142.23475,27.07144],[142.23475,27.07144],[142.23475,27.07144]]],[[[142.14239,26.67146],[142.14239,26.67146],[142.14239,26.67146],[142.14239,26.67146]]],[[[142.09598,27.72052],[142.09598,27.72052],[142.09598,27.72052],[142.09598,27.72052]]],[[[142.12807,26.69968],[142.12807,26.69968],[142.12807,26.69968],[142.12807,26.69968]]],[[[142.10288,27.71601],[142.10288,27.71601],[142.10288,27.71601],[142.10288,27.71601]]],[[[142.18706,27.08734],[142.18706,27.08734],[142.18706,27.08734],[142.18706,27.08734]]],[[[142.18826,27.10553],[142.18826,27.10553],[142.18826,27.10553],[142.18826,27.10553]]],[[[142.20505,27.0851],[142.20505,27.0851],[142.20505,27.0851],[142.20505,27.0851]]],[[[142.15224,26.70739],[142.15224,26.70739],[142.15224,26.70739],[142.15224,26.70739]]],[[[142.16686,26.65911],[142.16686,26.65911],[142.16686,26.65911],[142.16686,26.65911]]],[[[142.19604,27.0392],[142.19604,27.0392],[142.19604,27.0392],[142.19604,27.0392]]],[[[142.12633,26.70166],[142.12633,26.70166],[142.12633,26.70166],[142.12633,26.70166]]],[[[141.37888,24.78087],[141.37888,24.78087],[141.37888,24.78087],[141.37888,24.78087]]],[[[142.16604,26.68007],[142.16604,26.68007],[142.16604,26.68007],[142.16604,26.68007]]],[[[142.18264,27.08755],[142.18264,27.08755],[142.18264,27.08755],[142.18264,27.08755]]],[[[142.24614,27.09021],[142.24614,27.09021],[142.24614,27.09021],[142.24614,27.09021]]],[[[142.19166,27.06375],[142.19166,27.06375],[142.19166,27.06375],[142.19166,27.06375]]],[[[142.09875,27.72071],[142.09875,27.72071],[142.09875,27.72071],[142.09875,27.72071]]],[[[142.14068,26.70738],[142.14068,26.70738],[142.14068,26.70738],[142.14068,26.70738]]],[[[142.19403,27.04082],[142.19403,27.04082],[142.19403,27.04082],[142.19403,27.04082]]],[[[142.18662,27.08767],[142.18662,27.08767],[142.18662,27.08767],[142.18662,27.08767]]],[[[142.17809,27.12792],[142.17809,27.12792],[142.17809,27.12792],[142.17809,27.12792]]],[[[142.21856,27.04135],[142.21856,27.04135],[142.21856,27.04135],[142.21856,27.04135]]],[[[142.18127,26.61528],[142.18127,26.61528],[142.18127,26.61528],[142.18127,26.61528]]],[[[142.18957,27.10465],[142.18957,27.10465],[142.18957,27.10465],[142.18957,27.10465]]],[[[142.19658,27.03879],[142.19658,27.03879],[142.19658,27.03879],[142.19658,27.03879]]],[[[142.18175,27.08782],[142.18175,27.08782],[142.18175,27.08782],[142.18175,27.08782]]],[[[142.19694,27.04469],[142.19694,27.04469],[142.19694,27.04469],[142.19694,27.04469]]],[[[142.1878,27.10556],[142.1878,27.10556],[142.1878,27.10556],[142.1878,27.10556]]],[[[142.17701,26.65588],[142.17701,26.65588],[142.17701,26.65588],[142.17701,26.65588]]],[[[141.28884,25.44674],[141.28884,25.44674],[141.28884,25.44674],[141.28884,25.44674]]],[[[142.15609,26.69877],[142.15609,26.69877],[142.15609,26.69877],[142.15609,26.69877]]],[[[142.24087,27.04746],[142.24087,27.04746],[142.24087,27.04746],[142.24087,27.04746]]],[[[142.14336,26.67178],[142.14336,26.67178],[142.14336,26.67178],[142.14336,26.67178]]],[[[142.16631,26.68],[142.16631,26.68],[142.16631,26.68],[142.16631,26.68]]],[[[142.12903,26.68832],[142.12903,26.68832],[142.12903,26.68832],[142.12903,26.68832]]],[[[142.21933,27.49546],[142.21933,27.49546],[142.21933,27.49546],[142.21933,27.49546]]],[[[142.1725,26.64352],[142.1725,26.64352],[142.1725,26.64352],[142.1725,26.64352]]],[[[141.28788,24.80546],[141.28788,24.80546],[141.28788,24.80546],[141.28788,24.80546]]],[[[142.23549,27.08586],[142.23549,27.08586],[142.23549,27.08586],[142.23549,27.08586]]],[[[142.15227,26.7072],[142.15227,26.7072],[142.15227,26.7072],[142.15227,26.7072]]],[[[142.13108,26.70461],[142.13108,26.70461],[142.13108,26.70461],[142.13108,26.70461]]],[[[142.23659,27.08302],[142.23659,27.08302],[142.23659,27.08302],[142.23659,27.08302]]],[[[142.13205,26.70281],[142.13205,26.70281],[142.13205,26.70281],[142.13205,26.70281]]],[[[142.14334,26.67409],[142.14334,26.67409],[142.14334,26.67409],[142.14334,26.67409]]],[[[142.12628,26.70222],[142.12628,26.70222],[142.12628,26.70222],[142.12628,26.70222]]],[[[142.15257,26.55619],[142.15257,26.55619],[142.15257,26.55619],[142.15257,26.55619]]],[[[141.27152,25.43067],[141.27152,25.43067],[141.27152,25.43067],[141.27152,25.43067]]],[[[142.13201,26.68729],[142.13201,26.68729],[142.13201,26.68729],[142.13201,26.68729]]],[[[142.18163,27.07274],[142.18163,27.07274],[142.18163,27.07274],[142.18163,27.07274]]],[[[142.17257,27.11583],[142.17257,27.11583],[142.17257,27.11583],[142.17257,27.11583]]],[[[142.23802,27.05204],[142.23802,27.05204],[142.23802,27.05204],[142.23802,27.05204]]],[[[142.21845,26.56202],[142.21845,26.56202],[142.21845,26.56202],[142.21845,26.56202]]],[[[142.16205,26.68715],[142.16205,26.68715],[142.16205,26.68715],[142.16205,26.68715]]],[[[142.19157,27.06796],[142.19157,27.06796],[142.19157,27.06796],[142.19157,27.06796]]],[[[142.18544,27.09104],[142.18544,27.09104],[142.18544,27.09104],[142.18544,27.09104]]],[[[142.19668,27.10564],[142.19668,27.10564],[142.19668,27.10564],[142.19668,27.10564]]],[[[142.19462,27.04085],[142.19462,27.04085],[142.19462,27.04085],[142.19462,27.04085]]],[[[142.22354,27.0917],[142.22354,27.0917],[142.22354,27.0917],[142.22354,27.0917]]],[[[140.88397,27.237],[140.88397,27.237],[140.88397,27.237],[140.88397,27.237]]],[[[142.23156,27.07052],[142.23156,27.07052],[142.23156,27.07052],[142.23156,27.07052]]],[[[142.12142,26.71086],[142.12142,26.71086],[142.12142,26.71086],[142.12142,26.71086]]],[[[142.20193,27.04404],[142.20193,27.04404],[142.20193,27.04404],[142.20193,27.04404]]],[[[142.18434,27.08756],[142.18434,27.08756],[142.18434,27.08756],[142.18434,27.08756]]],[[[142.24109,27.04703],[142.24109,27.04703],[142.24109,27.04703],[142.24109,27.04703]]],[[[141.28489,24.78609],[141.28489,24.78609],[141.28489,24.78609],[141.28489,24.78609]]],[[[142.22502,27.03548],[142.22502,27.03548],[142.22502,27.03548],[142.22502,27.03548]]],[[[142.25238,27.08955],[142.25238,27.08955],[142.25238,27.08955],[142.25238,27.08955]]],[[[142.23422,27.09799],[142.23422,27.09799],[142.23422,27.09799],[142.23422,27.09799]]],[[[142.18947,27.04348],[142.18947,27.04348],[142.18947,27.04348],[142.18947,27.04348]]],[[[142.20586,27.04388],[142.20586,27.04388],[142.20586,27.04388],[142.20586,27.04388]]],[[[142.2281,27.08131],[142.2281,27.08131],[142.2281,27.08131],[142.2281,27.08131]]],[[[142.24301,27.09246],[142.24301,27.09246],[142.24301,27.09246],[142.24301,27.09246]]],[[[142.16439,26.6302],[142.16439,26.6302],[142.16439,26.6302],[142.16439,26.6302]]],[[[142.18187,27.09646],[142.18187,27.09646],[142.18187,27.09646],[142.18187,27.09646]]],[[[142.18572,27.05533],[142.18572,27.05533],[142.18572,27.05533],[142.18572,27.05533]]],[[[142.23013,27.08121],[142.23013,27.08121],[142.23013,27.08121],[142.23013,27.08121]]],[[[141.28782,25.44753],[141.28782,25.44753],[141.28782,25.44753],[141.28782,25.44753]]],[[[142.12993,26.69101],[142.12993,26.69101],[142.12993,26.69101],[142.12993,26.69101]]],[[[142.14133,27.67261],[142.14133,27.67261],[142.14133,27.67261],[142.14133,27.67261]]],[[[142.17463,26.65104],[142.17463,26.65104],[142.17463,26.65104],[142.17463,26.65104]]],[[[142.13746,26.70093],[142.13746,26.70093],[142.13746,26.70093],[142.13746,26.70093]]],[[[142.18273,27.08773],[142.18273,27.08773],[142.18273,27.08773],[142.18273,27.08773]]],[[[142.12199,26.70515],[142.12199,26.70515],[142.12199,26.70515],[142.12199,26.70515]]],[[[141.45351,24.24275],[141.45351,24.24275],[141.45351,24.24275],[141.45351,24.24275]]],[[[142.22225,27.0944],[142.22225,27.0944],[142.22225,27.0944],[142.22225,27.0944]]],[[[142.22308,27.09325],[142.22308,27.09325],[142.22308,27.09325],[142.22308,27.09325]]],[[[142.10023,27.71695],[142.10023,27.71695],[142.10023,27.71695],[142.10023,27.71695]]],[[[142.223,27.09257],[142.223,27.09257],[142.223,27.09257],[142.223,27.09257]]],[[[142.21883,27.03743],[142.21883,27.03743],[142.21883,27.03743],[142.21883,27.03743]]],[[[142.23356,27.09769],[142.23356,27.09769],[142.23356,27.09769],[142.23356,27.09769]]],[[[142.14216,26.58738],[142.14216,26.58738],[142.14216,26.58738],[142.14216,26.58738]]],[[[142.13389,26.68468],[142.13389,26.68468],[142.13389,26.68468],[142.13389,26.68468]]],[[[141.28463,24.75099],[141.28463,24.75099],[141.28463,24.75099],[141.28463,24.75099]]],[[[142.1272,26.71171],[142.1272,26.71171],[142.1272,26.71171],[142.1272,26.71171]]],[[[142.19144,27.07468],[142.19144,27.07468],[142.19144,27.07468],[142.19144,27.07468]]],[[[142.12924,26.69347],[142.12924,26.69347],[142.12924,26.69347],[142.12924,26.69347]]],[[[142.14267,26.70854],[142.14267,26.70854],[142.14267,26.70854],[142.14267,26.70854]]],[[[142.19455,27.04126],[142.19455,27.04126],[142.19455,27.04126],[142.19455,27.04126]]],[[[142.23416,27.07212],[142.23416,27.07212],[142.23416,27.07212],[142.23416,27.07212]]],[[[142.15246,26.70787],[142.15246,26.70787],[142.15246,26.70787],[142.15246,26.70787]]],[[[142.14731,26.6919],[142.14731,26.6919],[142.14731,26.6919],[142.14731,26.6919]]],[[[142.1861,27.05785],[142.1861,27.05785],[142.1861,27.05785],[142.1861,27.05785]]],[[[142.12587,26.70179],[142.12587,26.70179],[142.12587,26.70179],[142.12587,26.70179]]],[[[142.18224,26.6597],[142.18224,26.6597],[142.18224,26.6597],[142.18224,26.6597]]],[[[142.12258,26.70572],[142.12258,26.70572],[142.12258,26.70572],[142.12258,26.70572]]],[[[142.18442,27.0562],[142.18442,27.0562],[142.18442,27.0562],[142.18442,27.0562]]],[[[142.14039,26.67837],[142.14039,26.67837],[142.14039,26.67837],[142.14039,26.67837]]],[[[142.23275,27.07181],[142.23275,27.07181],[142.23275,27.07181],[142.23275,27.07181]]],[[[142.1726,27.0301],[142.1726,27.0301],[142.1726,27.0301],[142.1726,27.0301]]],[[[142.17474,26.65088],[142.17474,26.65088],[142.17474,26.65088],[142.17474,26.65088]]],[[[142.18943,27.05447],[142.18943,27.05447],[142.18943,27.05447],[142.18943,27.05447]]],[[[142.18535,27.04791],[142.18535,27.04791],[142.18535,27.04791],[142.18535,27.04791]]],[[[142.23084,27.06006],[142.23084,27.06006],[142.23084,27.06006],[142.23084,27.06006]]],[[[142.19559,27.03888],[142.19559,27.03888],[142.19559,27.03888],[142.19559,27.03888]]],[[[142.18135,26.61606],[142.18135,26.61606],[142.18135,26.61606],[142.18135,26.61606]]],[[[142.16184,26.7004],[142.16184,26.7004],[142.16184,26.7004],[142.16184,26.7004]]],[[[141.2848,24.78732],[141.2848,24.78732],[141.2848,24.78732],[141.2848,24.78732]]],[[[142.18689,26.65516],[142.18689,26.65516],[142.18689,26.65516],[142.18689,26.65516]]],[[[142.19476,27.0404],[142.19476,27.0404],[142.19476,27.0404],[142.19476,27.0404]]],[[[142.14476,26.67603],[142.14476,26.67603],[142.14476,26.67603],[142.14476,26.67603]]],[[[142.14686,26.69011],[142.14686,26.69011],[142.14686,26.69011],[142.14686,26.69011]]],[[[142.16859,26.65813],[142.16859,26.65813],[142.16859,26.65813],[142.16859,26.65813]]],[[[142.21791,27.04125],[142.21791,27.04125],[142.21791,27.04125],[142.21791,27.04125]]],[[[142.18773,27.06143],[142.18773,27.06143],[142.18773,27.06143],[142.18773,27.06143]]],[[[142.18475,27.07072],[142.18475,27.07072],[142.18475,27.07072],[142.18475,27.07072]]],[[[141.28596,24.78947],[141.28596,24.78947],[141.28596,24.78947],[141.28596,24.78947]]],[[[142.19666,27.03946],[142.19666,27.03946],[142.19666,27.03946],[142.19666,27.03946]]],[[[141.45417,24.23967],[141.45417,24.23967],[141.45417,24.23967],[141.45417,24.23967]]],[[[142.15777,26.68628],[142.15777,26.68628],[142.15777,26.68628],[142.15777,26.68628]]],[[[142.2244,27.09041],[142.2244,27.09041],[142.2244,27.09041],[142.2244,27.09041]]],[[[142.19096,27.04208],[142.19096,27.04208],[142.19096,27.04208],[142.19096,27.04208]]],[[[142.168,26.6317],[142.168,26.6317],[142.168,26.6317],[142.168,26.6317]]],[[[142.16535,26.67975],[142.16535,26.67975],[142.16535,26.67975],[142.16535,26.67975]]],[[[142.14724,26.69027],[142.14724,26.69027],[142.14724,26.69027],[142.14724,26.69027]]],[[[142.16503,26.6604],[142.16503,26.6604],[142.16503,26.6604],[142.16503,26.6604]]],[[[142.1967,27.03959],[142.1967,27.03959],[142.1967,27.03959],[142.1967,27.03959]]],[[[142.16796,26.65833],[142.16796,26.65833],[142.16796,26.65833],[142.16796,26.65833]]],[[[142.22851,27.11498],[142.22851,27.11498],[142.22851,27.11498],[142.22851,27.11498]]],[[[142.23567,27.08401],[142.23567,27.08401],[142.23567,27.08401],[142.23567,27.08401]]],[[[142.19624,27.03936],[142.19624,27.03936],[142.19624,27.03936],[142.19624,27.03936]]],[[[142.19173,27.07485],[142.19173,27.07485],[142.19173,27.07485],[142.19173,27.07485]]],[[[142.21654,27.10058],[142.21654,27.10058],[142.21654,27.10058],[142.21654,27.10058]]],[[[142.16526,26.6792],[142.16526,26.6792],[142.16526,26.6792],[142.16526,26.6792]]],[[[142.14144,27.67259],[142.14144,27.67259],[142.14144,27.67259],[142.14144,27.67259]]],[[[142.19162,27.07472],[142.19162,27.07472],[142.19162,27.07472],[142.19162,27.07472]]],[[[142.23116,27.06143],[142.23116,27.06143],[142.23116,27.06143],[142.23116,27.06143]]],[[[142.14758,26.69013],[142.14758,26.69013],[142.14758,26.69013],[142.14758,26.69013]]],[[[142.23179,27.06194],[142.23179,27.06194],[142.23179,27.06194],[142.23179,27.06194]]],[[[142.20745,27.04183],[142.20745,27.04183],[142.20745,27.04183],[142.20745,27.04183]]],[[[142.18895,27.06831],[142.18895,27.06831],[142.18895,27.06831],[142.18895,27.06831]]],[[[141.45313,24.24188],[141.45313,24.24188],[141.45313,24.24188],[141.45313,24.24188]]],[[[142.23491,27.09723],[142.23491,27.09723],[142.23491,27.09723],[142.23491,27.09723]]],[[[142.14071,27.67257],[142.14071,27.67257],[142.14071,27.67257],[142.14071,27.67257]]],[[[142.14916,26.66291],[142.14916,26.66291],[142.14916,26.66291],[142.14916,26.66291]]],[[[142.16514,26.67905],[142.16514,26.67905],[142.16514,26.67905],[142.16514,26.67905]]],[[[142.225,27.08826],[142.225,27.08826],[142.225,27.08826],[142.225,27.08826]]],[[[142.23089,27.05994],[142.23089,27.05994],[142.23089,27.05994],[142.23089,27.05994]]],[[[142.18178,27.09358],[142.18178,27.09358],[142.18178,27.09358],[142.18178,27.09358]]],[[[142.22257,27.09321],[142.22257,27.09321],[142.22257,27.09321],[142.22257,27.09321]]],[[[142.17107,26.65788],[142.17107,26.65788],[142.17107,26.65788],[142.17107,26.65788]]],[[[142.18248,27.08774],[142.18248,27.08774],[142.18248,27.08774],[142.18248,27.08774]]],[[[142.18975,27.04266],[142.18975,27.04266],[142.18975,27.04266],[142.18975,27.04266]]],[[[142.22984,27.03698],[142.22984,27.03698],[142.22984,27.03698],[142.22984,27.03698]]],[[[141.28528,24.78548],[141.28528,24.78548],[141.28528,24.78548],[141.28528,24.78548]]],[[[142.12686,26.7124],[142.12686,26.7124],[142.12686,26.7124],[142.12686,26.7124]]],[[[142.19369,27.04095],[142.19369,27.04095],[142.19369,27.04095],[142.19369,27.04095]]],[[[142.14904,26.66319],[142.14904,26.66319],[142.14904,26.66319],[142.14904,26.66319]]],[[[142.13394,26.685],[142.13394,26.685],[142.13394,26.685],[142.13394,26.685]]],[[[142.20281,27.09828],[142.20281,27.09828],[142.20281,27.09828],[142.20281,27.09828]]],[[[142.23734,27.05122],[142.23734,27.05122],[142.23734,27.05122],[142.23734,27.05122]]],[[[142.17505,26.59814],[142.17505,26.59814],[142.17505,26.59814],[142.17505,26.59814]]],[[[141.28739,24.80714],[141.28739,24.80714],[141.28739,24.80714],[141.28739,24.80714]]],[[[142.14091,27.67255],[142.14091,27.67255],[142.14091,27.67255],[142.14091,27.67255]]],[[[142.14932,26.69413],[142.14932,26.69413],[142.14932,26.69413],[142.14932,26.69413]]],[[[141.27182,25.42903],[141.27182,25.42903],[141.27182,25.42903],[141.27182,25.42903]]],[[[142.1923,27.10596],[142.1923,27.10596],[142.1923,27.10596],[142.1923,27.10596]]],[[[142.2313,27.06653],[142.2313,27.06653],[142.2313,27.06653],[142.2313,27.06653]]],[[[142.1259,26.70095],[142.1259,26.70095],[142.1259,26.70095],[142.1259,26.70095]]],[[[142.20015,27.10497],[142.20015,27.10497],[142.20015,27.10497],[142.20015,27.10497]]],[[[142.23748,27.05114],[142.23748,27.05114],[142.23748,27.05114],[142.23748,27.05114]]],[[[142.12949,26.69081],[142.12949,26.69081],[142.12949,26.69081],[142.12949,26.69081]]],[[[142.16675,26.68334],[142.16675,26.68334],[142.16675,26.68334],[142.16675,26.68334]]],[[[142.14102,27.67251],[142.14102,27.67251],[142.14102,27.67251],[142.14102,27.67251]]],[[[142.16285,26.66861],[142.16285,26.66861],[142.16285,26.66861],[142.16285,26.66861]]],[[[142.232,27.06442],[142.232,27.06442],[142.232,27.06442],[142.232,27.06442]]],[[[142.18178,26.61981],[142.18178,26.61981],[142.18178,26.61981],[142.18178,26.61981]]],[[[142.14675,26.68824],[142.14675,26.68824],[142.14675,26.68824],[142.14675,26.68824]]],[[[142.17203,27.04261],[142.17203,27.04261],[142.17203,27.04261],[142.17203,27.04261]]],[[[142.21684,27.04146],[142.21684,27.04146],[142.21684,27.04146],[142.21684,27.04146]]],[[[142.15361,26.69816],[142.15361,26.69816],[142.15361,26.69816],[142.15361,26.69816]]],[[[142.19249,27.04187],[142.19249,27.04187],[142.19249,27.04187],[142.19249,27.04187]]],[[[142.24251,27.09311],[142.24251,27.09311],[142.24251,27.09311],[142.24251,27.09311]]],[[[142.18194,27.08781],[142.18194,27.08781],[142.18194,27.08781],[142.18194,27.08781]]],[[[142.18497,27.08615],[142.18497,27.08615],[142.18497,27.08615],[142.18497,27.08615]]],[[[142.22345,27.12446],[142.22345,27.12446],[142.22345,27.12446],[142.22345,27.12446]]],[[[142.1411,27.67274],[142.1411,27.67274],[142.1411,27.67274],[142.1411,27.67274]]],[[[142.18748,27.08726],[142.18748,27.08726],[142.18748,27.08726],[142.18748,27.08726]]],[[[142.23822,27.04841],[142.23822,27.04841],[142.23822,27.04841],[142.23822,27.04841]]],[[[142.222,27.09451],[142.222,27.09451],[142.222,27.09451],[142.222,27.09451]]],[[[142.19712,27.03891],[142.19712,27.03891],[142.19712,27.03891],[142.19712,27.03891]]],[[[142.16747,26.65829],[142.16747,26.65829],[142.16747,26.65829],[142.16747,26.65829]]],[[[142.14971,27.67022],[142.14971,27.67022],[142.14971,27.67022],[142.14971,27.67022]]],[[[142.18219,27.12713],[142.18219,27.12713],[142.18219,27.12713],[142.18219,27.12713]]],[[[142.2061,27.07775],[142.2061,27.07775],[142.2061,27.07775],[142.2061,27.07775]]],[[[142.18718,27.0606],[142.18718,27.0606],[142.18718,27.0606],[142.18718,27.0606]]],[[[142.18688,27.06076],[142.18688,27.06076],[142.18688,27.06076],[142.18688,27.06076]]],[[[142.12992,26.69183],[142.12992,26.69183],[142.12992,26.69183],[142.12992,26.69183]]],[[[142.23158,27.0812],[142.23158,27.0812],[142.23158,27.0812],[142.23158,27.0812]]],[[[142.13,26.68878],[142.13,26.68878],[142.13,26.68878],[142.13,26.68878]]],[[[142.14358,26.6719],[142.14358,26.6719],[142.14358,26.6719],[142.14358,26.6719]]],[[[142.13005,26.70747],[142.13005,26.70747],[142.13005,26.70747],[142.13005,26.70747]]],[[[141.28498,24.78583],[141.28498,24.78583],[141.28498,24.78583],[141.28498,24.78583]]],[[[142.2317,27.06162],[142.2317,27.06162],[142.2317,27.06162],[142.2317,27.06162]]],[[[142.18764,27.05976],[142.18764,27.05976],[142.18764,27.05976],[142.18764,27.05976]]],[[[142.14404,26.6578],[142.14404,26.6578],[142.14404,26.6578],[142.14404,26.6578]]],[[[142.16592,26.65996],[142.16592,26.65996],[142.16592,26.65996],[142.16592,26.65996]]],[[[142.18339,27.16471],[142.18339,27.16471],[142.18339,27.16471],[142.18339,27.16471]]],[[[142.18418,26.6598],[142.18418,26.6598],[142.18418,26.6598],[142.18418,26.6598]]],[[[142.22965,27.08202],[142.22965,27.08202],[142.22965,27.08202],[142.22965,27.08202]]],[[[142.14581,26.69121],[142.14581,26.69121],[142.14581,26.69121],[142.14581,26.69121]]],[[[142.12138,26.71082],[142.12138,26.71082],[142.12138,26.71082],[142.12138,26.71082]]],[[[142.16705,27.11477],[142.16705,27.11477],[142.16705,27.11477],[142.16705,27.11477]]],[[[141.28581,24.78943],[141.28581,24.78943],[141.28581,24.78943],[141.28581,24.78943]]],[[[142.2487,27.09121],[142.2487,27.09121],[142.2487,27.09121],[142.2487,27.09121]]],[[[142.14967,26.69429],[142.14967,26.69429],[142.14967,26.69429],[142.14967,26.69429]]],[[[142.18461,27.1178],[142.18461,27.1178],[142.18461,27.1178],[142.18461,27.1178]]],[[[142.16422,27.11558],[142.16422,27.11558],[142.16422,27.11558],[142.16422,27.11558]]],[[[142.12266,26.71212],[142.12266,26.71212],[142.12266,26.71212],[142.12266,26.71212]]],[[[142.2049,27.11843],[142.2049,27.11843],[142.2049,27.11843],[142.2049,27.11843]]],[[[142.18308,27.09281],[142.18308,27.09281],[142.18308,27.09281],[142.18308,27.09281]]],[[[142.18536,27.14456],[142.18536,27.14456],[142.18536,27.14456],[142.18536,27.14456]]],[[[142.13882,26.69972],[142.13882,26.69972],[142.13882,26.69972],[142.13882,26.69972]]],[[[142.17456,26.64887],[142.17456,26.64887],[142.17456,26.64887],[142.17456,26.64887]]],[[[142.14622,26.65304],[142.14622,26.65304],[142.14622,26.65304],[142.14622,26.65304]]],[[[142.1892,27.0545],[142.1892,27.0545],[142.1892,27.0545],[142.1892,27.0545]]],[[[142.16745,26.65806],[142.16745,26.65806],[142.16745,26.65806],[142.16745,26.65806]]],[[[142.18388,26.65474],[142.18388,26.65474],[142.18388,26.65474],[142.18388,26.65474]]],[[[142.18125,26.6161],[142.18125,26.6161],[142.18125,26.6161],[142.18125,26.6161]]],[[[142.18404,27.07043],[142.18404,27.07043],[142.18404,27.07043],[142.18404,27.07043]]],[[[142.1633,26.67552],[142.1633,26.67552],[142.1633,26.67552],[142.1633,26.67552]]],[[[142.12686,26.71212],[142.12686,26.71212],[142.12686,26.71212],[142.12686,26.71212]]],[[[141.28756,24.80454],[141.28756,24.80454],[141.28756,24.80454],[141.28756,24.80454]]],[[[142.14038,26.67846],[142.14038,26.67846],[142.14038,26.67846],[142.14038,26.67846]]],[[[142.21869,27.04135],[142.21869,27.04135],[142.21869,27.04135],[142.21869,27.04135]]],[[[142.23142,27.07095],[142.23142,27.07095],[142.23142,27.07095],[142.23142,27.07095]]],[[[142.20186,27.0442],[142.20186,27.0442],[142.20186,27.0442],[142.20186,27.0442]]],[[[142.16914,27.04391],[142.16914,27.04391],[142.16914,27.04391],[142.16914,27.04391]]],[[[142.23702,27.04964],[142.23702,27.04964],[142.23702,27.04964],[142.23702,27.04964]]],[[[142.16742,26.65834],[142.16742,26.65834],[142.16742,26.65834],[142.16742,26.65834]]],[[[142.15888,26.68656],[142.15888,26.68656],[142.15888,26.68656],[142.15888,26.68656]]],[[[142.14562,26.65863],[142.14562,26.65863],[142.14562,26.65863],[142.14562,26.65863]]],[[[142.1704,26.65823],[142.1704,26.65823],[142.1704,26.65823],[142.1704,26.65823]]],[[[142.21895,26.56401],[142.21895,26.56401],[142.21895,26.56401],[142.21895,26.56401]]],[[[142.22695,27.11757],[142.22695,27.11757],[142.22695,27.11757],[142.22695,27.11757]]],[[[142.17211,26.65685],[142.17211,26.65685],[142.17211,26.65685],[142.17211,26.65685]]],[[[142.19377,27.04091],[142.19377,27.04091],[142.19377,27.04091],[142.19377,27.04091]]],[[[142.12527,26.70368],[142.12527,26.70368],[142.12527,26.70368],[142.12527,26.70368]]],[[[142.12719,26.70096],[142.12719,26.70096],[142.12719,26.70096],[142.12719,26.70096]]],[[[142.12833,26.69694],[142.12833,26.69694],[142.12833,26.69694],[142.12833,26.69694]]],[[[142.15556,26.69872],[142.15556,26.69872],[142.15556,26.69872],[142.15556,26.69872]]],[[[142.18135,27.09231],[142.18135,27.09231],[142.18135,27.09231],[142.18135,27.09231]]],[[[142.23073,27.08064],[142.23073,27.08064],[142.23073,27.08064],[142.23073,27.08064]]],[[[142.18786,27.04446],[142.18786,27.04446],[142.18786,27.04446],[142.18786,27.04446]]],[[[142.12316,26.70535],[142.12316,26.70535],[142.12316,26.70535],[142.12316,26.70535]]],[[[142.1885,27.04922],[142.1885,27.04922],[142.1885,27.04922],[142.1885,27.04922]]],[[[142.18514,27.0484],[142.18514,27.0484],[142.18514,27.0484],[142.18514,27.0484]]],[[[142.23577,27.09677],[142.23577,27.09677],[142.23577,27.09677],[142.23577,27.09677]]],[[[142.23049,27.05952],[142.23049,27.05952],[142.23049,27.05952],[142.23049,27.05952]]],[[[142.23483,27.09736],[142.23483,27.09736],[142.23483,27.09736],[142.23483,27.09736]]],[[[142.16223,26.66744],[142.16223,26.66744],[142.16223,26.66744],[142.16223,26.66744]]],[[[142.16508,26.67897],[142.16508,26.67897],[142.16508,26.67897],[142.16508,26.67897]]],[[[142.18246,27.09217],[142.18246,27.09217],[142.18246,27.09217],[142.18246,27.09217]]],[[[142.16533,26.67955],[142.16533,26.67955],[142.16533,26.67955],[142.16533,26.67955]]],[[[142.20542,27.08543],[142.20542,27.08543],[142.20542,27.08543],[142.20542,27.08543]]],[[[142.13881,26.70709],[142.13881,26.70709],[142.13881,26.70709],[142.13881,26.70709]]],[[[142.14283,26.7083],[142.14283,26.7083],[142.14283,26.7083],[142.14283,26.7083]]],[[[142.19413,27.04034],[142.19413,27.04034],[142.19413,27.04034],[142.19413,27.04034]]],[[[142.24901,27.09129],[142.24901,27.09129],[142.24901,27.09129],[142.24901,27.09129]]],[[[142.17442,26.65359],[142.17442,26.65359],[142.17442,26.65359],[142.17442,26.65359]]],[[[141.34138,24.80405],[141.34138,24.80405],[141.34138,24.80405],[141.34138,24.80405]]],[[[142.19155,27.04174],[142.19155,27.04174],[142.19155,27.04174],[142.19155,27.04174]]],[[[142.17221,26.64363],[142.17221,26.64363],[142.17221,26.64363],[142.17221,26.64363]]],[[[142.22528,27.05377],[142.22528,27.05377],[142.22528,27.05377],[142.22528,27.05377]]],[[[142.15288,26.64157],[142.15288,26.64157],[142.15288,26.64157],[142.15288,26.64157]]],[[[142.204,27.08474],[142.204,27.08474],[142.204,27.08474],[142.204,27.08474]]],[[[142.18145,27.09528],[142.18145,27.09528],[142.18145,27.09528],[142.18145,27.09528]]],[[[142.18058,26.62603],[142.18058,26.62603],[142.18058,26.62603],[142.18058,26.62603]]],[[[142.18548,27.09087],[142.18548,27.09087],[142.18548,27.09087],[142.18548,27.09087]]],[[[142.23396,27.07242],[142.23396,27.07242],[142.23396,27.07242],[142.23396,27.07242]]],[[[142.23107,27.05937],[142.23107,27.05937],[142.23107,27.05937],[142.23107,27.05937]]],[[[142.23282,27.11456],[142.23282,27.11456],[142.23282,27.11456],[142.23282,27.11456]]],[[[142.12818,26.69748],[142.12818,26.69748],[142.12818,26.69748],[142.12818,26.69748]]],[[[142.21884,27.10115],[142.21884,27.10115],[142.21884,27.10115],[142.21884,27.10115]]],[[[142.14915,26.64911],[142.14915,26.64911],[142.14915,26.64911],[142.14915,26.64911]]],[[[142.16677,26.68231],[142.16677,26.68231],[142.16677,26.68231],[142.16677,26.68231]]],[[[142.21529,27.10038],[142.21529,27.10038],[142.21529,27.10038],[142.21529,27.10038]]],[[[142.1877,27.05947],[142.1877,27.05947],[142.1877,27.05947],[142.1877,27.05947]]],[[[142.18114,27.09653],[142.18114,27.09653],[142.18114,27.09653],[142.18114,27.09653]]],[[[142.19107,27.0423],[142.19107,27.0423],[142.19107,27.0423],[142.19107,27.0423]]],[[[142.18604,27.14444],[142.18604,27.14444],[142.18604,27.14444],[142.18604,27.14444]]],[[[142.13051,26.68938],[142.13051,26.68938],[142.13051,26.68938],[142.13051,26.68938]]],[[[142.12377,26.70318],[142.12377,26.70318],[142.12377,26.70318],[142.12377,26.70318]]],[[[142.14867,26.65093],[142.14867,26.65093],[142.14867,26.65093],[142.14867,26.65093]]],[[[142.19313,27.04068],[142.19313,27.04068],[142.19313,27.04068],[142.19313,27.04068]]],[[[142.13166,26.70622],[142.13166,26.70622],[142.13166,26.70622],[142.13166,26.70622]]],[[[142.21155,27.03855],[142.21155,27.03855],[142.21155,27.03855],[142.21155,27.03855]]],[[[142.16542,26.67986],[142.16542,26.67986],[142.16542,26.67986],[142.16542,26.67986]]],[[[142.2071,27.04246],[142.2071,27.04246],[142.2071,27.04246],[142.2071,27.04246]]],[[[142.20319,27.04351],[142.20319,27.04351],[142.20319,27.04351],[142.20319,27.04351]]],[[[142.2315,27.06547],[142.2315,27.06547],[142.2315,27.06547],[142.2315,27.06547]]],[[[142.18551,27.10475],[142.18551,27.10475],[142.18551,27.10475],[142.18551,27.10475]]],[[[142.18008,26.65607],[142.18008,26.65607],[142.18008,26.65607],[142.18008,26.65607]]],[[[142.15023,26.69397],[142.15023,26.69397],[142.15023,26.69397],[142.15023,26.69397]]],[[[141.28908,25.44744],[141.28908,25.44744],[141.28908,25.44744],[141.28908,25.44744]]],[[[142.22452,27.08993],[142.22452,27.08993],[142.22452,27.08993],[142.22452,27.08993]]],[[[142.18239,26.62212],[142.18239,26.62212],[142.18239,26.62212],[142.18239,26.62212]]],[[[142.1434,26.67224],[142.1434,26.67224],[142.1434,26.67224],[142.1434,26.67224]]],[[[142.22954,27.08163],[142.22954,27.08163],[142.22954,27.08163],[142.22954,27.08163]]],[[[142.23549,27.08487],[142.23549,27.08487],[142.23549,27.08487],[142.23549,27.08487]]],[[[142.12927,26.69448],[142.12927,26.69448],[142.12927,26.69448],[142.12927,26.69448]]],[[[142.15364,26.6979],[142.15364,26.6979],[142.15364,26.6979],[142.15364,26.6979]]],[[[142.18195,27.07238],[142.18195,27.07238],[142.18195,27.07238],[142.18195,27.07238]]],[[[142.2319,27.08095],[142.2319,27.08095],[142.2319,27.08095],[142.2319,27.08095]]],[[[142.23424,27.07567],[142.23424,27.07567],[142.23424,27.07567],[142.23424,27.07567]]],[[[142.1862,26.65966],[142.1862,26.65966],[142.1862,26.65966],[142.1862,26.65966]]],[[[142.2337,27.07835],[142.2337,27.07835],[142.2337,27.07835],[142.2337,27.07835]]],[[[142.18786,27.05901],[142.18786,27.05901],[142.18786,27.05901],[142.18786,27.05901]]],[[[142.18426,27.05632],[142.18426,27.05632],[142.18426,27.05632],[142.18426,27.05632]]],[[[142.17579,26.62011],[142.17579,26.62011],[142.17579,26.62011],[142.17579,26.62011]]],[[[142.12534,26.70317],[142.12534,26.70317],[142.12534,26.70317],[142.12534,26.70317]]],[[[142.17105,27.04242],[142.17105,27.04242],[142.17105,27.04242],[142.17105,27.04242]]],[[[142.12265,26.71113],[142.12265,26.71113],[142.12265,26.71113],[142.12265,26.71113]]],[[[142.20306,27.08591],[142.20306,27.08591],[142.20306,27.08591],[142.20306,27.08591]]],[[[141.28554,24.78901],[141.28554,24.78901],[141.28554,24.78901],[141.28554,24.78901]]],[[[142.17176,26.64294],[142.17176,26.64294],[142.17176,26.64294],[142.17176,26.64294]]],[[[142.13397,26.70118],[142.13397,26.70118],[142.13397,26.70118],[142.13397,26.70118]]],[[[142.13617,26.68348],[142.13617,26.68348],[142.13617,26.68348],[142.13617,26.68348]]],[[[142.1523,26.64296],[142.1523,26.64296],[142.1523,26.64296],[142.1523,26.64296]]],[[[142.1623,26.66664],[142.1623,26.66664],[142.1623,26.66664],[142.1623,26.66664]]],[[[142.16499,27.11871],[142.16499,27.11871],[142.16499,27.11871],[142.16499,27.11871]]],[[[142.19297,27.04141],[142.19297,27.04141],[142.19297,27.04141],[142.19297,27.04141]]],[[[141.28647,24.80674],[141.28647,24.80674],[141.28647,24.80674],[141.28647,24.80674]]],[[[142.24828,27.09356],[142.24828,27.09356],[142.24828,27.09356],[142.24828,27.09356]]],[[[142.18214,26.62333],[142.18214,26.62333],[142.18214,26.62333],[142.18214,26.62333]]],[[[142.17148,26.65747],[142.17148,26.65747],[142.17148,26.65747],[142.17148,26.65747]]],[[[142.21694,27.04103],[142.21694,27.04103],[142.21694,27.04103],[142.21694,27.04103]]],[[[142.18469,27.08739],[142.18469,27.08739],[142.18469,27.08739],[142.18469,27.08739]]],[[[142.19352,27.03989],[142.19352,27.03989],[142.19352,27.03989],[142.19352,27.03989]]],[[[142.1824,26.612],[142.1824,26.612],[142.1824,26.612],[142.1824,26.612]]],[[[142.14413,26.67528],[142.14413,26.67528],[142.14413,26.67528],[142.14413,26.67528]]],[[[142.17659,26.60079],[142.17659,26.60079],[142.17659,26.60079],[142.17659,26.60079]]],[[[142.18799,27.04455],[142.18799,27.04455],[142.18799,27.04455],[142.18799,27.04455]]],[[[142.14419,26.67117],[142.14419,26.67117],[142.14419,26.67117],[142.14419,26.67117]]],[[[142.14394,26.6714],[142.14394,26.6714],[142.14394,26.6714],[142.14394,26.6714]]],[[[142.13915,26.6798],[142.13915,26.6798],[142.13915,26.6798],[142.13915,26.6798]]],[[[142.18163,27.07255],[142.18163,27.07255],[142.18163,27.07255],[142.18163,27.07255]]],[[[142.19059,27.04279],[142.19059,27.04279],[142.19059,27.04279],[142.19059,27.04279]]],[[[142.20192,27.08673],[142.20192,27.08673],[142.20192,27.08673],[142.20192,27.08673]]],[[[142.22743,27.11919],[142.22743,27.11919],[142.22743,27.11919],[142.22743,27.11919]]],[[[142.22676,27.11679],[142.22676,27.11679],[142.22676,27.11679],[142.22676,27.11679]]],[[[142.15577,26.69879],[142.15577,26.69879],[142.15577,26.69879],[142.15577,26.69879]]],[[[142.19112,27.04224],[142.19112,27.04224],[142.19112,27.04224],[142.19112,27.04224]]],[[[142.19388,27.04138],[142.19388,27.04138],[142.19388,27.04138],[142.19388,27.04138]]],[[[142.12274,26.70562],[142.12274,26.70562],[142.12274,26.70562],[142.12274,26.70562]]],[[[142.23592,27.08365],[142.23592,27.08365],[142.23592,27.08365],[142.23592,27.08365]]],[[[142.21682,27.0412],[142.21682,27.0412],[142.21682,27.0412],[142.21682,27.0412]]],[[[142.21783,27.04102],[142.21783,27.04102],[142.21783,27.04102],[142.21783,27.04102]]],[[[142.22139,27.09544],[142.22139,27.09544],[142.22139,27.09544],[142.22139,27.09544]]],[[[142.21961,27.09699],[142.21961,27.09699],[142.21961,27.09699],[142.21961,27.09699]]],[[[142.18428,27.04857],[142.18428,27.04857],[142.18428,27.04857],[142.18428,27.04857]]],[[[142.24118,27.04712],[142.24118,27.04712],[142.24118,27.04712],[142.24118,27.04712]]],[[[142.18185,26.61974],[142.18185,26.61974],[142.18185,26.61974],[142.18185,26.61974]]],[[[142.23511,27.083],[142.23511,27.083],[142.23511,27.083],[142.23511,27.083]]],[[[142.1716,27.11965],[142.1716,27.11965],[142.1716,27.11965],[142.1716,27.11965]]],[[[142.13461,26.69945],[142.13461,26.69945],[142.13461,26.69945],[142.13461,26.69945]]],[[[142.12127,26.71168],[142.12127,26.71168],[142.12127,26.71168],[142.12127,26.71168]]],[[[142.17276,26.63641],[142.17276,26.63641],[142.17276,26.63641],[142.17276,26.63641]]],[[[142.16606,26.68],[142.16606,26.68],[142.16606,26.68],[142.16606,26.68]]],[[[142.14628,26.65291],[142.14628,26.65291],[142.14628,26.65291],[142.14628,26.65291]]],[[[142.17287,26.63666],[142.17287,26.63666],[142.17287,26.63666],[142.17287,26.63666]]],[[[142.19085,27.04256],[142.19085,27.04256],[142.19085,27.04256],[142.19085,27.04256]]],[[[142.12352,26.70534],[142.12352,26.70534],[142.12352,26.70534],[142.12352,26.70534]]],[[[142.12855,26.71045],[142.12855,26.71045],[142.12855,26.71045],[142.12855,26.71045]]],[[[142.153,26.64149],[142.153,26.64149],[142.153,26.64149],[142.153,26.64149]]],[[[142.181,27.0999],[142.181,27.0999],[142.181,27.0999],[142.181,27.0999]]],[[[142.16327,26.66571],[142.16327,26.66571],[142.16327,26.66571],[142.16327,26.66571]]],[[[142.17719,26.60008],[142.17719,26.60008],[142.17719,26.60008],[142.17719,26.60008]]],[[[142.1484,26.65158],[142.1484,26.65158],[142.1484,26.65158],[142.1484,26.65158]]],[[[142.24054,27.04734],[142.24055,27.04735],[142.24054,27.04734],[142.24054,27.04734]]],[[[142.1777,26.65464],[142.1777,26.65464],[142.1777,26.65464],[142.1777,26.65464]]],[[[142.12254,26.70933],[142.12254,26.70933],[142.12254,26.70933],[142.12254,26.70933]]],[[[141.34089,24.80487],[141.34089,24.80487],[141.34089,24.80487],[141.34089,24.80487]]],[[[142.18601,27.04844],[142.18601,27.04844],[142.18601,27.04844],[142.18601,27.04844]]],[[[142.18503,27.09097],[142.18503,27.09097],[142.18503,27.09097],[142.18503,27.09097]]],[[[142.24125,27.04779],[142.24125,27.04779],[142.24125,27.04779],[142.24125,27.04779]]],[[[142.19339,27.04065],[142.19339,27.04065],[142.19339,27.04065],[142.19339,27.04065]]],[[[142.22665,27.11076],[142.22665,27.11076],[142.22665,27.11076],[142.22665,27.11076]]],[[[142.14193,26.67782],[142.14193,26.67782],[142.14193,26.67782],[142.14193,26.67782]]],[[[142.1619,27.11529],[142.1619,27.11529],[142.1619,27.11529],[142.1619,27.11529]]],[[[142.22487,27.08904],[142.22487,27.08904],[142.22487,27.08904],[142.22487,27.08904]]],[[[142.22944,27.05587],[142.22944,27.05587],[142.22944,27.05587],[142.22944,27.05587]]],[[[142.18252,27.0706],[142.18252,27.0706],[142.18252,27.0706],[142.18252,27.0706]]],[[[142.18591,27.1183],[142.18591,27.1183],[142.18591,27.1183],[142.18591,27.1183]]],[[[142.19708,27.0449],[142.19708,27.0449],[142.19708,27.0449],[142.19708,27.0449]]],[[[141.28746,24.80727],[141.28746,24.80727],[141.28746,24.80727],[141.28746,24.80727]]],[[[142.17554,26.65471],[142.17554,26.65471],[142.17554,26.65471],[142.17554,26.65471]]],[[[142.17094,27.04505],[142.17094,27.04505],[142.17094,27.04505],[142.17094,27.04505]]],[[[141.4691,24.24273],[141.4691,24.24273],[141.4691,24.24273],[141.4691,24.24273]]],[[[142.2433,27.09247],[142.2433,27.09247],[142.2433,27.09247],[142.2433,27.09247]]],[[[142.12284,26.71131],[142.12284,26.71131],[142.12284,26.71131],[142.12284,26.71131]]],[[[142.19365,27.03978],[142.19365,27.03978],[142.19365,27.03978],[142.19365,27.03978]]],[[[142.24216,27.09345],[142.24216,27.09345],[142.24216,27.09345],[142.24216,27.09345]]],[[[142.23627,27.08344],[142.23627,27.08344],[142.23627,27.08344],[142.23627,27.08344]]],[[[142.19594,27.0387],[142.19594,27.0387],[142.19594,27.0387],[142.19594,27.0387]]],[[[142.13043,26.69061],[142.13043,26.69061],[142.13043,26.69061],[142.13043,26.69061]]],[[[142.12269,26.70683],[142.12269,26.70683],[142.12269,26.70683],[142.12269,26.70683]]],[[[142.24107,27.04722],[142.24107,27.04722],[142.24107,27.04722],[142.24107,27.04722]]],[[[142.18854,27.11607],[142.18854,27.11607],[142.18854,27.11607],[142.18854,27.11607]]],[[[142.1971,27.03827],[142.1971,27.03827],[142.1971,27.03827],[142.1971,27.03827]]],[[[142.19331,27.04052],[142.19331,27.04052],[142.19331,27.04052],[142.19331,27.04052]]],[[[141.28545,24.74485],[141.28545,24.74485],[141.28545,24.74485],[141.28545,24.74485]]],[[[142.17261,26.65638],[142.17261,26.65638],[142.17261,26.65638],[142.17261,26.65638]]],[[[142.17273,27.11637],[142.17273,27.11637],[142.17273,27.11637],[142.17273,27.11637]]],[[[142.18692,27.11611],[142.18692,27.11611],[142.18692,27.11611],[142.18692,27.11611]]],[[[142.1264,26.701],[142.1264,26.701],[142.1264,26.701],[142.1264,26.701]]],[[[142.17566,26.6128],[142.17566,26.6128],[142.17566,26.6128],[142.17566,26.6128]]],[[[142.15635,26.70788],[142.15635,26.70788],[142.15635,26.70788],[142.15635,26.70788]]],[[[142.20226,27.0442],[142.20226,27.0442],[142.20226,27.0442],[142.20226,27.0442]]],[[[142.19005,27.04307],[142.19005,27.04307],[142.19005,27.04307],[142.19005,27.04307]]],[[[142.20523,27.07641],[142.20523,27.07641],[142.20523,27.07641],[142.20523,27.07641]]],[[[142.17458,26.64907],[142.17458,26.64907],[142.17458,26.64907],[142.17458,26.64907]]],[[[142.1724,27.11624],[142.1724,27.11624],[142.1724,27.11624],[142.1724,27.11624]]],[[[142.23118,27.06193],[142.23118,27.06193],[142.23118,27.06193],[142.23118,27.06193]]],[[[142.165,26.66027],[142.165,26.66027],[142.165,26.66027],[142.165,26.66027]]],[[[142.17406,26.65223],[142.17406,26.65223],[142.17406,26.65223],[142.17406,26.65223]]],[[[142.22214,27.09369],[142.22214,27.09369],[142.22214,27.09369],[142.22214,27.09369]]],[[[142.23353,27.07745],[142.23353,27.07745],[142.23353,27.07745],[142.23353,27.07745]]],[[[142.14117,27.67266],[142.14117,27.67266],[142.14117,27.67266],[142.14117,27.67266]]],[[[142.17967,27.04525],[142.17967,27.04525],[142.17967,27.04525],[142.17967,27.04525]]],[[[142.18576,27.17843],[142.18576,27.17843],[142.18576,27.17843],[142.18576,27.17843]]],[[[142.131,26.68689],[142.131,26.68689],[142.131,26.68689],[142.131,26.68689]]],[[[142.22988,27.03744],[142.22988,27.03744],[142.22988,27.03744],[142.22988,27.03744]]],[[[142.22543,27.04799],[142.22543,27.04799],[142.22543,27.04799],[142.22543,27.04799]]],[[[142.12656,26.7017],[142.12656,26.7017],[142.12656,26.7017],[142.12656,26.7017]]],[[[142.17269,27.11646],[142.17269,27.11646],[142.17269,27.11646],[142.17269,27.11646]]],[[[142.17276,26.63654],[142.17276,26.63654],[142.17276,26.63654],[142.17276,26.63654]]],[[[142.22955,27.11485],[142.22955,27.11485],[142.22955,27.11485],[142.22955,27.11485]]],[[[142.2342,27.05622],[142.2342,27.05622],[142.2342,27.05622],[142.2342,27.05622]]],[[[142.15405,26.69849],[142.15405,26.69849],[142.15405,26.69849],[142.15405,26.69849]]],[[[142.22399,27.09075],[142.22399,27.09075],[142.22399,27.09075],[142.22399,27.09075]]],[[[142.17106,26.65779],[142.17106,26.65779],[142.17106,26.65779],[142.17106,26.65779]]],[[[142.21887,27.04132],[142.21887,27.04132],[142.21887,27.04132],[142.21887,27.04132]]],[[[142.22778,27.11558],[142.22778,27.11558],[142.22778,27.11558],[142.22778,27.11558]]],[[[142.23215,27.06222],[142.23215,27.06222],[142.23215,27.06222],[142.23215,27.06222]]],[[[142.12973,26.69263],[142.12973,26.69263],[142.12973,26.69263],[142.12973,26.69263]]],[[[142.23035,27.05361],[142.23035,27.05361],[142.23035,27.05361],[142.23035,27.05361]]],[[[142.22021,27.10062],[142.22021,27.10062],[142.22021,27.10062],[142.22021,27.10062]]],[[[142.22979,27.11542],[142.22979,27.11542],[142.22979,27.11542],[142.22979,27.11542]]],[[[142.18468,27.09189],[142.18468,27.09189],[142.18468,27.09189],[142.18468,27.09189]]],[[[142.19347,27.041],[142.19347,27.041],[142.19347,27.041],[142.19347,27.041]]],[[[142.22503,27.04221],[142.22503,27.04221],[142.22503,27.04221],[142.22503,27.04221]]],[[[142.19014,27.06766],[142.19014,27.06766],[142.19014,27.06766],[142.19014,27.06766]]],[[[142.23658,27.05028],[142.23658,27.05028],[142.23658,27.05028],[142.23658,27.05028]]],[[[142.23278,27.0761],[142.23278,27.0761],[142.23278,27.0761],[142.23278,27.0761]]],[[[142.16519,26.66021],[142.16519,26.66021],[142.16519,26.66021],[142.16519,26.66021]]],[[[142.21674,27.0413],[142.21674,27.0413],[142.21674,27.0413],[142.21674,27.0413]]],[[[142.16395,26.62975],[142.16395,26.62975],[142.16395,26.62975],[142.16395,26.62975]]],[[[142.19356,27.0409],[142.19356,27.0409],[142.19356,27.0409],[142.19356,27.0409]]],[[[142.18038,26.62933],[142.18038,26.62933],[142.18038,26.62933],[142.18038,26.62933]]],[[[142.232,27.11448],[142.232,27.11448],[142.232,27.11448],[142.232,27.11448]]],[[[142.23086,27.06083],[142.23086,27.06083],[142.23086,27.06083],[142.23086,27.06083]]],[[[142.24794,27.09078],[142.24794,27.09078],[142.24794,27.09078],[142.24794,27.09078]]],[[[141.28543,24.8047],[141.28543,24.8047],[141.28543,24.8047],[141.28543,24.8047]]],[[[142.23619,27.08865],[142.23619,27.08865],[142.23619,27.08865],[142.23619,27.08865]]],[[[142.22903,27.115],[142.22903,27.115],[142.22903,27.115],[142.22903,27.115]]],[[[142.24484,27.09184],[142.24484,27.09184],[142.24484,27.09184],[142.24484,27.09184]]],[[[142.21789,27.04072],[142.21789,27.04072],[142.21789,27.04072],[142.21789,27.04072]]],[[[142.18226,27.10189],[142.18226,27.10189],[142.18226,27.10189],[142.18226,27.10189]]],[[[142.18779,27.10548],[142.18779,27.10548],[142.18779,27.10548],[142.18779,27.10548]]],[[[142.14716,26.68699],[142.14716,26.68699],[142.14716,26.68699],[142.14716,26.68699]]],[[[142.1834,27.09253],[142.1834,27.09253],[142.1834,27.09253],[142.1834,27.09253]]],[[[142.13888,26.69974],[142.13888,26.69974],[142.13888,26.69974],[142.13888,26.69974]]],[[[142.13087,26.68861],[142.13087,26.68861],[142.13087,26.68861],[142.13087,26.68861]]],[[[141.28544,24.80454],[141.28544,24.80454],[141.28544,24.80454],[141.28544,24.80454]]],[[[142.18274,27.0708],[142.18274,27.0708],[142.18274,27.0708],[142.18274,27.0708]]],[[[142.23143,27.10955],[142.23143,27.10955],[142.23143,27.10955],[142.23143,27.10955]]],[[[142.23537,27.0966],[142.23537,27.0966],[142.23537,27.0966],[142.23537,27.0966]]],[[[142.13006,26.69194],[142.13006,26.69194],[142.13006,26.69194],[142.13006,26.69194]]],[[[142.17818,26.6041],[142.17818,26.6041],[142.17818,26.6041],[142.17818,26.6041]]],[[[142.18452,27.1179],[142.18452,27.1179],[142.18452,27.1179],[142.18452,27.1179]]],[[[142.16762,26.65858],[142.16762,26.65858],[142.16762,26.65858],[142.16762,26.65858]]],[[[142.18675,27.08731],[142.18675,27.08731],[142.18675,27.08731],[142.18675,27.08731]]],[[[142.16434,26.68724],[142.16434,26.68724],[142.16434,26.68724],[142.16434,26.68724]]],[[[142.23597,27.08426],[142.23597,27.08426],[142.23597,27.08426],[142.23597,27.08426]]],[[[141.46217,24.24548],[141.46217,24.24548],[141.46217,24.24548],[141.46217,24.24548]]],[[[142.19942,27.04554],[142.19942,27.04554],[142.19942,27.04554],[142.19942,27.04554]]],[[[142.22984,27.11533],[142.22984,27.11533],[142.22984,27.11533],[142.22984,27.11533]]],[[[142.14162,26.70382],[142.14162,26.70382],[142.14162,26.70382],[142.14162,26.70382]]],[[[142.13831,26.67909],[142.13831,26.67909],[142.13831,26.67909],[142.13831,26.67909]]],[[[142.12519,26.70365],[142.12519,26.70365],[142.12519,26.70365],[142.12519,26.70365]]],[[[141.45376,24.23746],[141.45376,24.23746],[141.45376,24.23746],[141.45376,24.23746]]],[[[142.23321,27.07673],[142.23321,27.07673],[142.23321,27.07673],[142.23321,27.07673]]],[[[142.21746,27.04121],[142.21746,27.04121],[142.21746,27.04121],[142.21746,27.04121]]],[[[142.15217,26.64339],[142.15217,26.64339],[142.15217,26.64339],[142.15217,26.64339]]],[[[142.23511,27.11046],[142.23511,27.11046],[142.23511,27.11046],[142.23511,27.11046]]],[[[142.18155,27.0725],[142.18155,27.0725],[142.18155,27.0725],[142.18155,27.0725]]],[[[142.23587,27.0495],[142.23587,27.0495],[142.23587,27.0495],[142.23587,27.0495]]],[[[142.15178,26.69698],[142.15178,26.69698],[142.15178,26.69698],[142.15178,26.69698]]],[[[142.20777,27.04053],[142.20777,27.04053],[142.20777,27.04053],[142.20777,27.04053]]],[[[142.23389,27.07569],[142.23389,27.07569],[142.23389,27.07569],[142.23389,27.07569]]],[[[142.23121,27.06843],[142.23121,27.06843],[142.23121,27.06843],[142.23121,27.06843]]],[[[142.165,27.1186],[142.165,27.1186],[142.165,27.1186],[142.165,27.1186]]],[[[142.20307,27.10553],[142.20307,27.10553],[142.20307,27.10553],[142.20307,27.10553]]],[[[142.18933,27.06789],[142.18933,27.06789],[142.18933,27.06789],[142.18933,27.06789]]],[[[142.18813,27.04403],[142.18813,27.04403],[142.18813,27.04403],[142.18813,27.04403]]],[[[142.18163,27.07255],[142.18163,27.07255],[142.18163,27.07255],[142.18163,27.07255]]],[[[142.22786,27.11567],[142.22786,27.11567],[142.22786,27.11567],[142.22786,27.11567]]],[[[142.1852,27.10448],[142.1852,27.10448],[142.1852,27.10448],[142.1852,27.10448]]],[[[142.1895,27.10469],[142.1895,27.10469],[142.1895,27.10469],[142.1895,27.10469]]],[[[142.23246,27.06243],[142.23246,27.06243],[142.23246,27.06243],[142.23246,27.06243]]],[[[142.21878,27.0376],[142.21878,27.0376],[142.21878,27.0376],[142.21878,27.0376]]],[[[142.24599,27.09019],[142.24599,27.09019],[142.24599,27.09019],[142.24599,27.09019]]],[[[142.23307,27.07621],[142.23307,27.07621],[142.23307,27.07621],[142.23307,27.07621]]],[[[142.17247,26.64116],[142.17247,26.64116],[142.17247,26.64116],[142.17247,26.64116]]],[[[142.23813,27.04834],[142.23813,27.04834],[142.23813,27.04834],[142.23813,27.04834]]],[[[142.2323,27.07046],[142.2323,27.07046],[142.2323,27.07046],[142.2323,27.07046]]],[[[142.21771,27.04119],[142.21771,27.04119],[142.21771,27.04119],[142.21771,27.04119]]],[[[142.22967,27.08162],[142.22967,27.08162],[142.22967,27.08162],[142.22967,27.08162]]],[[[142.13406,26.70096],[142.13406,26.70096],[142.13406,26.70096],[142.13406,26.70096]]],[[[142.15242,26.63749],[142.15242,26.63749],[142.15242,26.63749],[142.15242,26.63749]]],[[[142.12953,26.69163],[142.12953,26.69163],[142.12953,26.69163],[142.12953,26.69163]]],[[[142.19744,27.04455],[142.19744,27.04455],[142.19744,27.04455],[142.19744,27.04455]]],[[[142.12965,26.69063],[142.12965,26.69063],[142.12965,26.69063],[142.12965,26.69063]]],[[[142.1595,26.68694],[142.1595,26.68694],[142.1595,26.68694],[142.1595,26.68694]]],[[[142.2434,27.0923],[142.2434,27.0923],[142.2434,27.0923],[142.2434,27.0923]]],[[[142.12271,26.71126],[142.12271,26.71126],[142.12271,26.71126],[142.12271,26.71126]]],[[[142.23265,27.07417],[142.23265,27.07417],[142.23265,27.07417],[142.23265,27.07417]]],[[[142.12277,26.71409],[142.12277,26.71409],[142.12277,26.71409],[142.12277,26.71409]]],[[[142.20855,26.56572],[142.20855,26.56572],[142.20855,26.56572],[142.20855,26.56572]]],[[[142.15648,26.63018],[142.15648,26.63018],[142.15648,26.63018],[142.15648,26.63018]]],[[[142.23193,27.06158],[142.23193,27.06158],[142.23193,27.06158],[142.23193,27.06158]]],[[[142.18135,26.61613],[142.18135,26.61613],[142.18135,26.61613],[142.18135,26.61613]]],[[[142.17298,26.63673],[142.17298,26.63673],[142.17298,26.63673],[142.17298,26.63673]]],[[[142.22737,27.11846],[142.22737,27.11846],[142.22737,27.11846],[142.22737,27.11846]]],[[[142.1885,26.65657],[142.1885,26.65657],[142.1885,26.65657],[142.1885,26.65657]]],[[[142.12507,26.70357],[142.12507,26.70357],[142.12507,26.70357],[142.12507,26.70357]]],[[[141.28421,24.75059],[141.28421,24.75059],[141.28421,24.75059],[141.28421,24.75059]]],[[[142.17555,26.60215],[142.17555,26.60215],[142.17555,26.60215],[142.17555,26.60215]]],[[[142.13315,26.68612],[142.13315,26.68612],[142.13315,26.68612],[142.13315,26.68612]]],[[[142.17425,26.61624],[142.17425,26.61624],[142.17425,26.61624],[142.17425,26.61624]]],[[[142.19367,27.07586],[142.19367,27.07586],[142.19367,27.07586],[142.19367,27.07586]]],[[[142.13286,26.68597],[142.13286,26.68597],[142.13286,26.68597],[142.13286,26.68597]]],[[[142.20674,27.08019],[142.20674,27.08019],[142.20674,27.08019],[142.20674,27.08019]]],[[[142.19463,27.04115],[142.19463,27.04115],[142.19463,27.04115],[142.19463,27.04115]]],[[[141.47155,24.24193],[141.47155,24.24193],[141.47155,24.24193],[141.47155,24.24193]]],[[[142.18247,27.10231],[142.18247,27.10231],[142.18247,27.10231],[142.18247,27.10231]]],[[[142.21658,27.04115],[142.21658,27.04115],[142.21658,27.04115],[142.21658,27.04115]]],[[[142.1928,27.04077],[142.1928,27.04077],[142.1928,27.04077],[142.1928,27.04077]]],[[[142.21779,27.10161],[142.21779,27.10161],[142.21779,27.10161],[142.21779,27.10161]]],[[[142.187,26.65512],[142.187,26.65512],[142.187,26.65512],[142.187,26.65512]]],[[[142.21788,27.1015],[142.21788,27.1015],[142.21788,27.1015],[142.21788,27.1015]]],[[[142.22813,27.08204],[142.22813,27.08204],[142.22813,27.08204],[142.22813,27.08204]]],[[[142.23565,27.08214],[142.23565,27.08214],[142.23565,27.08214],[142.23565,27.08214]]],[[[142.22487,27.04234],[142.22487,27.04234],[142.22487,27.04234],[142.22487,27.04234]]],[[[142.18315,27.09234],[142.18315,27.09234],[142.18315,27.09234],[142.18315,27.09234]]],[[[142.13169,26.68832],[142.13169,26.68832],[142.13169,26.68832],[142.13169,26.68832]]],[[[142.14328,26.67177],[142.14328,26.67177],[142.14328,26.67177],[142.14328,26.67177]]],[[[142.14306,26.66612],[142.14306,26.66612],[142.14306,26.66612],[142.14306,26.66612]]],[[[142.23127,27.06909],[142.23127,27.06909],[142.23127,27.06909],[142.23127,27.06909]]],[[[142.23812,27.0485],[142.23812,27.0485],[142.23812,27.0485],[142.23812,27.0485]]],[[[142.2362,27.08466],[142.2362,27.08466],[142.2362,27.08466],[142.2362,27.08466]]],[[[142.21788,27.04084],[142.21788,27.04084],[142.21788,27.04084],[142.21788,27.04084]]],[[[142.17249,27.11639],[142.17249,27.11639],[142.17249,27.11639],[142.17249,27.11639]]],[[[142.18208,27.07451],[142.18208,27.07451],[142.18208,27.07451],[142.18208,27.07451]]],[[[142.2333,27.07694],[142.2333,27.07694],[142.2333,27.07694],[142.2333,27.07694]]],[[[142.20559,27.07779],[142.20559,27.07779],[142.20559,27.07779],[142.20559,27.07779]]],[[[142.20379,27.11903],[142.20379,27.11903],[142.20379,27.11903],[142.20379,27.11903]]],[[[141.28869,25.4467],[141.28869,25.4467],[141.28869,25.4467],[141.28869,25.4467]]],[[[141.28562,24.78988],[141.28562,24.78988],[141.28562,24.78988],[141.28562,24.78988]]],[[[141.47348,24.23929],[141.47348,24.23929],[141.47348,24.23929],[141.47348,24.23929]]],[[[141.37901,24.78024],[141.37901,24.78024],[141.37901,24.78024],[141.37901,24.78024]]],[[[142.22979,27.05436],[142.22979,27.05436],[142.22979,27.05436],[142.22979,27.05436]]],[[[142.14313,26.66915],[142.14313,26.66915],[142.14313,26.66915],[142.14313,26.66915]]],[[[142.14171,26.66591],[142.14171,26.66591],[142.14171,26.66591],[142.14171,26.66591]]],[[[142.18568,27.11687],[142.18568,27.11687],[142.18568,27.11687],[142.18568,27.11687]]],[[[142.12679,26.70138],[142.12679,26.70138],[142.12679,26.70138],[142.12679,26.70138]]],[[[142.15133,26.70676],[142.15133,26.70676],[142.15133,26.70676],[142.15133,26.70676]]],[[[142.18616,27.05424],[142.18616,27.05424],[142.18616,27.05424],[142.18616,27.05424]]],[[[142.1439,26.67128],[142.1439,26.67128],[142.1439,26.67128],[142.1439,26.67128]]],[[[142.21688,27.0409],[142.21688,27.0409],[142.21688,27.0409],[142.21688,27.0409]]],[[[142.23033,27.05961],[142.23033,27.05961],[142.23033,27.05961],[142.23033,27.05961]]],[[[142.22722,27.11009],[142.22722,27.11009],[142.22722,27.11009],[142.22722,27.11009]]],[[[142.23876,27.04807],[142.23876,27.04807],[142.23876,27.04807],[142.23876,27.04807]]],[[[142.2239,27.08483],[142.2239,27.08483],[142.2239,27.08483],[142.2239,27.08483]]],[[[142.19509,27.04246],[142.19509,27.04246],[142.19509,27.04246],[142.19509,27.04246]]],[[[142.17273,27.0296],[142.17273,27.0296],[142.17273,27.0296],[142.17273,27.0296]]],[[[142.19074,27.04263],[142.19074,27.04263],[142.19074,27.04263],[142.19074,27.04263]]],[[[142.22966,27.0353],[142.22966,27.0353],[142.22966,27.0353],[142.22966,27.0353]]],[[[142.18207,26.61898],[142.18207,26.61898],[142.18207,26.61898],[142.18207,26.61898]]],[[[142.15189,26.69642],[142.15189,26.69642],[142.15189,26.69642],[142.15189,26.69642]]],[[[142.21008,27.03998],[142.21008,27.03998],[142.21008,27.03998],[142.21008,27.03998]]],[[[142.22509,27.03919],[142.22509,27.03919],[142.22509,27.03919],[142.22509,27.03919]]],[[[142.23208,27.06419],[142.23208,27.06419],[142.23208,27.06419],[142.23208,27.06419]]],[[[142.12987,26.68885],[142.12987,26.68885],[142.12987,26.68885],[142.12987,26.68885]]],[[[142.14431,26.67338],[142.14431,26.67338],[142.14431,26.67338],[142.14431,26.67338]]],[[[141.47253,24.24194],[141.47253,24.24194],[141.47253,24.24194],[141.47253,24.24194]]],[[[142.17245,26.64136],[142.17245,26.64136],[142.17245,26.64136],[142.17245,26.64136]]],[[[142.22226,27.09449],[142.22226,27.09449],[142.22226,27.09449],[142.22226,27.09449]]],[[[142.13819,26.6797],[142.13819,26.6797],[142.13819,26.6797],[142.13819,26.6797]]],[[[142.17196,26.62821],[142.17196,26.62821],[142.17196,26.62821],[142.17196,26.62821]]],[[[142.1232,26.70757],[142.1232,26.70757],[142.1232,26.70757],[142.1232,26.70757]]],[[[142.13002,26.69092],[142.13002,26.69092],[142.13002,26.69092],[142.13002,26.69092]]],[[[142.20486,27.07669],[142.20486,27.07669],[142.20486,27.07669],[142.20486,27.07669]]],[[[142.1818,27.0717],[142.1818,27.0717],[142.1818,27.0717],[142.1818,27.0717]]],[[[142.18224,27.08756],[142.18224,27.08756],[142.18224,27.08756],[142.18224,27.08756]]],[[[141.28476,24.75046],[141.28476,24.75046],[141.28476,24.75046],[141.28476,24.75046]]],[[[142.1731,26.6373],[142.1731,26.6373],[142.1731,26.6373],[142.1731,26.6373]]],[[[142.17273,27.1166],[142.17273,27.1166],[142.17273,27.1166],[142.17273,27.1166]]],[[[142.19392,27.04079],[142.19392,27.04079],[142.19392,27.04079],[142.19392,27.04079]]],[[[142.22451,27.03552],[142.22451,27.03552],[142.22451,27.03552],[142.22451,27.03552]]],[[[142.23151,27.07026],[142.23151,27.07026],[142.23151,27.07026],[142.23151,27.07026]]],[[[142.13766,26.68041],[142.13766,26.68041],[142.13766,26.68041],[142.13766,26.68041]]],[[[142.17439,26.65347],[142.17439,26.65347],[142.17439,26.65347],[142.17439,26.65347]]],[[[142.23173,27.0615],[142.23173,27.0615],[142.23173,27.0615],[142.23173,27.0615]]],[[[142.22349,27.09197],[142.22349,27.09197],[142.22349,27.09197],[142.22349,27.09197]]],[[[142.18465,27.1184],[142.18465,27.1184],[142.18465,27.1184],[142.18465,27.1184]]],[[[142.23725,27.04898],[142.23725,27.04898],[142.23725,27.04898],[142.23725,27.04898]]],[[[142.16529,26.67949],[142.16529,26.67949],[142.16529,26.67949],[142.16529,26.67949]]],[[[142.18252,27.07069],[142.18252,27.07069],[142.18252,27.07069],[142.18252,27.07069]]],[[[142.12932,26.69106],[142.12932,26.69106],[142.12932,26.69106],[142.12932,26.69106]]],[[[142.1622,26.70039],[142.1622,26.70039],[142.1622,26.70039],[142.1622,26.70039]]],[[[141.28569,24.7456],[141.28569,24.7456],[141.28569,24.7456],[141.28569,24.7456]]],[[[141.28579,24.78859],[141.28579,24.78859],[141.28579,24.78859],[141.28579,24.78859]]],[[[142.18954,27.06807],[142.18954,27.06807],[142.18954,27.06807],[142.18954,27.06807]]],[[[142.20328,27.04378],[142.20328,27.04378],[142.20328,27.04378],[142.20328,27.04378]]],[[[142.1259,26.70095],[142.1259,26.70095],[142.1259,26.70095],[142.1259,26.70095]]],[[[142.21869,27.04103],[142.21869,27.04103],[142.21869,27.04103],[142.21869,27.04103]]],[[[142.22313,27.11026],[142.22313,27.11026],[142.22313,27.11026],[142.22313,27.11026]]],[[[142.19385,27.04051],[142.19385,27.04051],[142.19385,27.04051],[142.19385,27.04051]]],[[[142.23025,27.11489],[142.23025,27.11489],[142.23025,27.11489],[142.23025,27.11489]]],[[[142.12871,26.69371],[142.12871,26.69371],[142.12871,26.69371],[142.12871,26.69371]]],[[[142.12404,26.70516],[142.12404,26.70516],[142.12404,26.70516],[142.12404,26.70516]]],[[[142.2313,27.06676],[142.2313,27.06676],[142.2313,27.06676],[142.2313,27.06676]]],[[[142.17247,26.64153],[142.17247,26.64153],[142.17247,26.64153],[142.17247,26.64153]]],[[[142.21854,26.56128],[142.21854,26.56128],[142.21854,26.56128],[142.21854,26.56128]]],[[[142.17538,26.65469],[142.17538,26.65469],[142.17538,26.65469],[142.17538,26.65469]]],[[[142.18162,27.09385],[142.18162,27.09385],[142.18162,27.09385],[142.18162,27.09385]]],[[[142.16451,26.66024],[142.16451,26.66024],[142.16451,26.66024],[142.16451,26.66024]]],[[[142.12645,26.70145],[142.12645,26.70145],[142.12645,26.70145],[142.12645,26.70145]]],[[[142.22247,27.09332],[142.22247,27.09332],[142.22247,27.09332],[142.22247,27.09332]]],[[[142.18642,27.11954],[142.18642,27.11954],[142.18642,27.11954],[142.18642,27.11954]]],[[[142.23127,27.10968],[142.23127,27.10968],[142.23127,27.10968],[142.23127,27.10968]]],[[[142.15224,26.64334],[142.15224,26.64334],[142.15224,26.64334],[142.15224,26.64334]]],[[[142.17781,26.59999],[142.17781,26.59999],[142.17781,26.59999],[142.17781,26.59999]]],[[[142.09624,27.7189],[142.09624,27.7189],[142.09624,27.7189],[142.09624,27.7189]]],[[[142.13555,26.68506],[142.13555,26.68506],[142.13555,26.68506],[142.13555,26.68506]]],[[[142.19676,27.03868],[142.19676,27.03868],[142.19676,27.03868],[142.19676,27.03868]]],[[[142.18197,27.12751],[142.18197,27.12751],[142.18197,27.12751],[142.18197,27.12751]]],[[[142.2257,27.04514],[142.2257,27.04514],[142.2257,27.04514],[142.2257,27.04514]]],[[[142.18532,27.10472],[142.18532,27.10472],[142.18532,27.10472],[142.18532,27.10472]]],[[[142.13001,26.70777],[142.13001,26.70777],[142.13001,26.70777],[142.13001,26.70777]]],[[[141.46962,24.22787],[141.46962,24.22787],[141.46962,24.22787],[141.46962,24.22787]]],[[[142.13884,26.67904],[142.13884,26.67904],[142.13884,26.67904],[142.13884,26.67904]]],[[[142.23184,27.06975],[142.23184,27.06975],[142.23184,27.06975],[142.23184,27.06975]]],[[[141.3784,24.78],[141.3784,24.78],[141.3784,24.78],[141.3784,24.78]]],[[[142.23634,27.11222],[142.23634,27.11222],[142.23634,27.11222],[142.23634,27.11222]]],[[[142.16263,26.67054],[142.16263,26.67054],[142.16263,26.67054],[142.16263,26.67054]]],[[[142.22826,27.11004],[142.22826,27.11004],[142.22826,27.11004],[142.22826,27.11004]]],[[[142.23606,27.08406],[142.23606,27.08406],[142.23606,27.08406],[142.23606,27.08406]]],[[[142.20561,27.07792],[142.20561,27.07792],[142.20561,27.07792],[142.20561,27.07792]]],[[[142.24118,27.04788],[142.24118,27.04788],[142.24118,27.04788],[142.24118,27.04788]]],[[[142.19617,27.0392],[142.19617,27.0392],[142.19617,27.0392],[142.19617,27.0392]]],[[[142.19164,27.04197],[142.19164,27.04197],[142.19164,27.04197],[142.19164,27.04197]]],[[[142.22734,27.11924],[142.22734,27.11924],[142.22734,27.11924],[142.22734,27.11924]]],[[[142.195,27.04113],[142.195,27.04113],[142.195,27.04113],[142.195,27.04113]]],[[[142.20308,27.08676],[142.20308,27.08676],[142.20308,27.08676],[142.20308,27.08676]]],[[[142.21707,27.04113],[142.21707,27.04113],[142.21707,27.04113],[142.21707,27.04113]]],[[[140.88874,27.24248],[140.88874,27.24248],[140.88874,27.24248],[140.88874,27.24248]]],[[[142.2454,27.09056],[142.2454,27.09056],[142.2454,27.09056],[142.2454,27.09056]]],[[[142.17693,26.60561],[142.17693,26.60561],[142.17693,26.60561],[142.17693,26.60561]]],[[[142.19069,27.10458],[142.19069,27.10458],[142.19069,27.10458],[142.19069,27.10458]]],[[[142.20448,27.11868],[142.20448,27.11868],[142.20448,27.11868],[142.20448,27.11868]]],[[[142.18212,27.07189],[142.18212,27.07189],[142.18212,27.07189],[142.18212,27.07189]]],[[[142.1221,26.70528],[142.1221,26.70528],[142.1221,26.70528],[142.1221,26.70528]]],[[[142.18158,27.09999],[142.18158,27.09999],[142.18158,27.09999],[142.18158,27.09999]]],[[[142.17119,27.04501],[142.17119,27.04501],[142.17119,27.04501],[142.17119,27.04501]]],[[[142.2168,27.04116],[142.2168,27.04116],[142.2168,27.04116],[142.2168,27.04116]]],[[[142.18171,26.61657],[142.18171,26.61657],[142.18171,26.61657],[142.18171,26.61657]]],[[[142.17174,26.64218],[142.17174,26.64218],[142.17174,26.64218],[142.17174,26.64218]]],[[[142.20571,27.07789],[142.20571,27.07789],[142.20571,27.07789],[142.20571,27.07789]]],[[[142.22371,27.09085],[142.22371,27.09085],[142.22371,27.09085],[142.22371,27.09085]]],[[[141.28567,24.788],[141.28567,24.788],[141.28567,24.788],[141.28567,24.788]]],[[[142.13299,26.68578],[142.13299,26.68578],[142.13299,26.68578],[142.13299,26.68578]]],[[[142.13749,26.70016],[142.13749,26.70016],[142.13749,26.70016],[142.13749,26.70016]]],[[[142.1935,27.04072],[142.1935,27.04072],[142.1935,27.04072],[142.1935,27.04072]]],[[[141.28561,24.78874],[141.28561,24.78874],[141.28561,24.78874],[141.28561,24.78874]]],[[[142.18975,27.08886],[142.18975,27.08886],[142.18975,27.08886],[142.18975,27.08886]]],[[[142.14967,26.70878],[142.14967,26.70878],[142.14967,26.70878],[142.14967,26.70878]]],[[[142.18664,27.05719],[142.18664,27.05719],[142.18664,27.05719],[142.18664,27.05719]]],[[[142.18614,27.03982],[142.18614,27.03982],[142.18614,27.03982],[142.18614,27.03982]]],[[[142.22731,27.11546],[142.22731,27.11546],[142.22731,27.11546],[142.22731,27.11546]]],[[[142.22922,27.11478],[142.22922,27.11478],[142.22922,27.11478],[142.22922,27.11478]]],[[[142.1233,26.70259],[142.1233,26.70259],[142.1233,26.70259],[142.1233,26.70259]]],[[[141.45774,24.22483],[141.45774,24.22483],[141.45774,24.22483],[141.45774,24.22483]]],[[[142.20743,27.04155],[142.20743,27.04155],[142.20743,27.04155],[142.20743,27.04155]]],[[[142.22696,27.11058],[142.22696,27.11058],[142.22696,27.11058],[142.22696,27.11058]]],[[[142.13921,26.67901],[142.13921,26.67901],[142.13921,26.67901],[142.13921,26.67901]]],[[[142.24954,27.09156],[142.24954,27.09156],[142.24954,27.09156],[142.24954,27.09156]]],[[[142.2069,27.08082],[142.2069,27.08082],[142.2069,27.08082],[142.2069,27.08082]]],[[[142.14294,26.70824],[142.14294,26.70824],[142.14294,26.70824],[142.14294,26.70824]]],[[[142.18167,27.0717],[142.18167,27.0717],[142.18167,27.0717],[142.18167,27.0717]]],[[[142.23027,27.05951],[142.23027,27.05951],[142.23027,27.05951],[142.23027,27.05951]]],[[[142.17321,26.6397],[142.17321,26.6397],[142.17321,26.6397],[142.17321,26.6397]]],[[[142.16001,26.70138],[142.16001,26.70138],[142.16001,26.70138],[142.16001,26.70138]]],[[[142.23173,27.06223],[142.23173,27.06223],[142.23173,27.06223],[142.23173,27.06223]]],[[[142.24795,27.09222],[142.24795,27.09222],[142.24795,27.09222],[142.24795,27.09222]]],[[[142.23833,27.04807],[142.23833,27.04807],[142.23833,27.04807],[142.23833,27.04807]]],[[[142.17477,26.59833],[142.17477,26.59833],[142.17477,26.59833],[142.17477,26.59833]]],[[[142.23123,27.06929],[142.23123,27.06929],[142.23123,27.06929],[142.23123,27.06929]]],[[[142.14728,26.69008],[142.14728,26.69008],[142.14728,26.69008],[142.14728,26.69008]]],[[[142.16474,26.63055],[142.16474,26.63055],[142.16474,26.63055],[142.16474,26.63055]]],[[[142.23351,27.08087],[142.23351,27.08087],[142.23351,27.08087],[142.23351,27.08087]]],[[[142.1746,26.60007],[142.1746,26.60007],[142.1746,26.60007],[142.1746,26.60007]]],[[[142.23166,27.06744],[142.23166,27.06744],[142.23166,27.06744],[142.23166,27.06744]]],[[[142.17329,26.60848],[142.17329,26.60848],[142.17329,26.60848],[142.17329,26.60848]]],[[[142.14918,26.66337],[142.14918,26.66337],[142.14918,26.66337],[142.14918,26.66337]]],[[[142.20692,27.04266],[142.20692,27.04266],[142.20692,27.04266],[142.20692,27.04266]]],[[[142.19036,27.06782],[142.19036,27.06782],[142.19036,27.06782],[142.19036,27.06782]]],[[[142.1913,27.04183],[142.1913,27.04183],[142.1913,27.04183],[142.1913,27.04183]]],[[[142.12582,26.70079],[142.12582,26.70079],[142.12582,26.70079],[142.12582,26.70079]]],[[[142.17686,26.65595],[142.17686,26.65595],[142.17686,26.65595],[142.17686,26.65595]]],[[[142.22243,27.09398],[142.22243,27.09398],[142.22243,27.09398],[142.22243,27.09398]]],[[[142.14029,26.66693],[142.14029,26.66693],[142.14029,26.66693],[142.14029,26.66693]]],[[[142.22026,27.10069],[142.22026,27.10069],[142.22026,27.10069],[142.22026,27.10069]]],[[[141.45332,24.23219],[141.45332,24.23219],[141.45332,24.23219],[141.45332,24.23219]]],[[[142.144,26.67102],[142.144,26.67102],[142.144,26.67102],[142.144,26.67102]]],[[[142.20302,27.04427],[142.20302,27.04427],[142.20302,27.04427],[142.20302,27.04427]]],[[[141.28769,24.80763],[141.28769,24.80763],[141.28769,24.80763],[141.28769,24.80763]]],[[[142.12862,26.69355],[142.12862,26.69355],[142.12862,26.69355],[142.12862,26.69355]]],[[[142.19967,27.04543],[142.19967,27.04543],[142.19967,27.04543],[142.19967,27.04543]]],[[[142.12601,26.71402],[142.12601,26.71402],[142.12601,26.71402],[142.12601,26.71402]]],[[[142.12269,26.71194],[142.12269,26.71194],[142.12269,26.71194],[142.12269,26.71194]]],[[[142.15111,26.6967],[142.15111,26.6967],[142.15111,26.6967],[142.15111,26.6967]]],[[[142.21936,27.09692],[142.21936,27.09692],[142.21936,27.09692],[142.21936,27.09692]]],[[[142.19462,27.04078],[142.19462,27.04078],[142.19462,27.04078],[142.19462,27.04078]]],[[[142.19707,27.03852],[142.19707,27.03852],[142.19707,27.03852],[142.19707,27.03852]]],[[[142.17651,26.61707],[142.17651,26.61707],[142.17651,26.61707],[142.17651,26.61707]]],[[[142.23243,27.0723],[142.23243,27.0723],[142.23243,27.0723],[142.23243,27.0723]]],[[[142.23575,27.09693],[142.23575,27.09693],[142.23575,27.09693],[142.23575,27.09693]]],[[[142.14122,26.66676],[142.14122,26.66676],[142.14122,26.66676],[142.14122,26.66676]]],[[[142.17979,27.04526],[142.17979,27.04526],[142.17979,27.04526],[142.17979,27.04526]]],[[[142.18184,27.09413],[142.18184,27.09413],[142.18184,27.09413],[142.18184,27.09413]]],[[[142.23228,27.07032],[142.23228,27.07032],[142.23228,27.07032],[142.23228,27.07032]]],[[[142.1861,27.08984],[142.1861,27.08984],[142.1861,27.08984],[142.1861,27.08984]]],[[[142.18899,27.04383],[142.18899,27.04383],[142.18899,27.04383],[142.18899,27.04383]]],[[[142.14412,26.67061],[142.14412,26.67061],[142.14412,26.67061],[142.14412,26.67061]]],[[[142.18446,27.09137],[142.18446,27.09137],[142.18446,27.09137],[142.18446,27.09137]]],[[[136.08116,20.42559],[136.08116,20.42559],[136.08116,20.42559],[136.08116,20.42559]]],[[[142.23387,27.07434],[142.23387,27.07434],[142.23387,27.07434],[142.23387,27.07434]]],[[[142.21363,27.03947],[142.21363,27.03947],[142.21363,27.03947],[142.21363,27.03947]]],[[[142.22272,27.03645],[142.22272,27.03645],[142.22272,27.03645],[142.22272,27.03645]]],[[[141.28709,25.44783],[141.28709,25.44783],[141.28709,25.44783],[141.28709,25.44783]]],[[[142.15277,26.63795],[142.15277,26.63795],[142.15277,26.63795],[142.15277,26.63795]]],[[[142.17354,26.64499],[142.17354,26.64499],[142.17354,26.64499],[142.17354,26.64499]]],[[[142.23451,27.07167],[142.23451,27.07167],[142.23451,27.07167],[142.23451,27.07167]]],[[[142.20739,27.04204],[142.20739,27.04204],[142.20739,27.04204],[142.20739,27.04204]]],[[[142.17282,26.64372],[142.17282,26.64372],[142.17282,26.64372],[142.17282,26.64372]]],[[[142.23117,27.06825],[142.23117,27.06825],[142.23117,27.06825],[142.23117,27.06825]]],[[[142.23453,27.07665],[142.23453,27.07665],[142.23453,27.07665],[142.23453,27.07665]]],[[[142.14346,26.67237],[142.14346,26.67237],[142.14346,26.67237],[142.14346,26.67237]]],[[[142.16661,26.68039],[142.16661,26.68039],[142.16661,26.68039],[142.16661,26.68039]]],[[[142.1919,27.07509],[142.1919,27.07509],[142.1919,27.07509],[142.1919,27.07509]]],[[[142.24835,27.09316],[142.24835,27.09316],[142.24835,27.09316],[142.24835,27.09316]]],[[[142.17413,26.59828],[142.17413,26.59828],[142.17413,26.59828],[142.17413,26.59828]]],[[[142.12844,26.69725],[142.12844,26.69725],[142.12844,26.69725],[142.12844,26.69725]]],[[[142.19995,27.04538],[142.19995,27.04538],[142.19995,27.04538],[142.19995,27.04538]]],[[[142.12982,26.69145],[142.12982,26.69145],[142.12982,26.69145],[142.12982,26.69145]]],[[[142.18876,27.04389],[142.18876,27.04389],[142.18876,27.04389],[142.18876,27.04389]]],[[[141.28469,24.75042],[141.28469,24.75042],[141.28469,24.75042],[141.28469,24.75042]]],[[[142.13678,26.70012],[142.13678,26.70012],[142.13678,26.70012],[142.13678,26.70012]]],[[[142.12789,26.69533],[142.12789,26.69533],[142.12789,26.69533],[142.12789,26.69533]]],[[[142.17447,26.65338],[142.17447,26.65338],[142.17447,26.65338],[142.17447,26.65338]]],[[[142.12311,26.70841],[142.12311,26.70841],[142.12311,26.70841],[142.12311,26.70841]]],[[[142.1674,26.68514],[142.1674,26.68514],[142.1674,26.68514],[142.1674,26.68514]]],[[[142.17661,26.60927],[142.17661,26.60927],[142.17661,26.60927],[142.17661,26.60927]]],[[[142.2323,27.06269],[142.2323,27.06269],[142.2323,27.06269],[142.2323,27.06269]]],[[[141.45303,24.23443],[141.45303,24.23443],[141.45303,24.23443],[141.45303,24.23443]]],[[[142.23721,27.04913],[142.23721,27.04913],[142.23721,27.04913],[142.23721,27.04913]]],[[[142.12359,26.7054],[142.12359,26.7054],[142.12359,26.7054],[142.12359,26.7054]]],[[[142.20333,27.0443],[142.20333,27.0443],[142.20333,27.0443],[142.20333,27.0443]]],[[[142.22362,27.04499],[142.22362,27.04499],[142.22362,27.04499],[142.22362,27.04499]]],[[[142.12189,26.70539],[142.12189,26.70539],[142.12189,26.70539],[142.12189,26.70539]]],[[[141.28509,24.8031],[141.28509,24.8031],[141.28509,24.8031],[141.28509,24.8031]]],[[[142.18056,26.60901],[142.18056,26.60901],[142.18056,26.60901],[142.18056,26.60901]]],[[[142.2243,27.0909],[142.2243,27.0909],[142.2243,27.0909],[142.2243,27.0909]]],[[[142.20761,27.0829],[142.20761,27.0829],[142.20761,27.0829],[142.20761,27.0829]]],[[[142.18622,27.08892],[142.18622,27.08892],[142.18622,27.08892],[142.18622,27.08892]]],[[[141.28511,24.78553],[141.28511,24.78553],[141.28511,24.78553],[141.28511,24.78553]]],[[[142.16326,26.66562],[142.16326,26.66562],[142.16326,26.66562],[142.16326,26.66562]]],[[[142.20573,27.04385],[142.20573,27.04385],[142.20573,27.04385],[142.20573,27.04385]]],[[[142.241,27.04735],[142.241,27.04735],[142.241,27.04735],[142.241,27.04735]]],[[[142.19422,27.0408],[142.19422,27.0408],[142.19422,27.0408],[142.19422,27.0408]]],[[[142.17238,26.64158],[142.17238,26.64158],[142.17238,26.64158],[142.17238,26.64158]]],[[[142.17402,26.64665],[142.17402,26.64665],[142.17402,26.64665],[142.17402,26.64665]]],[[[142.19329,27.08894],[142.19329,27.08894],[142.19329,27.08894],[142.19329,27.08894]]],[[[142.23111,27.10978],[142.23111,27.10978],[142.23111,27.10978],[142.23111,27.10978]]],[[[142.12366,26.70486],[142.12366,26.70486],[142.12366,26.70486],[142.12366,26.70486]]],[[[141.28658,24.78506],[141.28658,24.78506],[141.28658,24.78506],[141.28658,24.78506]]],[[[142.23275,27.07242],[142.23275,27.07242],[142.23275,27.07242],[142.23275,27.07242]]],[[[142.19701,27.03841],[142.19701,27.03841],[142.19701,27.03841],[142.19701,27.03841]]],[[[141.47338,24.23925],[141.47338,24.23925],[141.47338,24.23925],[141.47338,24.23925]]],[[[142.17801,26.65469],[142.17801,26.65469],[142.17801,26.65469],[142.17801,26.65469]]],[[[142.19417,27.04026],[142.19417,27.04026],[142.19417,27.04026],[142.19417,27.04026]]],[[[142.13825,26.67949],[142.13825,26.67949],[142.13825,26.67949],[142.13825,26.67949]]],[[[142.16912,26.65832],[142.16912,26.65832],[142.16912,26.65832],[142.16912,26.65832]]],[[[142.18919,27.05414],[142.18919,27.05414],[142.18919,27.05414],[142.18919,27.05414]]],[[[141.28579,24.78871],[141.28579,24.78871],[141.28579,24.78871],[141.28579,24.78871]]],[[[142.16407,26.67764],[142.16407,26.67764],[142.16407,26.67764],[142.16407,26.67764]]],[[[142.14448,26.67523],[142.14448,26.67523],[142.14448,26.67523],[142.14448,26.67523]]],[[[142.1747,26.64931],[142.1747,26.64931],[142.1747,26.64931],[142.1747,26.64931]]],[[[141.28579,24.79738],[141.28579,24.79738],[141.28579,24.79738],[141.28579,24.79738]]],[[[142.21711,27.04145],[142.21711,27.04145],[142.21711,27.04145],[142.21711,27.04145]]],[[[142.19112,27.04224],[142.19112,27.04224],[142.19112,27.04224],[142.19112,27.04224]]],[[[142.18929,27.0534],[142.18929,27.0534],[142.18929,27.0534],[142.18929,27.0534]]],[[[142.23797,27.05212],[142.23797,27.05212],[142.23797,27.05212],[142.23797,27.05212]]],[[[142.12984,26.69093],[142.12984,26.69093],[142.12984,26.69093],[142.12984,26.69093]]],[[[142.22407,27.04541],[142.22407,27.04541],[142.22407,27.04541],[142.22407,27.04541]]],[[[142.19253,27.07549],[142.19253,27.07549],[142.19253,27.07549],[142.19253,27.07549]]],[[[142.18179,26.6232],[142.18179,26.6232],[142.18179,26.6232],[142.18179,26.6232]]],[[[142.22379,27.08485],[142.22379,27.08485],[142.22379,27.08485],[142.22379,27.08485]]],[[[142.20698,27.08158],[142.20698,27.08158],[142.20698,27.08158],[142.20698,27.08158]]],[[[142.1743,26.65307],[142.1743,26.65307],[142.1743,26.65307],[142.1743,26.65307]]],[[[142.12144,26.71565],[142.12144,26.71565],[142.12144,26.71565],[142.12144,26.71565]]],[[[142.19373,27.04077],[142.19373,27.04077],[142.19373,27.04077],[142.19373,27.04077]]],[[[141.47285,24.23772],[141.47285,24.23772],[141.47285,24.23772],[141.47285,24.23772]]],[[[142.1288,26.69291],[142.1288,26.69291],[142.1288,26.69291],[142.1288,26.69291]]],[[[142.17774,26.65602],[142.17774,26.65602],[142.17774,26.65602],[142.17774,26.65602]]],[[[142.12999,26.70739],[142.12999,26.70739],[142.12999,26.70739],[142.12999,26.70739]]],[[[142.21748,27.04077],[142.21748,27.04077],[142.21748,27.04077],[142.21748,27.04077]]],[[[142.21926,27.09694],[142.21926,27.09694],[142.21926,27.09694],[142.21926,27.09694]]],[[[142.20746,27.04169],[142.20746,27.04169],[142.20746,27.04169],[142.20746,27.04169]]],[[[142.16625,26.68317],[142.16625,26.68317],[142.16625,26.68317],[142.16625,26.68317]]],[[[142.17364,26.63787],[142.17364,26.63787],[142.17364,26.63787],[142.17364,26.63787]]],[[[142.17378,26.63795],[142.17378,26.63795],[142.17378,26.63795],[142.17378,26.63795]]],[[[142.13196,26.68826],[142.13196,26.68826],[142.13196,26.68826],[142.13196,26.68826]]],[[[142.23628,27.04954],[142.23628,27.04954],[142.23628,27.04954],[142.23628,27.04954]]],[[[142.18831,27.10523],[142.18831,27.10523],[142.18831,27.10523],[142.18831,27.10523]]],[[[142.18176,27.10118],[142.18176,27.10118],[142.18176,27.10118],[142.18176,27.10118]]],[[[142.18646,27.05692],[142.18646,27.05692],[142.18646,27.05692],[142.18646,27.05692]]],[[[142.18777,27.10533],[142.18777,27.10533],[142.18777,27.10533],[142.18777,27.10533]]],[[[142.16995,26.65837],[142.16995,26.65837],[142.16995,26.65837],[142.16995,26.65837]]],[[[142.16327,26.67533],[142.16327,26.67533],[142.16327,26.67533],[142.16327,26.67533]]],[[[142.17727,26.65594],[142.17727,26.65594],[142.17727,26.65594],[142.17727,26.65594]]],[[[142.21909,27.0414],[142.21909,27.0414],[142.21909,27.0414],[142.21909,27.0414]]],[[[142.18323,27.09242],[142.18323,27.09242],[142.18323,27.09242],[142.18323,27.09242]]],[[[142.1647,26.63044],[142.1647,26.63044],[142.1647,26.63044],[142.1647,26.63044]]],[[[142.22411,27.09133],[142.22411,27.09133],[142.22411,27.09133],[142.22411,27.09133]]],[[[142.16652,26.68451],[142.16652,26.68451],[142.16652,26.68451],[142.16652,26.68451]]],[[[142.16462,26.63038],[142.16462,26.63038],[142.16462,26.63038],[142.16462,26.63038]]],[[[142.18759,27.06005],[142.18759,27.06005],[142.18759,27.06005],[142.18759,27.06005]]],[[[142.24059,27.0475],[142.24059,27.0475],[142.24059,27.0475],[142.24059,27.0475]]],[[[142.1505,26.64772],[142.1505,26.64772],[142.1505,26.64772],[142.1505,26.64772]]],[[[142.20297,27.07919],[142.20297,27.07919],[142.20297,27.07919],[142.20297,27.07919]]],[[[142.23011,27.06003],[142.23011,27.06003],[142.23011,27.06003],[142.23011,27.06003]]],[[[142.14902,26.66311],[142.14902,26.66311],[142.14902,26.66311],[142.14902,26.66311]]],[[[142.18881,27.0683],[142.18881,27.0683],[142.18881,27.0683],[142.18881,27.0683]]],[[[142.1261,26.71401],[142.1261,26.71401],[142.1261,26.71401],[142.1261,26.71401]]],[[[142.17436,26.65013],[142.17436,26.65013],[142.17436,26.65013],[142.17436,26.65013]]],[[[142.12309,26.70569],[142.12309,26.70569],[142.12309,26.70569],[142.12309,26.70569]]],[[[142.23445,27.07662],[142.23445,27.07662],[142.23445,27.07662],[142.23445,27.07662]]],[[[141.28461,24.7503],[141.28461,24.7503],[141.28461,24.7503],[141.28461,24.7503]]],[[[142.18539,27.04853],[142.18539,27.04853],[142.18539,27.04853],[142.18539,27.04853]]],[[[142.16241,26.67107],[142.16241,26.67107],[142.16241,26.67107],[142.16241,26.67107]]],[[[142.14288,26.6715],[142.14288,26.6715],[142.14288,26.6715],[142.14288,26.6715]]],[[[142.23198,27.0785],[142.23198,27.0785],[142.23198,27.0785],[142.23198,27.0785]]],[[[142.1527,26.64126],[142.1527,26.64126],[142.1527,26.64126],[142.1527,26.64126]]],[[[142.12292,26.7116],[142.12292,26.7116],[142.12292,26.7116],[142.12292,26.7116]]],[[[142.22209,27.03662],[142.22209,27.03662],[142.22209,27.03662],[142.22209,27.03662]]],[[[142.24531,27.091],[142.24531,27.091],[142.24531,27.091],[142.24531,27.091]]],[[[142.20515,27.04391],[142.20515,27.04391],[142.20515,27.04391],[142.20515,27.04391]]],[[[142.12187,26.71126],[142.12187,26.71126],[142.12187,26.71126],[142.12187,26.71126]]],[[[142.1225,26.71069],[142.1225,26.71069],[142.1225,26.71069],[142.1225,26.71069]]],[[[142.17285,26.63634],[142.17285,26.63634],[142.17285,26.63634],[142.17285,26.63634]]],[[[142.23141,27.07121],[142.23141,27.07121],[142.23141,27.07121],[142.23141,27.07121]]],[[[142.14362,26.67204],[142.14362,26.67204],[142.14362,26.67204],[142.14362,26.67204]]],[[[142.1418,26.66741],[142.1418,26.66741],[142.1418,26.66741],[142.1418,26.66741]]],[[[141.46466,24.2442],[141.46466,24.2442],[141.46466,24.2442],[141.46466,24.2442]]],[[[142.17676,26.60174],[142.17676,26.60174],[142.17676,26.60174],[142.17676,26.60174]]],[[[142.17247,26.64419],[142.17247,26.6442],[142.17247,26.64419],[142.17247,26.64419]]],[[[142.19333,27.04073],[142.19333,27.04073],[142.19333,27.04073],[142.19333,27.04073]]],[[[142.18246,27.09613],[142.18246,27.09613],[142.18246,27.09613],[142.18246,27.09613]]],[[[142.17269,26.64438],[142.17269,26.64438],[142.17269,26.64438],[142.17269,26.64438]]],[[[142.22288,27.09241],[142.22288,27.09241],[142.22288,27.09241],[142.22288,27.09241]]],[[[142.1777,26.65594],[142.1777,26.65594],[142.1777,26.65594],[142.1777,26.65594]]],[[[141.28528,24.78725],[141.28528,24.78725],[141.28528,24.78725],[141.28528,24.78725]]],[[[142.19319,27.04107],[142.19319,27.04107],[142.19319,27.04107],[142.19319,27.04107]]],[[[142.14963,26.69418],[142.14963,26.69418],[142.14963,26.69418],[142.14963,26.69418]]],[[[142.19664,27.03963],[142.19664,27.03963],[142.19664,27.03963],[142.19664,27.03963]]],[[[142.18682,27.06075],[142.18682,27.06075],[142.18682,27.06075],[142.18682,27.06075]]],[[[142.17378,27.11651],[142.17378,27.11651],[142.17378,27.11651],[142.17378,27.11651]]],[[[142.16277,26.67439],[142.16277,26.67439],[142.16277,26.67439],[142.16277,26.67439]]],[[[142.23376,27.07241],[142.23376,27.07241],[142.23376,27.07241],[142.23376,27.07241]]],[[[142.21741,27.04004],[142.21741,27.04004],[142.21741,27.04004],[142.21741,27.04004]]],[[[142.17767,26.65452],[142.17767,26.65452],[142.17767,26.65452],[142.17767,26.65452]]],[[[142.23089,27.06094],[142.23089,27.06094],[142.23089,27.06094],[142.23089,27.06094]]],[[[142.22837,27.11506],[142.22837,27.11506],[142.22837,27.11506],[142.22837,27.11506]]],[[[142.15235,26.64304],[142.15235,26.64304],[142.15235,26.64304],[142.15235,26.64304]]],[[[142.14467,26.67633],[142.14467,26.67633],[142.14467,26.67633],[142.14467,26.67633]]],[[[142.21758,27.04151],[142.21758,27.04151],[142.21758,27.04151],[142.21758,27.04151]]],[[[142.2251,27.04201],[142.2251,27.04201],[142.2251,27.04201],[142.2251,27.04201]]],[[[142.23728,27.05393],[142.23728,27.05393],[142.23728,27.05393],[142.23728,27.05393]]],[[[142.16248,26.67076],[142.16248,26.67076],[142.16248,26.67076],[142.16248,26.67076]]],[[[142.18965,27.04272],[142.18965,27.04272],[142.18965,27.04272],[142.18965,27.04272]]],[[[142.18189,27.09832],[142.18189,27.09832],[142.18189,27.09832],[142.18189,27.09832]]],[[[142.16265,26.66633],[142.16265,26.66633],[142.16265,26.66633],[142.16265,26.66633]]],[[[142.23497,27.07672],[142.23497,27.07672],[142.23497,27.07672],[142.23497,27.07672]]],[[[142.14409,26.6705],[142.14409,26.6705],[142.14409,26.6705],[142.14409,26.6705]]],[[[142.13137,26.68729],[142.13137,26.68729],[142.13137,26.68729],[142.13137,26.68729]]],[[[142.25227,27.08962],[142.25227,27.08962],[142.25227,27.08962],[142.25227,27.08962]]],[[[142.22404,27.09116],[142.22404,27.09116],[142.22404,27.09116],[142.22404,27.09116]]],[[[142.19523,27.03847],[142.19523,27.03847],[142.19523,27.03847],[142.19523,27.03847]]],[[[142.18779,27.10548],[142.18779,27.10548],[142.18779,27.10548],[142.18779,27.10548]]],[[[142.2311,27.0683],[142.2311,27.0683],[142.2311,27.0683],[142.2311,27.0683]]],[[[142.18684,27.11611],[142.18684,27.11611],[142.18684,27.11611],[142.18684,27.11611]]],[[[142.14322,26.67173],[142.14322,26.67173],[142.14322,26.67173],[142.14322,26.67173]]],[[[142.22243,27.0365],[142.22243,27.0365],[142.22243,27.0365],[142.22243,27.0365]]],[[[142.18173,26.62321],[142.18173,26.62321],[142.18173,26.62321],[142.18173,26.62321]]],[[[142.12419,26.70508],[142.12419,26.70508],[142.12419,26.70508],[142.12419,26.70508]]],[[[142.18042,26.62427],[142.18042,26.62427],[142.18042,26.62427],[142.18042,26.62427]]],[[[141.28497,24.80316],[141.28497,24.80316],[141.28497,24.80316],[141.28497,24.80316]]],[[[142.12856,26.69627],[142.12856,26.69627],[142.12856,26.69627],[142.12856,26.69627]]],[[[142.1522,26.64752],[142.1522,26.64752],[142.1522,26.64752],[142.1522,26.64752]]],[[[142.20722,27.04224],[142.20722,27.04224],[142.20722,27.04224],[142.20722,27.04224]]],[[[142.14719,26.68996],[142.14719,26.68996],[142.14719,26.68996],[142.14719,26.68996]]],[[[142.23315,27.07641],[142.23315,27.07641],[142.23315,27.07641],[142.23315,27.07641]]],[[[142.21634,27.04078],[142.21634,27.04078],[142.21634,27.04078],[142.21634,27.04078]]],[[[142.18435,27.0485],[142.18435,27.0485],[142.18435,27.0485],[142.18435,27.0485]]],[[[142.14972,26.64781],[142.14972,26.64781],[142.14972,26.64781],[142.14972,26.64781]]],[[[142.17051,26.65791],[142.17051,26.65791],[142.17051,26.65791],[142.17051,26.65791]]],[[[142.19678,27.03896],[142.19678,27.03896],[142.19678,27.03896],[142.19678,27.03896]]],[[[141.45387,24.22663],[141.45387,24.22663],[141.45387,24.22663],[141.45387,24.22663]]],[[[142.23455,27.07591],[142.23455,27.07591],[142.23455,27.07591],[142.23455,27.07591]]],[[[142.23624,27.08353],[142.23624,27.08353],[142.23624,27.08353],[142.23624,27.08353]]],[[[142.18398,27.05649],[142.18398,27.05649],[142.18398,27.05649],[142.18398,27.05649]]],[[[142.12533,26.70329],[142.12533,26.70329],[142.12533,26.70329],[142.12533,26.70329]]],[[[142.22652,27.04087],[142.22652,27.04087],[142.22652,27.04087],[142.22652,27.04087]]],[[[142.18695,27.11597],[142.18695,27.11597],[142.18695,27.11597],[142.18695,27.11597]]],[[[142.19122,27.10531],[142.19122,27.10531],[142.19122,27.10531],[142.19122,27.10531]]],[[[142.17467,26.65093],[142.17467,26.65093],[142.17467,26.65093],[142.17467,26.65093]]],[[[142.20274,27.04418],[142.20274,27.04418],[142.20274,27.04418],[142.20274,27.04418]]],[[[142.14899,26.66303],[142.14899,26.66303],[142.14899,26.66303],[142.14899,26.66303]]],[[[142.13204,26.70315],[142.13203,26.70315],[142.13202,26.70316],[142.13204,26.70315]]],[[[142.12257,26.71108],[142.12257,26.71108],[142.12257,26.71108],[142.12257,26.71108]]],[[[141.45299,24.22902],[141.45299,24.22902],[141.45299,24.22902],[141.45299,24.22902]]],[[[142.21664,27.0413],[142.21664,27.0413],[142.21664,27.0413],[142.21664,27.0413]]],[[[142.16234,26.66786],[142.16234,26.66786],[142.16234,26.66786],[142.16234,26.66786]]],[[[142.13099,26.70497],[142.13099,26.70497],[142.13099,26.70497],[142.13099,26.70497]]],[[[142.22547,27.0477],[142.22547,27.0477],[142.22547,27.0477],[142.22547,27.0477]]],[[[142.19444,27.04103],[142.19444,27.04103],[142.19444,27.04103],[142.19444,27.04103]]],[[[142.16268,26.67062],[142.16268,26.67062],[142.16268,26.67062],[142.16268,26.67062]]],[[[142.12315,26.71313],[142.12315,26.71313],[142.12315,26.71313],[142.12315,26.71313]]],[[[142.16026,26.70152],[142.16026,26.70152],[142.16026,26.70152],[142.16026,26.70152]]],[[[142.21709,27.04127],[142.21709,27.04127],[142.21709,27.04127],[142.21709,27.04127]]],[[[142.14056,26.67836],[142.14056,26.67836],[142.14056,26.67836],[142.14056,26.67836]]],[[[142.18191,27.09928],[142.18191,27.09928],[142.18191,27.09928],[142.18191,27.09928]]],[[[142.23081,27.06103],[142.23081,27.06103],[142.23081,27.06103],[142.23081,27.06103]]],[[[142.21742,27.04154],[142.21742,27.04154],[142.21742,27.04154],[142.21742,27.04154]]],[[[142.16107,26.70131],[142.16107,26.70131],[142.16107,26.70131],[142.16107,26.70131]]],[[[142.24091,27.04729],[142.24091,27.04729],[142.24091,27.04729],[142.24091,27.04729]]],[[[142.18636,27.04382],[142.18636,27.04382],[142.18636,27.04382],[142.18636,27.04382]]],[[[142.18761,27.0445],[142.18761,27.0445],[142.18761,27.0445],[142.18761,27.0445]]],[[[142.23219,27.08143],[142.23219,27.08143],[142.23219,27.08143],[142.23219,27.08143]]],[[[141.28578,24.79757],[141.28578,24.79757],[141.28578,24.79757],[141.28578,24.79757]]],[[[142.22749,27.11578],[142.22749,27.11578],[142.22749,27.11578],[142.22749,27.11578]]],[[[142.23357,27.0785],[142.23357,27.0785],[142.23357,27.0785],[142.23357,27.0785]]],[[[142.23195,27.06233],[142.23195,27.06233],[142.23195,27.06233],[142.23195,27.06233]]],[[[142.14068,26.70763],[142.14068,26.70763],[142.14068,26.70763],[142.14068,26.70763]]],[[[142.22897,27.11512],[142.22897,27.11512],[142.22897,27.11512],[142.22897,27.11512]]],[[[142.22554,27.03925],[142.22554,27.03925],[142.22554,27.03925],[142.22554,27.03925]]],[[[142.17687,26.65447],[142.17687,26.65447],[142.17687,26.65447],[142.17687,26.65447]]],[[[142.12884,26.68833],[142.12884,26.68833],[142.12884,26.68833],[142.12884,26.68833]]],[[[142.23188,27.05758],[142.23188,27.05758],[142.23188,27.05758],[142.23188,27.05758]]],[[[142.13085,26.68851],[142.13085,26.68851],[142.13085,26.68851],[142.13085,26.68851]]],[[[142.16374,26.68738],[142.16374,26.68738],[142.16374,26.68738],[142.16374,26.68738]]],[[[142.22936,27.03494],[142.22936,27.03494],[142.22936,27.03494],[142.22936,27.03494]]],[[[142.22755,27.11561],[142.22755,27.11561],[142.22755,27.11561],[142.22755,27.11561]]],[[[142.1746,26.64993],[142.1746,26.64993],[142.1746,26.64993],[142.1746,26.64993]]],[[[142.17149,26.64329],[142.17149,26.64329],[142.17149,26.64329],[142.17149,26.64329]]],[[[141.32647,24.81418],[141.32647,24.81418],[141.32647,24.81418],[141.32647,24.81418]]],[[[142.16285,26.67021],[142.16285,26.67021],[142.16285,26.67021],[142.16285,26.67021]]],[[[142.22534,27.05376],[142.22534,27.05376],[142.22534,27.05376],[142.22534,27.05376]]],[[[141.45397,24.22649],[141.45397,24.22649],[141.45397,24.22649],[141.45397,24.22649]]],[[[142.18237,27.07455],[142.18237,27.07455],[142.18237,27.07455],[142.18237,27.07455]]],[[[142.14408,26.67109],[142.14408,26.67109],[142.14408,26.67109],[142.14408,26.67109]]],[[[142.17838,26.60423],[142.17838,26.60423],[142.17838,26.60423],[142.17838,26.60423]]],[[[142.17387,27.11641],[142.17387,27.11641],[142.17387,27.11641],[142.17387,27.11641]]],[[[142.17756,26.60262],[142.17756,26.60262],[142.17756,26.60262],[142.17756,26.60262]]],[[[142.17457,26.60826],[142.17457,26.60826],[142.17457,26.60826],[142.17457,26.60826]]],[[[142.17213,26.64369],[142.17213,26.64369],[142.17213,26.64369],[142.17213,26.64369]]],[[[142.13627,26.70075],[142.13627,26.70075],[142.13627,26.70075],[142.13627,26.70075]]],[[[142.14923,26.64892],[142.14923,26.64892],[142.14923,26.64892],[142.14923,26.64892]]],[[[142.22231,27.094],[142.22231,27.094],[142.22231,27.094],[142.22231,27.094]]],[[[142.18614,27.055],[142.18614,27.055],[142.18614,27.055],[142.18614,27.055]]],[[[141.37859,24.77944],[141.37859,24.77944],[141.37859,24.77944],[141.37859,24.77944]]],[[[142.18107,27.09381],[142.18107,27.09381],[142.18107,27.09381],[142.18107,27.09381]]],[[[142.23683,27.05014],[142.23683,27.05014],[142.23683,27.05014],[142.23683,27.05014]]],[[[142.15904,26.70076],[142.15904,26.70076],[142.15904,26.70076],[142.15904,26.70076]]],[[[142.17044,26.65791],[142.17044,26.65791],[142.17044,26.65791],[142.17044,26.65791]]],[[[142.19337,27.04012],[142.19337,27.04012],[142.19337,27.04012],[142.19337,27.04012]]],[[[142.23125,27.06157],[142.23125,27.06157],[142.23125,27.06157],[142.23125,27.06157]]],[[[142.196,27.03836],[142.196,27.03836],[142.196,27.03836],[142.196,27.03836]]],[[[142.24211,27.04691],[142.24211,27.04691],[142.24211,27.04691],[142.24211,27.04691]]],[[[142.23752,27.05193],[142.23752,27.05193],[142.23752,27.05193],[142.23752,27.05193]]],[[[142.12986,26.69078],[142.12986,26.69078],[142.12986,26.69078],[142.12986,26.69078]]],[[[142.175,26.64782],[142.175,26.64782],[142.175,26.64782],[142.175,26.64782]]],[[[142.23262,27.07238],[142.23262,27.07238],[142.23262,27.07238],[142.23262,27.07238]]],[[[142.16496,26.63061],[142.16496,26.63061],[142.16496,26.63061],[142.16496,26.63061]]],[[[142.18266,26.61233],[142.18266,26.61233],[142.18266,26.61233],[142.18266,26.61233]]],[[[142.2359,27.11209],[142.2359,27.11209],[142.2359,27.11209],[142.2359,27.11209]]],[[[142.14799,26.66144],[142.14799,26.66144],[142.14799,26.66144],[142.14799,26.66144]]],[[[142.22885,27.11508],[142.22885,27.11508],[142.22885,27.11508],[142.22885,27.11508]]],[[[142.1909,27.0641],[142.1909,27.0641],[142.1909,27.0641],[142.1909,27.0641]]],[[[142.143,26.67183],[142.143,26.67183],[142.143,26.67183],[142.143,26.67183]]],[[[142.21698,27.04141],[142.21698,27.04141],[142.21698,27.04141],[142.21698,27.04141]]],[[[142.18641,27.05535],[142.18641,27.05535],[142.18641,27.05535],[142.18641,27.05535]]],[[[142.24809,27.09335],[142.24809,27.09335],[142.24809,27.09335],[142.24809,27.09335]]],[[[142.17412,26.65052],[142.17412,26.65052],[142.17412,26.65052],[142.17412,26.65052]]],[[[142.17416,26.65149],[142.17416,26.6515],[142.17416,26.65149],[142.17416,26.65149]]],[[[142.19498,27.04239],[142.19498,27.04239],[142.19498,27.04239],[142.19498,27.04239]]],[[[142.13714,26.69991],[142.13714,26.69991],[142.13714,26.69991],[142.13714,26.69991]]],[[[142.15098,26.64771],[142.15098,26.64771],[142.15098,26.64771],[142.15098,26.64771]]],[[[142.22618,27.1168],[142.22618,27.1168],[142.22618,27.1168],[142.22618,27.1168]]],[[[141.34128,24.80489],[141.34128,24.80489],[141.34128,24.80489],[141.34128,24.80489]]],[[[142.14269,26.67155],[142.14269,26.67155],[142.14269,26.67155],[142.14269,26.67155]]],[[[142.17355,26.60799],[142.17355,26.60799],[142.17355,26.60799],[142.17355,26.60799]]],[[[142.12294,26.71135],[142.12294,26.71135],[142.12294,26.71135],[142.12294,26.71135]]],[[[142.18192,27.0723],[142.18192,27.0723],[142.18192,27.0723],[142.18192,27.0723]]],[[[142.13302,26.68587],[142.13302,26.68587],[142.13302,26.68587],[142.13302,26.68587]]],[[[142.23488,27.0774],[142.23488,27.0774],[142.23488,27.0774],[142.23488,27.0774]]],[[[142.16471,26.6603],[142.16471,26.6603],[142.16471,26.6603],[142.16471,26.6603]]],[[[142.1626,26.67061],[142.1626,26.67061],[142.1626,26.67061],[142.1626,26.67061]]],[[[142.24194,27.04691],[142.24194,27.04691],[142.24194,27.04691],[142.24194,27.04691]]],[[[142.18048,26.62947],[142.18048,26.62947],[142.18048,26.62947],[142.18048,26.62947]]],[[[142.23198,27.064],[142.23198,27.064],[142.23198,27.064],[142.23198,27.064]]],[[[142.13909,26.67981],[142.13909,26.67981],[142.13909,26.67981],[142.13909,26.67981]]],[[[142.1911,27.04204],[142.1911,27.04204],[142.1911,27.04204],[142.1911,27.04204]]],[[[142.22357,27.04517],[142.22357,27.04517],[142.22357,27.04517],[142.22357,27.04517]]],[[[142.24492,27.09178],[142.24492,27.09178],[142.24492,27.09178],[142.24492,27.09178]]],[[[142.13121,26.7046],[142.13121,26.7046],[142.13121,26.7046],[142.13121,26.7046]]],[[[142.18333,27.09256],[142.18333,27.09256],[142.18333,27.09256],[142.18333,27.09256]]],[[[142.18565,27.04805],[142.18565,27.04805],[142.18565,27.04805],[142.18565,27.04805]]],[[[142.14489,26.65809],[142.14489,26.65809],[142.14489,26.65809],[142.14489,26.65809]]],[[[141.3786,24.78083],[141.3786,24.78083],[141.3786,24.78083],[141.3786,24.78083]]],[[[142.12313,26.70813],[142.12313,26.70813],[142.12313,26.70813],[142.12313,26.70813]]],[[[142.18246,27.0867],[142.18246,27.0867],[142.18246,27.0867],[142.18246,27.0867]]],[[[141.28547,24.80521],[141.28547,24.80521],[141.28547,24.80521],[141.28547,24.80521]]],[[[142.16459,26.68707],[142.16459,26.68707],[142.16459,26.68707],[142.16459,26.68707]]],[[[141.28496,24.78532],[141.28496,24.78532],[141.28496,24.78532],[141.28496,24.78532]]],[[[142.1432,26.67189],[142.1432,26.67189],[142.1432,26.67189],[142.1432,26.67189]]],[[[142.22377,27.09102],[142.22377,27.09102],[142.22377,27.09102],[142.22377,27.09102]]],[[[142.19947,27.09599],[142.19947,27.09599],[142.19947,27.09599],[142.19947,27.09599]]],[[[142.19372,27.10667],[142.19372,27.10667],[142.19372,27.10667],[142.19372,27.10667]]],[[[142.19753,27.04478],[142.19753,27.04478],[142.19753,27.04478],[142.19753,27.04478]]],[[[142.18484,27.09116],[142.18484,27.09116],[142.18484,27.09116],[142.18484,27.09116]]],[[[142.23118,27.06159],[142.23118,27.06159],[142.23118,27.06159],[142.23118,27.06159]]],[[[142.18283,27.10308],[142.18283,27.10308],[142.18283,27.10308],[142.18283,27.10308]]],[[[141.28799,24.80672],[141.28799,24.80672],[141.28799,24.80672],[141.28799,24.80672]]],[[[142.1318,26.68834],[142.1318,26.68834],[142.1318,26.68834],[142.1318,26.68834]]],[[[141.28578,24.78979],[141.28578,24.78979],[141.28578,24.78979],[141.28578,24.78979]]],[[[142.21816,27.04072],[142.21816,27.04072],[142.21816,27.04072],[142.21816,27.04072]]],[[[141.45417,24.23895],[141.45417,24.23895],[141.45417,24.23895],[141.45417,24.23895]]],[[[142.14856,26.65147],[142.14856,26.65147],[142.14856,26.65147],[142.14856,26.65147]]],[[[142.18638,27.04255],[142.18638,27.04255],[142.18638,27.04255],[142.18638,27.04255]]],[[[142.21329,27.03948],[142.21329,27.03948],[142.21329,27.03948],[142.21329,27.03948]]],[[[142.18211,27.09536],[142.18211,27.09536],[142.18211,27.09536],[142.18211,27.09536]]],[[[142.24732,27.09098],[142.24732,27.09098],[142.24732,27.09098],[142.24732,27.09098]]],[[[141.28803,24.80638],[141.28803,24.80638],[141.28803,24.80638],[141.28803,24.80638]]],[[[142.23299,27.07582],[142.23299,27.07582],[142.23299,27.07582],[142.23299,27.07582]]],[[[142.12629,26.70243],[142.12629,26.70243],[142.12629,26.70243],[142.12629,26.70243]]],[[[142.12509,26.70441],[142.12509,26.70441],[142.12509,26.70441],[142.12509,26.70441]]],[[[141.46646,24.2438],[141.46646,24.2438],[141.46646,24.2438],[141.46646,24.2438]]],[[[142.20193,27.08786],[142.20193,27.08786],[142.20193,27.08786],[142.20193,27.08786]]],[[[142.19393,27.04047],[142.19393,27.04047],[142.19393,27.04047],[142.19393,27.04047]]],[[[142.18403,27.09259],[142.18403,27.09259],[142.18403,27.09259],[142.18403,27.09259]]],[[[142.23027,27.0599],[142.23027,27.0599],[142.23027,27.0599],[142.23027,27.0599]]],[[[142.1817,26.61962],[142.1817,26.61962],[142.1817,26.61962],[142.1817,26.61962]]],[[[142.14355,26.67183],[142.14355,26.67183],[142.14355,26.67183],[142.14355,26.67183]]],[[[136.06979,20.42524],[136.06979,20.42524],[136.06979,20.42524],[136.06979,20.42524]]],[[[142.21893,27.04138],[142.21893,27.04138],[142.21893,27.04138],[142.21893,27.04138]]],[[[142.20353,27.09407],[142.20353,27.09407],[142.20353,27.09407],[142.20353,27.09407]]],[[[141.28472,24.7503],[141.28472,24.7503],[141.28472,24.7503],[141.28472,24.7503]]],[[[142.18787,27.04452],[142.18787,27.04452],[142.18787,27.04452],[142.18787,27.04452]]],[[[142.188,27.04825],[142.188,27.04825],[142.188,27.04825],[142.188,27.04825]]],[[[141.28612,24.80638],[141.28612,24.80638],[141.28612,24.80638],[141.28612,24.80638]]],[[[142.20699,27.0791],[142.20699,27.0791],[142.20699,27.0791],[142.20699,27.0791]]],[[[142.12304,26.713],[142.12304,26.713],[142.12304,26.713],[142.12304,26.713]]],[[[142.23643,27.08321],[142.23643,27.08321],[142.23643,27.08321],[142.23643,27.08321]]],[[[142.19319,27.04107],[142.19319,27.04107],[142.19319,27.04107],[142.19319,27.04107]]],[[[142.15493,26.70887],[142.15493,26.70887],[142.15493,26.70887],[142.15493,26.70887]]],[[[142.23125,27.06816],[142.23125,27.06816],[142.23125,27.06816],[142.23125,27.06816]]],[[[142.24719,27.09095],[142.24719,27.09095],[142.24719,27.09095],[142.24719,27.09095]]],[[[142.18413,27.09254],[142.18413,27.09254],[142.18413,27.09254],[142.18413,27.09254]]],[[[142.19174,27.07478],[142.19174,27.07478],[142.19174,27.07478],[142.19174,27.07478]]],[[[142.17366,26.6446],[142.17366,26.6446],[142.17366,26.6446],[142.17366,26.6446]]],[[[142.23204,27.08106],[142.23204,27.08106],[142.23204,27.08106],[142.23204,27.08106]]],[[[142.19237,27.1061],[142.19237,27.1061],[142.19237,27.1061],[142.19237,27.1061]]],[[[142.20297,27.04443],[142.20297,27.04443],[142.20297,27.04443],[142.20297,27.04443]]],[[[141.28546,24.79687],[141.28546,24.79687],[141.28546,24.79687],[141.28546,24.79687]]],[[[142.22526,27.04789],[142.22526,27.04789],[142.22526,27.04789],[142.22526,27.04789]]],[[[142.24487,27.09168],[142.24487,27.09168],[142.24487,27.09168],[142.24487,27.09168]]],[[[141.4533,24.23507],[141.4533,24.23507],[141.4533,24.23507],[141.4533,24.23507]]],[[[142.23574,27.11108],[142.23574,27.11108],[142.23574,27.11108],[142.23574,27.11108]]],[[[142.19177,27.06792],[142.19177,27.06792],[142.19177,27.06792],[142.19177,27.06792]]],[[[142.19706,27.04442],[142.19706,27.04442],[142.19706,27.04442],[142.19706,27.04442]]],[[[142.16231,26.6676],[142.16231,26.6676],[142.16231,26.6676],[142.16231,26.6676]]],[[[142.2386,27.04793],[142.2386,27.04793],[142.2386,27.04793],[142.2386,27.04793]]],[[[142.21778,27.09895],[142.21778,27.09895],[142.21778,27.09895],[142.21778,27.09895]]],[[[142.20754,27.04098],[142.20754,27.04098],[142.20754,27.04098],[142.20754,27.04098]]],[[[142.12306,26.70727],[142.12306,26.70727],[142.12306,26.70727],[142.12306,26.70727]]],[[[142.17416,26.6515],[142.17416,26.65149],[142.17416,26.6515],[142.17416,26.6515]]],[[[142.18631,27.10512],[142.18631,27.10512],[142.18631,27.10512],[142.18631,27.10512]]],[[[142.16779,26.65809],[142.16779,26.65809],[142.16779,26.65809],[142.16779,26.65809]]],[[[142.21858,27.04126],[142.21858,27.04126],[142.21858,27.04126],[142.21858,27.04126]]],[[[142.12135,26.70368],[142.12135,26.70368],[142.12135,26.70368],[142.12135,26.70368]]],[[[142.14411,26.67684],[142.14411,26.67684],[142.14411,26.67684],[142.14411,26.67684]]],[[[141.45378,24.22646],[141.45378,24.22646],[141.45378,24.22646],[141.45378,24.22646]]],[[[142.18233,27.07466],[142.18233,27.07466],[142.18233,27.07466],[142.18233,27.07466]]],[[[142.1862,27.05507],[142.1862,27.05507],[142.1862,27.05507],[142.1862,27.05507]]],[[[142.21828,27.04062],[142.21828,27.04062],[142.21828,27.04062],[142.21828,27.04062]]],[[[142.17167,26.64228],[142.17167,26.64228],[142.17167,26.64228],[142.17167,26.64228]]],[[[141.469,24.2272],[141.469,24.2272],[141.469,24.2272],[141.469,24.2272]]],[[[141.46989,24.22953],[141.46989,24.22953],[141.46989,24.22953],[141.46989,24.22953]]],[[[142.14325,26.66912],[142.14325,26.66912],[142.14325,26.66912],[142.14325,26.66912]]],[[[141.2851,24.79042],[141.2851,24.79042],[141.2851,24.79042],[141.2851,24.79042]]],[[[142.16752,26.65841],[142.16752,26.65841],[142.16752,26.65841],[142.16752,26.65841]]],[[[142.18871,27.10501],[142.18871,27.10501],[142.18871,27.10501],[142.18871,27.10501]]],[[[142.1375,26.70029],[142.1375,26.70029],[142.1375,26.70029],[142.1375,26.70029]]],[[[142.23577,27.11118],[142.23577,27.11118],[142.23577,27.11118],[142.23577,27.11118]]],[[[142.19139,27.04228],[142.19139,27.04228],[142.19139,27.04228],[142.19139,27.04228]]],[[[142.14277,26.66597],[142.14277,26.66597],[142.14277,26.66597],[142.14277,26.66597]]],[[[142.22322,27.09169],[142.22322,27.09169],[142.22322,27.09169],[142.22322,27.09169]]],[[[142.22311,27.11012],[142.22311,27.11012],[142.22311,27.11012],[142.22311,27.11012]]],[[[142.15968,26.68726],[142.15968,26.68726],[142.15968,26.68726],[142.15968,26.68726]]],[[[142.13094,26.68854],[142.13094,26.68854],[142.13094,26.68854],[142.13094,26.68854]]],[[[141.46665,24.24344],[141.46665,24.24344],[141.46665,24.24344],[141.46665,24.24344]]],[[[142.23112,27.0613],[142.23112,27.0613],[142.23112,27.0613],[142.23112,27.0613]]],[[[141.45333,24.22825],[141.45333,24.22825],[141.45333,24.22825],[141.45333,24.22825]]],[[[142.18951,27.08871],[142.18951,27.08871],[142.18951,27.08871],[142.18951,27.08871]]],[[[142.13125,26.70495],[142.13125,26.70495],[142.13125,26.70495],[142.13125,26.70495]]],[[[142.14214,26.66596],[142.14214,26.66596],[142.14214,26.66596],[142.14214,26.66596]]],[[[142.18535,27.09162],[142.18535,27.09162],[142.18535,27.09162],[142.18535,27.09162]]],[[[142.19377,27.04041],[142.19377,27.04041],[142.19377,27.04041],[142.19377,27.04041]]],[[[142.14911,26.66331],[142.14911,26.66331],[142.14911,26.66331],[142.14911,26.66331]]],[[[142.18185,27.10074],[142.18185,27.10074],[142.18185,27.10074],[142.18185,27.10074]]],[[[142.17101,26.65786],[142.17101,26.65786],[142.17101,26.65786],[142.17101,26.65786]]],[[[142.14423,26.671],[142.14423,26.671],[142.14423,26.671],[142.14423,26.671]]],[[[142.13892,26.67913],[142.13892,26.67913],[142.13892,26.67913],[142.13892,26.67913]]],[[[142.21745,27.04144],[142.21745,27.04144],[142.21745,27.04144],[142.21745,27.04144]]],[[[142.1799,26.60894],[142.1799,26.60894],[142.1799,26.60894],[142.1799,26.60894]]],[[[142.21737,27.0399],[142.21737,27.0399],[142.21737,27.0399],[142.21737,27.0399]]],[[[141.28548,24.74895],[141.28548,24.74895],[141.28548,24.74895],[141.28548,24.74895]]],[[[142.18497,27.08615],[142.18497,27.08615],[142.18497,27.08615],[142.18497,27.08615]]],[[[142.15275,26.63778],[142.15275,26.63778],[142.15275,26.63778],[142.15275,26.63778]]],[[[142.20359,27.09048],[142.20359,27.09048],[142.20359,27.09048],[142.20359,27.09048]]],[[[142.15226,26.70635],[142.15226,26.70635],[142.15226,26.70635],[142.15226,26.70635]]],[[[142.1924,27.06773],[142.1924,27.06773],[142.1924,27.06773],[142.1924,27.06773]]],[[[142.17394,26.65245],[142.17394,26.65245],[142.17394,26.65245],[142.17394,26.65245]]],[[[142.13639,26.70054],[142.13639,26.70054],[142.13639,26.70054],[142.13639,26.70054]]],[[[142.16258,26.67102],[142.16258,26.67102],[142.16258,26.67102],[142.16258,26.67102]]],[[[142.19333,27.0402],[142.19333,27.0402],[142.19333,27.0402],[142.19333,27.0402]]],[[[142.22524,27.04395],[142.22524,27.04395],[142.22524,27.04395],[142.22524,27.04395]]],[[[142.21947,27.04132],[142.21947,27.04132],[142.21947,27.04132],[142.21947,27.04132]]],[[[142.18532,27.09127],[142.18532,27.09127],[142.18532,27.09127],[142.18532,27.09127]]],[[[142.13338,26.70271],[142.13338,26.70271],[142.13338,26.70271],[142.13338,26.70271]]],[[[142.23117,27.08119],[142.23117,27.08119],[142.23117,27.08119],[142.23117,27.08119]]],[[[142.16621,26.68364],[142.16621,26.68364],[142.16621,26.68364],[142.16621,26.68364]]],[[[142.22946,27.05574],[142.22946,27.05574],[142.22946,27.05574],[142.22946,27.05574]]],[[[142.21451,27.10105],[142.21451,27.10105],[142.21451,27.10105],[142.21451,27.10105]]],[[[142.20519,27.07765],[142.20519,27.07765],[142.20519,27.07765],[142.20519,27.07765]]],[[[142.19119,27.10511],[142.19119,27.10511],[142.19119,27.10511],[142.19119,27.10511]]],[[[142.18558,27.04832],[142.18558,27.04832],[142.18558,27.04832],[142.18558,27.04832]]],[[[142.16373,26.6764],[142.16373,26.6764],[142.16373,26.6764],[142.16373,26.6764]]],[[[141.46496,24.24421],[141.46496,24.24421],[141.46496,24.24421],[141.46496,24.24421]]],[[[142.18635,27.04294],[142.18635,27.04294],[142.18635,27.04294],[142.18635,27.04294]]],[[[142.13098,26.68711],[142.13098,26.68711],[142.13098,26.68711],[142.13098,26.68711]]],[[[142.18217,27.10154],[142.18217,27.10154],[142.18217,27.10154],[142.18217,27.10154]]],[[[142.2174,27.04015],[142.2174,27.04015],[142.2174,27.04015],[142.2174,27.04015]]],[[[142.18622,27.10504],[142.18622,27.10504],[142.18622,27.10504],[142.18622,27.10504]]],[[[141.45542,24.22523],[141.45542,24.22523],[141.45542,24.22523],[141.45542,24.22523]]],[[[142.21391,27.03912],[142.21391,27.03912],[142.21391,27.03912],[142.21391,27.03912]]],[[[142.20223,27.04431],[142.20223,27.04431],[142.20223,27.04431],[142.20223,27.04431]]],[[[142.21927,27.04133],[142.21927,27.04133],[142.21927,27.04133],[142.21927,27.04133]]],[[[142.16292,26.66879],[142.16292,26.66879],[142.16292,26.66879],[142.16292,26.66879]]],[[[142.21798,27.04142],[142.21798,27.04142],[142.21798,27.04142],[142.21798,27.04142]]],[[[142.20321,27.09105],[142.20321,27.09105],[142.20321,27.09105],[142.20321,27.09105]]],[[[142.19166,27.06375],[142.19166,27.06375],[142.19166,27.06375],[142.19166,27.06375]]],[[[141.45422,24.22625],[141.45422,24.22625],[141.45422,24.22625],[141.45422,24.22625]]],[[[142.22519,27.08837],[142.22519,27.08837],[142.22519,27.08837],[142.22519,27.08837]]],[[[142.1367,26.70007],[142.1367,26.70007],[142.1367,26.70007],[142.1367,26.70007]]],[[[142.1631,26.67521],[142.1631,26.67521],[142.1631,26.67521],[142.1631,26.67521]]],[[[142.14973,26.70867],[142.14973,26.70867],[142.14973,26.70867],[142.14973,26.70867]]],[[[142.12943,26.6931],[142.12943,26.6931],[142.12943,26.6931],[142.12943,26.6931]]],[[[142.1938,27.04113],[142.1938,27.04113],[142.1938,27.04113],[142.1938,27.04113]]],[[[142.20204,27.08783],[142.20204,27.08783],[142.20204,27.08783],[142.20204,27.08783]]],[[[142.22536,27.03913],[142.22536,27.03913],[142.22536,27.03913],[142.22536,27.03913]]],[[[141.28493,24.80207],[141.28493,24.80207],[141.28493,24.80207],[141.28493,24.80207]]],[[[142.17495,26.5978],[142.17495,26.5978],[142.17495,26.5978],[142.17495,26.5978]]],[[[142.18314,27.09271],[142.18314,27.09271],[142.18314,27.09271],[142.18314,27.09271]]],[[[142.18146,27.04802],[142.18146,27.04802],[142.18146,27.04802],[142.18146,27.04802]]],[[[142.21755,27.0413],[142.21755,27.0413],[142.21755,27.0413],[142.21755,27.0413]]],[[[142.19101,27.04203],[142.19101,27.04203],[142.19101,27.04203],[142.19101,27.04203]]],[[[141.37872,24.78089],[141.37872,24.78089],[141.37872,24.78089],[141.37872,24.78089]]],[[[142.13189,26.68725],[142.13189,26.68725],[142.13189,26.68725],[142.13189,26.68725]]],[[[142.22224,27.09409],[142.22224,27.09409],[142.22224,27.09409],[142.22224,27.09409]]],[[[141.45446,24.22582],[141.45446,24.22582],[141.45446,24.22582],[141.45446,24.22582]]],[[[142.17337,26.65607],[142.17337,26.65607],[142.17337,26.65607],[142.17337,26.65607]]],[[[142.2301,27.08102],[142.2301,27.08102],[142.2301,27.08102],[142.2301,27.08102]]],[[[142.21766,27.04156],[142.21766,27.04156],[142.21766,27.04156],[142.21766,27.04156]]],[[[142.14299,26.66604],[142.14299,26.66604],[142.14299,26.66604],[142.14299,26.66604]]],[[[142.17661,26.65454],[142.17661,26.65454],[142.17661,26.65454],[142.17661,26.65454]]],[[[142.22452,27.08419],[142.22452,27.08419],[142.22452,27.08419],[142.22452,27.08419]]],[[[142.18442,27.04878],[142.18442,27.04878],[142.18442,27.04878],[142.18442,27.04878]]],[[[142.20503,27.08529],[142.20503,27.08529],[142.20503,27.08529],[142.20503,27.08529]]],[[[142.22459,27.09001],[142.22459,27.09001],[142.22459,27.09001],[142.22459,27.09001]]],[[[142.15228,26.64321],[142.15228,26.64321],[142.15228,26.64321],[142.15228,26.64321]]],[[[141.4592,24.22468],[141.4592,24.22468],[141.4592,24.22468],[141.4592,24.22468]]],[[[142.15683,26.68565],[142.15683,26.68565],[142.15683,26.68565],[142.15683,26.68565]]],[[[142.17569,26.65479],[142.17569,26.65479],[142.17569,26.65479],[142.17569,26.65479]]],[[[142.12887,26.69303],[142.12887,26.69303],[142.12887,26.69303],[142.12887,26.69303]]],[[[142.12277,26.71052],[142.12277,26.71052],[142.12277,26.71052],[142.12277,26.71052]]],[[[142.21805,27.04144],[142.21805,27.04144],[142.21805,27.04144],[142.21805,27.04144]]],[[[142.17342,26.64459],[142.17342,26.64459],[142.17342,26.64459],[142.17342,26.64459]]],[[[142.1486,26.70928],[142.1486,26.70928],[142.1486,26.70928],[142.1486,26.70928]]],[[[141.45391,24.22679],[141.45391,24.22679],[141.45391,24.22679],[141.45391,24.22679]]],[[[142.20217,27.08813],[142.20217,27.08813],[142.20217,27.08813],[142.20217,27.08813]]],[[[142.1818,27.10158],[142.1818,27.10158],[142.1818,27.10158],[142.1818,27.10158]]],[[[142.22518,27.08797],[142.22518,27.08797],[142.22518,27.08797],[142.22518,27.08797]]],[[[142.18604,27.08424],[142.18604,27.08424],[142.18604,27.08424],[142.18604,27.08424]]],[[[142.2338,27.07493],[142.2338,27.07493],[142.2338,27.07493],[142.2338,27.07493]]],[[[142.12296,26.7129],[142.12296,26.7129],[142.12296,26.7129],[142.12296,26.7129]]],[[[141.29269,24.74879],[141.29269,24.74879],[141.29269,24.74879],[141.29269,24.74879]]],[[[141.28605,24.78521],[141.28605,24.78521],[141.28605,24.78521],[141.28605,24.78521]]],[[[142.2053,27.08538],[142.2053,27.08538],[142.2053,27.08538],[142.2053,27.08538]]],[[[142.21915,27.0413],[142.21915,27.0413],[142.21915,27.0413],[142.21915,27.0413]]],[[[142.14437,26.67606],[142.14437,26.67606],[142.14437,26.67606],[142.14437,26.67606]]],[[[142.22404,27.09075],[142.22404,27.09075],[142.22404,27.09075],[142.22404,27.09075]]],[[[141.34409,24.80028],[141.34409,24.80028],[141.34409,24.80028],[141.34409,24.80028]]],[[[142.1405,26.70802],[142.1405,26.70802],[142.1405,26.70802],[142.1405,26.70802]]],[[[142.24182,27.09405],[142.24182,27.09405],[142.24182,27.09405],[142.24182,27.09405]]],[[[142.12983,26.69069],[142.12983,26.69069],[142.12983,26.69069],[142.12983,26.69069]]],[[[141.28539,24.78527],[141.28539,24.78527],[141.28539,24.78527],[141.28539,24.78527]]],[[[142.17649,26.60096],[142.17649,26.60096],[142.17649,26.60096],[142.17649,26.60096]]],[[[142.19455,27.04099],[142.19455,27.04099],[142.19455,27.04099],[142.19455,27.04099]]],[[[141.30437,24.75611],[141.30437,24.75611],[141.30437,24.75611],[141.30437,24.75611]]],[[[142.19127,27.06474],[142.19127,27.06474],[142.19127,27.06474],[142.19127,27.06474]]],[[[142.18622,27.08466],[142.18622,27.08466],[142.18622,27.08466],[142.18622,27.08466]]],[[[142.18603,27.08342],[142.18603,27.08342],[142.18603,27.08342],[142.18603,27.08342]]],[[[142.18785,27.04436],[142.18785,27.04436],[142.18785,27.04436],[142.18785,27.04436]]],[[[142.16592,26.68004],[142.16592,26.68004],[142.16592,26.68004],[142.16592,26.68004]]],[[[142.1409,26.70519],[142.1409,26.70519],[142.1409,26.70519],[142.1409,26.70519]]],[[[142.16578,26.68001],[142.16578,26.68001],[142.16578,26.68001],[142.16578,26.68001]]],[[[142.16576,26.67995],[142.16576,26.67995],[142.16576,26.67995],[142.16576,26.67995]]],[[[142.22931,27.08129],[142.22931,27.08129],[142.22931,27.08129],[142.22931,27.08129]]],[[[141.34137,24.80419],[141.34137,24.80419],[141.34137,24.80419],[141.34137,24.80419]]],[[[142.19389,27.04038],[142.19389,27.04038],[142.19389,27.04038],[142.19389,27.04038]]],[[[142.23687,27.05004],[142.23687,27.05004],[142.23687,27.05004],[142.23687,27.05004]]],[[[142.17305,26.63756],[142.17305,26.63756],[142.17305,26.63756],[142.17305,26.63756]]],[[[142.22217,27.0938],[142.22217,27.0938],[142.22217,27.0938],[142.22217,27.0938]]],[[[142.20279,27.04445],[142.20279,27.04445],[142.20279,27.04445],[142.20279,27.04445]]],[[[142.18982,27.06785],[142.18982,27.06785],[142.18982,27.06785],[142.18982,27.06785]]],[[[142.19863,27.04532],[142.19863,27.04532],[142.19863,27.04532],[142.19863,27.04532]]],[[[142.19511,27.04149],[142.19511,27.04149],[142.19511,27.04149],[142.19511,27.04149]]],[[[141.28494,24.78468],[141.28494,24.78468],[141.28494,24.78468],[141.28494,24.78468]]],[[[141.4532,24.23007],[141.4532,24.23007],[141.4532,24.23007],[141.4532,24.23007]]],[[[142.1467,26.65649],[142.1467,26.65649],[142.1467,26.65649],[142.1467,26.65649]]],[[[142.18414,27.07051],[142.18414,27.07051],[142.18414,27.07051],[142.18414,27.07051]]],[[[142.18176,27.07348],[142.18176,27.07348],[142.18176,27.07348],[142.18176,27.07348]]],[[[142.14117,26.67818],[142.14117,26.67818],[142.14117,26.67818],[142.14117,26.67818]]],[[[142.19354,27.06354],[142.19354,27.06354],[142.19354,27.06354],[142.19354,27.06354]]],[[[142.21822,27.04146],[142.21822,27.04146],[142.21822,27.04146],[142.21822,27.04146]]],[[[142.23175,27.08131],[142.23175,27.08131],[142.23175,27.08131],[142.23175,27.08131]]],[[[142.17431,26.64896],[142.17431,26.64896],[142.17431,26.64896],[142.17431,26.64896]]],[[[142.25236,27.08978],[142.25236,27.08978],[142.25236,27.08978],[142.25236,27.08978]]],[[[142.2181,27.04138],[142.2181,27.04138],[142.2181,27.04138],[142.2181,27.04138]]],[[[142.23222,27.07014],[142.23222,27.07014],[142.23222,27.07014],[142.23222,27.07014]]],[[[142.1912,27.04211],[142.1912,27.04211],[142.1912,27.04211],[142.1912,27.04211]]],[[[142.17222,26.64378],[142.17222,26.64378],[142.17222,26.64378],[142.17222,26.64378]]],[[[142.12925,26.69469],[142.12925,26.69469],[142.12925,26.69469],[142.12925,26.69469]]],[[[142.12096,26.71551],[142.12096,26.71551],[142.12096,26.71551],[142.12096,26.71551]]],[[[142.19478,27.04136],[142.19478,27.04136],[142.19478,27.04136],[142.19478,27.04136]]],[[[142.17318,26.63767],[142.17318,26.63767],[142.17318,26.63767],[142.17318,26.63767]]],[[[141.45316,24.22967],[141.45316,24.22967],[141.45316,24.22967],[141.45316,24.22967]]],[[[142.17343,26.60785],[142.17343,26.60785],[142.17343,26.60785],[142.17343,26.60785]]],[[[142.23178,27.07034],[142.23178,27.07034],[142.23178,27.07034],[142.23178,27.07034]]],[[[142.18103,27.0726],[142.18103,27.0726],[142.18103,27.0726],[142.18103,27.0726]]],[[[142.14286,26.67132],[142.14286,26.67132],[142.14286,26.67132],[142.14286,26.67132]]],[[[141.28639,24.79995],[141.28639,24.79995],[141.28639,24.79995],[141.28639,24.79995]]],[[[142.13518,26.68552],[142.13518,26.68552],[142.13518,26.68552],[142.13518,26.68552]]],[[[142.21655,27.04094],[142.21655,27.04094],[142.21655,27.04094],[142.21655,27.04094]]],[[[141.46972,24.24249],[141.46972,24.24249],[141.46972,24.24249],[141.46972,24.24249]]],[[[142.13022,26.69108],[142.13022,26.69108],[142.13022,26.69108],[142.13022,26.69108]]],[[[142.20723,27.08296],[142.20723,27.08296],[142.20723,27.08296],[142.20723,27.08296]]],[[[142.23155,27.0813],[142.23155,27.0813],[142.23155,27.0813],[142.23155,27.0813]]],[[[142.17491,26.59819],[142.17491,26.59819],[142.17491,26.59819],[142.17491,26.59819]]],[[[142.19204,27.10521],[142.19204,27.10521],[142.19204,27.10521],[142.19204,27.10521]]],[[[142.20341,27.09045],[142.20341,27.09045],[142.20341,27.09045],[142.20341,27.09045]]],[[[142.16382,26.67677],[142.16382,26.67677],[142.16382,26.67677],[142.16382,26.67677]]],[[[142.22526,27.04384],[142.22526,27.04384],[142.22526,27.04384],[142.22526,27.04384]]],[[[142.13948,26.70077],[142.13948,26.70077],[142.13948,26.70077],[142.13948,26.70077]]],[[[142.17373,26.60795],[142.17373,26.60795],[142.17373,26.60795],[142.17373,26.60795]]],[[[142.21828,27.0414],[142.21828,27.0414],[142.21828,27.0414],[142.21828,27.0414]]],[[[142.2406,27.04724],[142.2406,27.04724],[142.2406,27.04724],[142.2406,27.04724]]],[[[142.18292,27.0708],[142.18292,27.0708],[142.18292,27.0708],[142.18292,27.0708]]],[[[141.46797,24.22691],[141.46797,24.22691],[141.46797,24.22691],[141.46797,24.22691]]],[[[142.1913,27.04226],[142.1913,27.04226],[142.1913,27.04226],[142.1913,27.04226]]],[[[142.18318,27.10338],[142.18318,27.10338],[142.18318,27.10338],[142.18318,27.10338]]],[[[142.12287,26.70677],[142.12287,26.70677],[142.12287,26.70677],[142.12287,26.70677]]],[[[142.23172,27.0664],[142.23172,27.0664],[142.23172,27.0664],[142.23172,27.0664]]],[[[142.2522,27.08955],[142.2522,27.08955],[142.2522,27.08955],[142.2522,27.08955]]],[[[142.21263,27.03982],[142.21263,27.03982],[142.21263,27.03982],[142.21263,27.03982]]],[[[142.12999,26.69248],[142.12999,26.69248],[142.12999,26.69248],[142.12999,26.69248]]],[[[142.23146,27.06641],[142.23146,27.06641],[142.23146,27.06641],[142.23146,27.06641]]],[[[142.21237,27.04054],[142.21237,27.04054],[142.21237,27.04054],[142.21237,27.04054]]],[[[141.30485,24.75622],[141.30485,24.75622],[141.30485,24.75622],[141.30485,24.75622]]],[[[142.18651,27.10527],[142.18651,27.10527],[142.18651,27.10527],[142.18651,27.10527]]],[[[142.23175,27.06421],[142.23175,27.06421],[142.23175,27.06421],[142.23175,27.06421]]],[[[142.17956,26.65573],[142.17956,26.65573],[142.17956,26.65573],[142.17956,26.65573]]],[[[142.14467,26.67393],[142.14467,26.67393],[142.14467,26.67393],[142.14467,26.67393]]],[[[141.28579,24.78973],[141.28579,24.78973],[141.28579,24.78973],[141.28579,24.78973]]],[[[142.18936,27.10468],[142.18936,27.10468],[142.18936,27.10468],[142.18936,27.10468]]],[[[142.13834,26.67958],[142.13834,26.67958],[142.13834,26.67958],[142.13834,26.67958]]],[[[142.16322,26.67527],[142.16322,26.67527],[142.16322,26.67527],[142.16322,26.67527]]],[[[142.17446,27.03443],[142.17446,27.03443],[142.17446,27.03443],[142.17446,27.03443]]],[[[142.20325,27.08677],[142.20325,27.08677],[142.20325,27.08677],[142.20325,27.08677]]],[[[142.23136,27.06667],[142.23136,27.06667],[142.23136,27.06667],[142.23136,27.06667]]],[[[142.17663,26.65468],[142.17663,26.65468],[142.17663,26.65468],[142.17663,26.65468]]],[[[142.1469,26.68996],[142.1469,26.68996],[142.1469,26.68996],[142.1469,26.68996]]],[[[142.19104,27.07419],[142.19104,27.07419],[142.19104,27.07419],[142.19104,27.07419]]],[[[142.17314,26.63749],[142.17314,26.63749],[142.17314,26.63749],[142.17314,26.63749]]],[[[142.2311,27.06841],[142.2311,27.06841],[142.2311,27.06841],[142.2311,27.06841]]],[[[142.14093,26.67102],[142.14093,26.67102],[142.14093,26.67102],[142.14093,26.67102]]],[[[142.20709,27.0786],[142.20709,27.0786],[142.20709,27.0786],[142.20709,27.0786]]],[[[142.23342,27.07435],[142.23342,27.07435],[142.23342,27.07435],[142.23342,27.07435]]],[[[142.21682,27.04131],[142.21682,27.04131],[142.21682,27.04131],[142.21682,27.04131]]],[[[142.13347,26.70277],[142.13347,26.70277],[142.13347,26.70277],[142.13347,26.70277]]],[[[142.21334,27.03938],[142.21334,27.03938],[142.21334,27.03938],[142.21334,27.03938]]],[[[141.28461,24.75107],[141.28461,24.75107],[141.28461,24.75107],[141.28461,24.75107]]],[[[142.12236,26.70898],[142.12236,26.70898],[142.12236,26.70898],[142.12236,26.70898]]],[[[142.21833,27.04111],[142.21833,27.04111],[142.21833,27.04111],[142.21833,27.04111]]],[[[142.23037,27.08051],[142.23037,27.08051],[142.23037,27.08051],[142.23037,27.08051]]],[[[142.18728,27.06038],[142.18728,27.06038],[142.18728,27.06038],[142.18728,27.06038]]],[[[142.18223,27.09379],[142.18223,27.09379],[142.18223,27.09379],[142.18223,27.09379]]],[[[142.16389,26.6768],[142.16389,26.6768],[142.16389,26.6768],[142.16389,26.6768]]],[[[142.16278,26.67062],[142.16278,26.67062],[142.16278,26.67062],[142.16278,26.67062]]],[[[142.18859,27.10512],[142.18859,27.10512],[142.18859,27.10512],[142.18859,27.10512]]],[[[142.12975,26.69129],[142.12975,26.69129],[142.12975,26.69129],[142.12975,26.69129]]],[[[142.20384,27.08557],[142.20384,27.08557],[142.20384,27.08557],[142.20384,27.08557]]],[[[142.19125,27.04206],[142.19125,27.04206],[142.19125,27.04206],[142.19125,27.04206]]],[[[141.45862,24.22453],[141.45862,24.22453],[141.45862,24.22453],[141.45862,24.22453]]],[[[142.20309,27.04432],[142.20309,27.04432],[142.20309,27.04432],[142.20309,27.04432]]],[[[142.16424,26.68721],[142.16424,26.68721],[142.16424,26.68721],[142.16424,26.68721]]],[[[142.22908,27.08134],[142.22908,27.08134],[142.22908,27.08134],[142.22908,27.08134]]],[[[142.16884,26.65822],[142.16884,26.65822],[142.16884,26.65822],[142.16884,26.65822]]],[[[142.23614,27.04947],[142.23614,27.04947],[142.23614,27.04947],[142.23614,27.04947]]],[[[142.23101,27.06815],[142.23101,27.06815],[142.23101,27.06815],[142.23101,27.06815]]],[[[142.18164,26.61783],[142.18164,26.61783],[142.18164,26.61783],[142.18164,26.61783]]],[[[142.14415,26.67089],[142.14415,26.67089],[142.14415,26.67089],[142.14415,26.67089]]],[[[142.19529,27.04262],[142.19529,27.04262],[142.19529,27.04262],[142.19529,27.04262]]],[[[142.14685,26.68617],[142.14685,26.68617],[142.14685,26.68617],[142.14685,26.68617]]],[[[142.16752,26.63119],[142.16752,26.63119],[142.16752,26.63119],[142.16752,26.63119]]],[[[142.16471,26.66038],[142.16471,26.66038],[142.16471,26.66038],[142.16471,26.66038]]],[[[141.45793,24.22479],[141.45793,24.22479],[141.45793,24.22479],[141.45793,24.22479]]],[[[142.18632,27.05434],[142.18632,27.05434],[142.18632,27.05434],[142.18632,27.05434]]],[[[142.18458,27.09192],[142.18458,27.09192],[142.18458,27.09192],[142.18458,27.09192]]],[[[142.12593,26.70216],[142.12593,26.70216],[142.12593,26.70216],[142.12593,26.70216]]],[[[142.23579,27.08488],[142.23579,27.08488],[142.23579,27.08488],[142.23579,27.08488]]],[[[142.15196,26.68374],[142.15196,26.68374],[142.15196,26.68374],[142.15196,26.68374]]],[[[141.28578,24.78499],[141.28578,24.78499],[141.28578,24.78499],[141.28578,24.78499]]],[[[142.19038,27.04297],[142.19038,27.04297],[142.19038,27.04297],[142.19038,27.04297]]],[[[142.12292,26.71165],[142.12292,26.71165],[142.12292,26.71165],[142.12292,26.71165]]],[[[142.22322,27.09185],[142.22322,27.09185],[142.22322,27.09185],[142.22322,27.09185]]],[[[142.14887,26.68524],[142.14887,26.68524],[142.14887,26.68524],[142.14887,26.68524]]],[[[142.14752,26.66043],[142.14752,26.66043],[142.14752,26.66043],[142.14752,26.66043]]],[[[142.24053,27.0472],[142.24053,27.0472],[142.24053,27.0472],[142.24053,27.0472]]],[[[142.23263,27.07255],[142.23263,27.07255],[142.23263,27.07255],[142.23263,27.07255]]],[[[141.29357,24.75006],[141.29357,24.75006],[141.29357,24.75006],[141.29357,24.75006]]],[[[142.19585,27.03852],[142.19585,27.03852],[142.19585,27.03852],[142.19585,27.03852]]],[[[142.1822,27.09843],[142.1822,27.09843],[142.1822,27.09843],[142.1822,27.09843]]],[[[142.12907,26.68827],[142.12907,26.68827],[142.12907,26.68827],[142.12907,26.68827]]],[[[142.14612,26.65303],[142.14612,26.65303],[142.14612,26.65303],[142.14612,26.65303]]],[[[142.1718,26.64267],[142.1718,26.64267],[142.1718,26.64267],[142.1718,26.64267]]],[[[141.28592,24.80601],[141.28592,24.80601],[141.28592,24.80601],[141.28592,24.80601]]],[[[142.20556,27.07796],[142.20556,27.07796],[142.20556,27.07796],[142.20556,27.07796]]],[[[142.17461,26.64976],[142.17461,26.64976],[142.17461,26.64976],[142.17461,26.64976]]],[[[141.28406,24.79843],[141.28406,24.79843],[141.28406,24.79843],[141.28406,24.79843]]],[[[142.18937,27.05419],[142.18937,27.05419],[142.18937,27.05419],[142.18937,27.05419]]],[[[142.21655,27.04124],[142.21655,27.04124],[142.21655,27.04124],[142.21655,27.04124]]],[[[142.13405,26.70004],[142.13405,26.70004],[142.13405,26.70004],[142.13405,26.70004]]],[[[142.16407,26.67774],[142.16407,26.67774],[142.16407,26.67774],[142.16407,26.67774]]],[[[142.12279,26.71117],[142.12279,26.71117],[142.12279,26.71117],[142.12279,26.71117]]],[[[141.28585,24.78536],[141.28585,24.78536],[141.28585,24.78536],[141.28585,24.78536]]],[[[142.21278,27.03988],[142.21278,27.03988],[142.21278,27.03988],[142.21278,27.03988]]],[[[141.2855,24.80478],[141.2855,24.80478],[141.2855,24.80478],[141.2855,24.80478]]],[[[142.16254,26.67107],[142.16254,26.67107],[142.16254,26.67107],[142.16254,26.67107]]],[[[142.17191,26.65746],[142.17191,26.65746],[142.17191,26.65746],[142.17191,26.65746]]],[[[142.23342,27.08122],[142.23342,27.08122],[142.23342,27.08122],[142.23342,27.08122]]],[[[142.18617,27.03975],[142.18617,27.03975],[142.18617,27.03975],[142.18617,27.03975]]],[[[141.34149,24.80422],[141.34149,24.80422],[141.34149,24.80422],[141.34149,24.80422]]],[[[141.28438,24.75069],[141.28438,24.75069],[141.28438,24.75069],[141.28438,24.75069]]],[[[142.18612,27.05439],[142.18612,27.05439],[142.18612,27.05439],[142.18612,27.05439]]],[[[141.28752,24.80713],[141.28752,24.80713],[141.28752,24.80713],[141.28752,24.80713]]],[[[142.21035,27.04016],[142.21035,27.04016],[142.21035,27.04016],[142.21035,27.04016]]],[[[142.12955,26.69325],[142.12955,26.69325],[142.12955,26.69325],[142.12955,26.69325]]],[[[142.17344,26.59813],[142.17344,26.59813],[142.17344,26.59813],[142.17344,26.59813]]],[[[142.18208,27.0942],[142.18208,27.0942],[142.18208,27.0942],[142.18208,27.0942]]],[[[142.18486,27.08616],[142.18486,27.08616],[142.18486,27.08616],[142.18486,27.08616]]],[[[142.19411,27.04041],[142.19411,27.04041],[142.19411,27.04041],[142.19411,27.04041]]],[[[142.12254,26.70648],[142.12254,26.70648],[142.12254,26.70648],[142.12254,26.70648]]],[[[141.37907,24.77923],[141.37907,24.77923],[141.37907,24.77923],[141.37907,24.77923]]],[[[142.12824,26.69783],[142.12824,26.69783],[142.12824,26.69783],[142.12824,26.69783]]],[[[142.23626,27.05084],[142.23626,27.05084],[142.23626,27.05084],[142.23626,27.05084]]],[[[142.14643,26.65653],[142.14643,26.65653],[142.14643,26.65653],[142.14643,26.65653]]],[[[142.19155,27.04221],[142.19155,27.04221],[142.19155,27.04221],[142.19155,27.04221]]],[[[142.1837,27.07059],[142.1837,27.07059],[142.1837,27.07059],[142.1837,27.07059]]],[[[142.18482,27.08641],[142.18482,27.08641],[142.18482,27.08641],[142.18482,27.08641]]],[[[141.45476,24.22559],[141.45476,24.22559],[141.45476,24.22559],[141.45476,24.22559]]],[[[142.1861,26.65978],[142.1861,26.65978],[142.1861,26.65978],[142.1861,26.65978]]],[[[142.17194,26.65706],[142.17194,26.65706],[142.17194,26.65706],[142.17194,26.65706]]],[[[142.21738,27.0415],[142.21738,27.0415],[142.21738,27.0415],[142.21738,27.0415]]],[[[141.28565,24.79718],[141.28565,24.79718],[141.28565,24.79718],[141.28565,24.79718]]],[[[142.17422,26.63577],[142.17422,26.63577],[142.17422,26.63577],[142.17422,26.63577]]],[[[142.1235,26.70517],[142.1235,26.70517],[142.1235,26.70517],[142.1235,26.70517]]],[[[142.21835,27.0408],[142.21835,27.0408],[142.21835,27.0408],[142.21835,27.0408]]],[[[142.15292,26.64168],[142.15292,26.64168],[142.15292,26.64168],[142.15292,26.64168]]],[[[142.14402,26.67683],[142.14402,26.67683],[142.14402,26.67683],[142.14402,26.67683]]],[[[142.19706,27.04447],[142.19706,27.04447],[142.19706,27.04447],[142.19706,27.04447]]],[[[142.14708,26.68519],[142.14708,26.68519],[142.14708,26.68519],[142.14708,26.68519]]],[[[142.14193,26.67011],[142.14193,26.67011],[142.14193,26.67011],[142.14193,26.67011]]],[[[142.23379,27.07787],[142.23379,27.07787],[142.23379,27.07787],[142.23379,27.07787]]],[[[141.28798,24.80755],[141.28798,24.80755],[141.28798,24.80755],[141.28798,24.80755]]],[[[142.2335,27.0783],[142.2335,27.0783],[142.2335,27.0783],[142.2335,27.0783]]],[[[142.14455,26.67513],[142.14455,26.67513],[142.14455,26.67513],[142.14455,26.67513]]],[[[142.23623,27.055],[142.23623,27.055],[142.23623,27.055],[142.23623,27.055]]],[[[141.28432,24.79944],[141.28432,24.79944],[141.28432,24.79944],[141.28432,24.79944]]],[[[142.15706,26.69961],[142.15706,26.69961],[142.15706,26.69961],[142.15706,26.69961]]],[[[141.28728,24.80261],[141.28728,24.80261],[141.28728,24.80261],[141.28728,24.80261]]],[[[142.20624,27.0778],[142.20624,27.0778],[142.20624,27.0778],[142.20624,27.0778]]],[[[142.20321,27.04391],[142.20321,27.04391],[142.20321,27.04391],[142.20321,27.04391]]],[[[142.23002,27.08101],[142.23002,27.08101],[142.23002,27.08101],[142.23002,27.08101]]],[[[142.18182,26.62114],[142.18182,26.62114],[142.18182,26.62114],[142.18182,26.62114]]],[[[142.21235,27.04036],[142.21235,27.04036],[142.21235,27.04036],[142.21235,27.04036]]],[[[142.17865,26.65553],[142.17865,26.65553],[142.17865,26.65553],[142.17865,26.65553]]],[[[141.28585,24.78951],[141.28585,24.78951],[141.28585,24.78951],[141.28585,24.78951]]],[[[142.17159,26.64346],[142.17159,26.64346],[142.17159,26.64346],[142.17159,26.64346]]],[[[142.17647,26.61684],[142.17647,26.61684],[142.17647,26.61684],[142.17647,26.61684]]],[[[142.18256,27.09626],[142.18256,27.09626],[142.18256,27.09626],[142.18256,27.09626]]],[[[142.18641,27.08937],[142.18641,27.08937],[142.18641,27.08937],[142.18641,27.08937]]],[[[142.18945,27.1051],[142.18945,27.1051],[142.18945,27.1051],[142.18945,27.1051]]],[[[141.28555,24.80511],[141.28555,24.80511],[141.28555,24.80511],[141.28555,24.80511]]],[[[141.28482,24.78717],[141.28482,24.78717],[141.28482,24.78717],[141.28482,24.78717]]],[[[142.19469,27.04115],[142.19469,27.04115],[142.19469,27.04115],[142.19469,27.04115]]],[[[141.46512,24.24413],[141.46512,24.24413],[141.46512,24.24413],[141.46512,24.24413]]],[[[142.19489,27.04222],[142.19489,27.04222],[142.19489,27.04222],[142.19489,27.04222]]],[[[142.17031,26.65801],[142.17031,26.65801],[142.17031,26.65801],[142.17031,26.65801]]],[[[142.23144,27.06661],[142.23144,27.06661],[142.23144,27.06661],[142.23144,27.06661]]],[[[142.18644,27.08988],[142.18644,27.08988],[142.18644,27.08988],[142.18644,27.08988]]],[[[141.47245,24.23587],[141.47245,24.23587],[141.47245,24.23587],[141.47245,24.23587]]],[[[142.17158,26.64238],[142.17158,26.64238],[142.17158,26.64238],[142.17158,26.64238]]],[[[142.18626,27.04382],[142.18626,27.04382],[142.18626,27.04382],[142.18626,27.04382]]],[[[142.16437,26.68719],[142.16437,26.68719],[142.16437,26.68719],[142.16437,26.68719]]],[[[141.28431,24.75062],[141.28431,24.75062],[141.28431,24.75062],[141.28431,24.75062]]],[[[142.23389,27.07491],[142.23389,27.07491],[142.23389,27.07491],[142.23389,27.07491]]],[[[142.23176,27.07072],[142.23176,27.07072],[142.23176,27.07072],[142.23176,27.07072]]],[[[142.182,27.09412],[142.182,27.09412],[142.182,27.09412],[142.182,27.09412]]],[[[142.1757,26.65485],[142.1757,26.65485],[142.1757,26.65485],[142.1757,26.65485]]],[[[142.23716,27.05122],[142.23716,27.05122],[142.23716,27.05122],[142.23716,27.05122]]],[[[142.19433,27.04087],[142.19433,27.04087],[142.19433,27.04087],[142.19433,27.04087]]],[[[142.17472,26.59944],[142.17472,26.59944],[142.17472,26.59944],[142.17472,26.59944]]],[[[141.4727,24.23743],[141.4727,24.23743],[141.4727,24.23743],[141.4727,24.23743]]],[[[142.20734,27.08295],[142.20734,27.08295],[142.20734,27.08295],[142.20734,27.08295]]],[[[142.22603,27.03918],[142.22603,27.03918],[142.22603,27.03918],[142.22603,27.03918]]],[[[142.18685,27.05711],[142.18685,27.05711],[142.18685,27.05711],[142.18685,27.05711]]],[[[142.16572,26.66013],[142.16572,26.66013],[142.16572,26.66013],[142.16572,26.66013]]],[[[142.16226,26.6714],[142.16226,26.6714],[142.16226,26.6714],[142.16226,26.6714]]],[[[142.16296,26.66601],[142.16296,26.66601],[142.16296,26.66601],[142.16296,26.66601]]],[[[142.18871,27.06795],[142.18871,27.06795],[142.18871,27.06795],[142.18871,27.06795]]],[[[141.29351,24.74978],[141.29351,24.74978],[141.29351,24.74978],[141.29351,24.74978]]],[[[142.18218,27.09342],[142.18218,27.09342],[142.18218,27.09342],[142.18218,27.09342]]],[[[142.18983,27.06853],[142.18983,27.06853],[142.18983,27.06853],[142.18983,27.06853]]],[[[141.31896,24.81323],[141.31896,24.81323],[141.31896,24.81323],[141.31896,24.81323]]],[[[142.18189,27.09452],[142.18189,27.09452],[142.18189,27.09452],[142.18189,27.09452]]],[[[142.21342,27.03934],[142.21342,27.03934],[142.21342,27.03934],[142.21342,27.03934]]],[[[142.19577,27.0386],[142.19577,27.0386],[142.19577,27.0386],[142.19577,27.0386]]],[[[141.28468,24.80084],[141.28468,24.80084],[141.28468,24.80084],[141.28468,24.80084]]],[[[142.18452,27.07059],[142.18452,27.07059],[142.18452,27.07059],[142.18452,27.07059]]],[[[142.23451,27.05641],[142.23451,27.05641],[142.23451,27.05641],[142.23451,27.05641]]],[[[142.18023,26.62998],[142.18023,26.62998],[142.18023,26.62998],[142.18023,26.62998]]],[[[153.97542,24.29111],[153.97542,24.29111],[153.97542,24.29111],[153.97542,24.29111]]],[[[142.16391,26.67705],[142.16391,26.67705],[142.16391,26.67705],[142.16391,26.67705]]],[[[142.19407,27.04008],[142.19407,27.04008],[142.19407,27.04008],[142.19407,27.04008]]],[[[142.20363,27.08583],[142.20363,27.08583],[142.20363,27.08583],[142.20363,27.08583]]],[[[142.21925,27.10087],[142.21925,27.10087],[142.21925,27.10087],[142.21925,27.10087]]],[[[142.17303,26.6369],[142.17303,26.6369],[142.17303,26.6369],[142.17303,26.6369]]],[[[142.1957,27.03868],[142.1957,27.03868],[142.1957,27.03868],[142.1957,27.03868]]],[[[142.20258,27.07919],[142.20258,27.07919],[142.20258,27.07919],[142.20258,27.07919]]],[[[142.19435,27.0408],[142.19435,27.0408],[142.19435,27.0408],[142.19435,27.0408]]],[[[142.18637,27.08944],[142.18637,27.08944],[142.18637,27.08944],[142.18637,27.08944]]],[[[142.21435,27.03924],[142.21435,27.03924],[142.21435,27.03924],[142.21435,27.03924]]],[[[142.12461,26.70497],[142.12461,26.70497],[142.12461,26.70497],[142.12461,26.70497]]],[[[142.22395,27.0914],[142.22395,27.0914],[142.22395,27.0914],[142.22395,27.0914]]],[[[142.22234,27.0939],[142.22234,27.0939],[142.22234,27.0939],[142.22234,27.0939]]],[[[142.23074,27.08074],[142.23074,27.08074],[142.23074,27.08074],[142.23074,27.08074]]],[[[142.12222,26.71465],[142.12222,26.71465],[142.12222,26.71465],[142.12222,26.71465]]],[[[142.14685,26.6878],[142.14685,26.6878],[142.14685,26.6878],[142.14685,26.6878]]],[[[142.17723,26.60253],[142.17723,26.60253],[142.17723,26.60253],[142.17723,26.60253]]],[[[141.34405,24.80024],[141.34405,24.80024],[141.34405,24.80024],[141.34405,24.80024]]],[[[142.20303,27.0793],[142.20303,27.0793],[142.20303,27.0793],[142.20303,27.0793]]],[[[142.23724,27.05373],[142.23724,27.05373],[142.23724,27.05373],[142.23724,27.05373]]],[[[142.18765,27.05862],[142.18765,27.05862],[142.18765,27.05862],[142.18765,27.05862]]],[[[142.21876,27.04145],[142.21876,27.04145],[142.21876,27.04145],[142.21876,27.04145]]],[[[142.18641,27.04314],[142.18641,27.04314],[142.18641,27.04314],[142.18641,27.04314]]],[[[141.28445,24.79962],[141.28446,24.79961],[141.28445,24.79962],[141.28445,24.79962]]],[[[141.37905,24.77957],[141.37905,24.77957],[141.37905,24.77957],[141.37905,24.77957]]],[[[142.16524,26.687],[142.16524,26.687],[142.16524,26.687],[142.16524,26.687]]],[[[142.18815,27.10523],[142.18815,27.10523],[142.18815,27.10523],[142.18815,27.10523]]],[[[142.17137,26.64305],[142.17137,26.64305],[142.17137,26.64305],[142.17137,26.64305]]],[[[142.1931,27.08977],[142.1931,27.08977],[142.1931,27.08977],[142.1931,27.08977]]],[[[142.1919,27.04208],[142.19191,27.04207],[142.1919,27.04208],[142.1919,27.04208]]],[[[142.16373,26.62973],[142.16373,26.62973],[142.16373,26.62973],[142.16373,26.62973]]],[[[142.1743,26.6504],[142.1743,26.6504],[142.1743,26.6504],[142.1743,26.6504]]],[[[142.12852,26.69768],[142.12852,26.69768],[142.12852,26.69768],[142.12852,26.69768]]],[[[142.203,27.08585],[142.203,27.08585],[142.203,27.08585],[142.203,27.08585]]],[[[142.21258,27.03996],[142.21258,27.03996],[142.21258,27.03996],[142.21258,27.03996]]],[[[142.18288,27.10331],[142.18288,27.10331],[142.18288,27.10331],[142.18288,27.10331]]],[[[142.21933,27.04127],[142.21933,27.04127],[142.21933,27.04127],[142.21933,27.04127]]],[[[142.13753,26.70025],[142.13753,26.70025],[142.13753,26.70025],[142.13753,26.70025]]],[[[142.12286,26.70691],[142.12286,26.70691],[142.12286,26.70691],[142.12286,26.70691]]],[[[142.24082,27.04755],[142.24082,27.04755],[142.24082,27.04755],[142.24082,27.04755]]],[[[142.21265,27.03975],[142.21265,27.03975],[142.21265,27.03975],[142.21265,27.03975]]],[[[142.13117,26.70674],[142.13117,26.70674],[142.13117,26.70674],[142.13117,26.70674]]],[[[141.46128,24.22534],[141.46128,24.22534],[141.46128,24.22534],[141.46128,24.22534]]],[[[142.23631,27.05087],[142.23631,27.05087],[142.23631,27.05087],[142.23631,27.05087]]],[[[142.16288,26.66879],[142.16288,26.66879],[142.16288,26.66879],[142.16288,26.66879]]],[[[142.21619,27.04079],[142.21619,27.04079],[142.21619,27.04079],[142.21619,27.04079]]],[[[142.17196,26.64361],[142.17196,26.64361],[142.17196,26.64361],[142.17196,26.64361]]],[[[141.28662,24.80674],[141.28662,24.80674],[141.28662,24.80674],[141.28662,24.80674]]],[[[142.17457,26.65323],[142.17457,26.65323],[142.17457,26.65323],[142.17457,26.65323]]],[[[142.17188,26.64358],[142.17188,26.64358],[142.17188,26.64358],[142.17188,26.64358]]],[[[142.18052,26.62412],[142.18052,26.62412],[142.18052,26.62412],[142.18052,26.62412]]],[[[142.1867,27.0607],[142.1867,27.0607],[142.1867,27.0607],[142.1867,27.0607]]],[[[142.19829,27.04528],[142.19829,27.04528],[142.19829,27.04528],[142.19829,27.04528]]],[[[141.28729,24.80251],[141.28729,24.80251],[141.28729,24.80251],[141.28729,24.80251]]],[[[142.20373,27.08585],[142.20373,27.08585],[142.20373,27.08585],[142.20373,27.08585]]],[[[142.18899,27.04389],[142.18899,27.04389],[142.18899,27.04389],[142.18899,27.04389]]],[[[142.14984,26.64814],[142.14984,26.64814],[142.14984,26.64814],[142.14984,26.64814]]],[[[142.23018,27.08075],[142.23018,27.08075],[142.23018,27.08075],[142.23018,27.08075]]],[[[142.12664,26.70171],[142.12664,26.70171],[142.12664,26.70171],[142.12664,26.70171]]],[[[142.18052,26.62412],[142.18052,26.62412],[142.18052,26.62412],[142.18052,26.62412]]],[[[142.15259,26.69758],[142.15259,26.69758],[142.15259,26.69758],[142.15259,26.69758]]],[[[142.18168,27.10026],[142.18168,27.10026],[142.18168,27.10026],[142.18168,27.10026]]],[[[141.2848,24.80232],[141.2848,24.80232],[141.2848,24.80232],[141.2848,24.80232]]],[[[142.23348,27.08118],[142.23348,27.08118],[142.23348,27.08118],[142.23348,27.08118]]],[[[142.19611,27.03838],[142.19611,27.03838],[142.19611,27.03838],[142.19611,27.03838]]],[[[142.21272,27.03978],[142.21272,27.03978],[142.21272,27.03978],[142.21272,27.03978]]],[[[142.23241,27.07245],[142.23241,27.07245],[142.23241,27.07245],[142.23241,27.07245]]],[[[142.1449,26.67432],[142.1449,26.67432],[142.1449,26.67432],[142.1449,26.67432]]],[[[142.12572,26.70207],[142.12572,26.70207],[142.12572,26.70207],[142.12572,26.70207]]],[[[142.18936,27.06854],[142.18936,27.06854],[142.18936,27.06854],[142.18936,27.06854]]],[[[142.21389,27.03921],[142.21389,27.03921],[142.21389,27.03921],[142.21389,27.03921]]],[[[142.22201,27.0936],[142.22201,27.0936],[142.22201,27.0936],[142.22201,27.0936]]],[[[141.46951,24.22794],[141.46951,24.22794],[141.46951,24.22794],[141.46951,24.22794]]],[[[141.28702,24.80696],[141.28702,24.80696],[141.28702,24.80696],[141.28702,24.80696]]],[[[141.37874,24.77987],[141.37874,24.77987],[141.37874,24.77987],[141.37874,24.77987]]],[[[142.22414,27.09075],[142.22414,27.09075],[142.22414,27.09075],[142.22414,27.09075]]],[[[141.28637,24.80678],[141.28637,24.80678],[141.28637,24.80678],[141.28637,24.80678]]],[[[141.28552,24.78837],[141.28552,24.78837],[141.28552,24.78837],[141.28552,24.78837]]],[[[142.20608,27.07782],[142.20608,27.07782],[142.20608,27.07782],[142.20608,27.07782]]],[[[142.23484,27.0769],[142.23484,27.0769],[142.23484,27.0769],[142.23484,27.0769]]],[[[141.28612,24.80627],[141.28612,24.80627],[141.28612,24.80627],[141.28612,24.80627]]],[[[141.28508,24.8027],[141.28508,24.8027],[141.28508,24.8027],[141.28508,24.8027]]],[[[142.18758,27.05867],[142.18758,27.05867],[142.18758,27.05867],[142.18758,27.05867]]],[[[142.15502,26.68473],[142.15502,26.68473],[142.15502,26.68473],[142.15502,26.68473]]],[[[142.21443,27.03934],[142.21443,27.03934],[142.21443,27.03934],[142.21443,27.03934]]],[[[142.19257,27.04221],[142.19257,27.04221],[142.19257,27.04221],[142.19257,27.04221]]],[[[141.28728,24.80298],[141.28728,24.80298],[141.28728,24.80298],[141.28728,24.80298]]],[[[141.30511,24.75647],[141.30511,24.75647],[141.30511,24.75647],[141.30511,24.75647]]],[[[141.28629,24.79053],[141.28629,24.79053],[141.28629,24.79053],[141.28629,24.79053]]],[[[142.18255,27.10212],[142.18255,27.10212],[142.18255,27.10212],[142.18255,27.10212]]],[[[141.4698,24.22937],[141.4698,24.22937],[141.4698,24.22937],[141.4698,24.22937]]],[[[141.47013,24.22957],[141.47013,24.22957],[141.47013,24.22957],[141.47013,24.22957]]],[[[142.20285,27.04441],[142.20285,27.04441],[142.20285,27.04441],[142.20285,27.04441]]],[[[142.12487,26.70436],[142.12487,26.70436],[142.12487,26.70436],[142.12487,26.70436]]],[[[142.1793,26.6084],[142.1793,26.6084],[142.1793,26.6084],[142.1793,26.6084]]],[[[142.13485,26.6995],[142.13485,26.6995],[142.13485,26.6995],[142.13485,26.6995]]],[[[142.23125,27.06733],[142.23125,27.06733],[142.23125,27.06733],[142.23125,27.06733]]],[[[142.23206,27.08101],[142.23206,27.08101],[142.23206,27.08101],[142.23206,27.08101]]],[[[142.14855,26.68447],[142.14855,26.68447],[142.14855,26.68447],[142.14855,26.68447]]],[[[142.23751,27.04885],[142.23751,27.04885],[142.23751,27.04885],[142.23751,27.04885]]],[[[142.23474,27.07155],[142.23474,27.07155],[142.23474,27.07155],[142.23474,27.07155]]],[[[142.12299,26.71266],[142.12299,26.71266],[142.12299,26.71266],[142.12299,26.71266]]],[[[142.23338,27.0811],[142.23338,27.0811],[142.23338,27.0811],[142.23338,27.0811]]],[[[142.23268,27.07253],[142.23268,27.07253],[142.23268,27.07253],[142.23268,27.07253]]],[[[142.14708,26.68745],[142.14708,26.68745],[142.14708,26.68745],[142.14708,26.68745]]],[[[141.37983,24.77968],[141.37983,24.77968],[141.37983,24.77968],[141.37983,24.77968]]],[[[142.2335,27.0757],[142.2335,27.0757],[142.2335,27.0757],[142.2335,27.0757]]],[[[141.28581,24.78982],[141.28581,24.78982],[141.28581,24.78982],[141.28581,24.78982]]],[[[142.12604,26.70107],[142.12604,26.70107],[142.12604,26.70107],[142.12604,26.70107]]],[[[141.28534,24.78733],[141.28534,24.78733],[141.28534,24.78733],[141.28534,24.78733]]],[[[142.1796,26.65579],[142.1796,26.65579],[142.1796,26.65579],[142.1796,26.65579]]],[[[142.14358,26.67151],[142.14358,26.67151],[142.14358,26.67151],[142.14358,26.67151]]],[[[142.17842,26.60417],[142.17842,26.60417],[142.17842,26.60417],[142.17842,26.60417]]],[[[142.22467,27.08756],[142.22467,27.08756],[142.22467,27.08756],[142.22467,27.08756]]],[[[142.24706,27.09091],[142.24706,27.09091],[142.24706,27.09091],[142.24706,27.09091]]],[[[142.17309,26.63747],[142.17309,26.63747],[142.17309,26.63747],[142.17309,26.63747]]],[[[142.13198,26.68811],[142.13198,26.68811],[142.13198,26.68811],[142.13198,26.68811]]],[[[141.28647,24.78503],[141.28647,24.78503],[141.28647,24.78503],[141.28647,24.78503]]],[[[153.97676,24.29223],[153.97676,24.29223],[153.97676,24.29223],[153.97676,24.29223]]],[[[142.17178,26.64341],[142.17178,26.64341],[142.17178,26.64341],[142.17178,26.64341]]],[[[142.15485,26.70889],[142.15485,26.70889],[142.15485,26.70889],[142.15485,26.70889]]],[[[142.18622,27.08967],[142.18622,27.08967],[142.18622,27.08967],[142.18622,27.08967]]],[[[141.28532,24.80395],[141.28532,24.80395],[141.28532,24.80395],[141.28532,24.80395]]],[[[142.18189,27.09433],[142.18189,27.09433],[142.18189,27.09433],[142.18189,27.09433]]],[[[141.28502,24.80282],[141.28502,24.80282],[141.28502,24.80282],[141.28502,24.80282]]],[[[142.12336,26.71328],[142.12336,26.71328],[142.12336,26.71328],[142.12336,26.71328]]],[[[142.18288,27.09284],[142.18288,27.09284],[142.18288,27.09284],[142.18288,27.09284]]],[[[142.21824,27.04152],[142.21824,27.04152],[142.21824,27.04152],[142.21824,27.04152]]],[[[142.24055,27.04735],[142.24054,27.04734],[142.24055,27.04735],[142.24055,27.04735]]],[[[142.17313,26.6376],[142.17313,26.6376],[142.17313,26.6376],[142.17313,26.6376]]],[[[142.19386,27.04095],[142.19386,27.04095],[142.19386,27.04095],[142.19386,27.04095]]],[[[142.14352,26.67226],[142.14352,26.67226],[142.14352,26.67226],[142.14352,26.67226]]],[[[142.14709,26.65597],[142.14709,26.65597],[142.14709,26.65597],[142.14709,26.65597]]],[[[142.12816,26.69947],[142.12816,26.69947],[142.12816,26.69947],[142.12816,26.69947]]],[[[141.28681,24.80173],[141.28681,24.80173],[141.28681,24.80173],[141.28681,24.80173]]],[[[142.18924,27.08858],[142.18924,27.08858],[142.18924,27.08858],[142.18924,27.08858]]],[[[142.17517,26.6092],[142.17517,26.6092],[142.17517,26.6092],[142.17517,26.6092]]],[[[142.12475,26.70488],[142.12475,26.70488],[142.12475,26.70488],[142.12475,26.70488]]],[[[142.23017,27.08085],[142.23017,27.08085],[142.23017,27.08085],[142.23017,27.08085]]],[[[142.14357,26.672],[142.14357,26.672],[142.14357,26.672],[142.14357,26.672]]],[[[142.18198,27.09474],[142.18198,27.09474],[142.18198,27.09474],[142.18198,27.09474]]],[[[142.23293,27.07682],[142.23293,27.07682],[142.23293,27.07682],[142.23293,27.07682]]],[[[142.19378,27.04098],[142.19378,27.04098],[142.19378,27.04098],[142.19378,27.04098]]],[[[142.2325,27.07818],[142.2325,27.07818],[142.2325,27.07818],[142.2325,27.07818]]],[[[142.13155,26.704],[142.13155,26.704],[142.13155,26.704],[142.13155,26.704]]],[[[142.17876,26.60437],[142.17876,26.60437],[142.17876,26.60437],[142.17876,26.60437]]],[[[141.47218,24.23384],[141.47218,24.23384],[141.47218,24.23384],[141.47218,24.23384]]],[[[142.14402,26.67312],[142.14402,26.67312],[142.14402,26.67312],[142.14402,26.67312]]],[[[142.15258,26.70757],[142.15258,26.70757],[142.15258,26.70757],[142.15258,26.70757]]],[[[142.17266,26.63647],[142.17266,26.63647],[142.17266,26.63647],[142.17266,26.63647]]],[[[142.24964,27.09165],[142.24964,27.09165],[142.24964,27.09165],[142.24964,27.09165]]],[[[142.2247,27.04256],[142.2247,27.04256],[142.2247,27.04256],[142.2247,27.04256]]],[[[142.20638,27.07773],[142.20638,27.07773],[142.20638,27.07773],[142.20638,27.07773]]],[[[142.18652,27.0577],[142.18652,27.0577],[142.18652,27.0577],[142.18652,27.0577]]],[[[142.18467,27.08644],[142.18467,27.08644],[142.18467,27.08644],[142.18467,27.08644]]],[[[141.28762,24.8037],[141.28762,24.8037],[141.28762,24.8037],[141.28762,24.8037]]],[[[142.18175,27.10107],[142.18175,27.10107],[142.18175,27.10107],[142.18175,27.10107]]],[[[142.16631,26.68289],[142.16631,26.68289],[142.16631,26.68289],[142.16631,26.68289]]],[[[141.28807,24.80601],[141.28807,24.80601],[141.28807,24.80601],[141.28807,24.80601]]],[[[142.17288,26.63646],[142.17288,26.63646],[142.17288,26.63646],[142.17288,26.63646]]],[[[141.46627,24.24386],[141.46627,24.24386],[141.46627,24.24386],[141.46627,24.24386]]],[[[141.28658,24.80674],[141.28658,24.80674],[141.28658,24.80674],[141.28658,24.80674]]],[[[142.15481,26.6847],[142.15481,26.6847],[142.15481,26.6847],[142.15481,26.6847]]],[[[142.14181,26.6649],[142.14181,26.6649],[142.14181,26.6649],[142.14181,26.6649]]],[[[142.14432,26.65773],[142.14432,26.65773],[142.14432,26.65773],[142.14432,26.65773]]],[[[142.2219,27.09431],[142.2219,27.09431],[142.2219,27.09431],[142.2219,27.09431]]],[[[142.18258,27.09633],[142.18258,27.09633],[142.18258,27.09633],[142.18258,27.09633]]],[[[142.18201,27.09562],[142.18201,27.09562],[142.18201,27.09562],[142.18201,27.09562]]],[[[142.22187,27.09435],[142.22187,27.09435],[142.22187,27.09435],[142.22187,27.09435]]],[[[141.28647,24.80674],[141.28647,24.80674],[141.28647,24.80674],[141.28647,24.80674]]],[[[142.18229,26.61213],[142.18229,26.61213],[142.18229,26.61213],[142.18229,26.61213]]],[[[141.28475,24.78811],[141.28475,24.78811],[141.28475,24.78811],[141.28475,24.78811]]],[[[141.37878,24.77996],[141.37877,24.77992],[141.37878,24.77996],[141.37878,24.77996]]],[[[142.13888,26.69985],[142.13888,26.69985],[142.13888,26.69985],[142.13888,26.69985]]],[[[142.19059,27.04267],[142.19059,27.04267],[142.19059,27.04267],[142.19059,27.04267]]],[[[141.37971,24.78012],[141.37971,24.78012],[141.37971,24.78012],[141.37971,24.78012]]],[[[142.20551,27.07834],[142.20551,27.07834],[142.20551,27.07834],[142.20551,27.07834]]],[[[142.23114,27.06166],[142.23114,27.06166],[142.23114,27.06166],[142.23114,27.06166]]],[[[141.46166,24.22537],[141.46166,24.22537],[141.46166,24.22537],[141.46166,24.22537]]],[[[142.16388,26.67658],[142.16388,26.67658],[142.16388,26.67658],[142.16388,26.67658]]],[[[142.19048,27.04283],[142.19048,27.04283],[142.19048,27.04283],[142.19048,27.04283]]],[[[141.47321,24.24144],[141.47321,24.24144],[141.47321,24.24144],[141.47321,24.24144]]],[[[141.28756,24.80758],[141.28756,24.80758],[141.28756,24.80758],[141.28756,24.80758]]],[[[142.18793,27.08794],[142.18793,27.08794],[142.18793,27.08794],[142.18793,27.08794]]],[[[141.47249,24.23618],[141.47249,24.23618],[141.47249,24.23618],[141.47249,24.23618]]],[[[142.14879,26.68522],[142.14879,26.68522],[142.14879,26.68522],[142.14879,26.68522]]],[[[142.23121,27.06195],[142.23121,27.06195],[142.23121,27.06195],[142.23121,27.06195]]],[[[142.14405,26.67581],[142.14405,26.67581],[142.14405,26.67581],[142.14405,26.67581]]],[[[142.1294,26.6912],[142.1294,26.6912],[142.1294,26.6912],[142.1294,26.6912]]],[[[142.18167,27.09365],[142.18167,27.09365],[142.18167,27.09365],[142.18167,27.09365]]],[[[142.19464,27.04127],[142.19464,27.04127],[142.19464,27.04127],[142.19464,27.04127]]],[[[142.19248,27.04216],[142.19248,27.04216],[142.19248,27.04216],[142.19248,27.04216]]],[[[142.14765,26.68495],[142.14765,26.68495],[142.14765,26.68495],[142.14765,26.68495]]],[[[142.18181,27.07245],[142.18181,27.07245],[142.18181,27.07245],[142.18181,27.07245]]],[[[141.47251,24.23637],[141.47251,24.23637],[141.47251,24.23637],[141.47251,24.23637]]],[[[142.23014,27.06037],[142.23014,27.06037],[142.23014,27.06037],[142.23014,27.06037]]],[[[141.2853,24.80385],[141.2853,24.80385],[141.2853,24.80385],[141.2853,24.80385]]],[[[141.47253,24.23671],[141.47253,24.23671],[141.47253,24.23671],[141.47253,24.23671]]],[[[142.16286,26.6692],[142.16286,26.6692],[142.16286,26.6692],[142.16286,26.6692]]],[[[142.21757,27.04026],[142.21757,27.04026],[142.21757,27.04026],[142.21757,27.04026]]],[[[142.23184,27.07121],[142.23184,27.07121],[142.23184,27.07121],[142.23184,27.07121]]],[[[141.47218,24.23371],[141.47218,24.23371],[141.47218,24.23371],[141.47218,24.23371]]],[[[142.22204,27.0943],[142.22204,27.0943],[142.22204,27.0943],[142.22204,27.0943]]],[[[142.16706,26.68178],[142.16706,26.68178],[142.16706,26.68178],[142.16706,26.68178]]],[[[141.34141,24.80424],[141.34141,24.80424],[141.34141,24.80424],[141.34141,24.80424]]],[[[142.20554,27.07761],[142.20554,27.07761],[142.20554,27.07761],[142.20554,27.07761]]],[[[142.13345,26.70233],[142.13345,26.70233],[142.13345,26.70233],[142.13345,26.70233]]],[[[142.18194,27.09415],[142.18194,27.09415],[142.18194,27.09415],[142.18194,27.09415]]],[[[142.12677,26.70132],[142.12677,26.70132],[142.12677,26.70132],[142.12677,26.70132]]],[[[142.18183,27.09905],[142.18183,27.09905],[142.18183,27.09905],[142.18183,27.09905]]],[[[142.23347,27.07533],[142.23347,27.07533],[142.23347,27.07533],[142.23347,27.07533]]],[[[142.17352,26.60792],[142.17352,26.60792],[142.17352,26.60792],[142.17352,26.60792]]],[[[142.22243,27.03656],[142.22243,27.03656],[142.22243,27.03656],[142.22243,27.03656]]],[[[142.2312,27.0694],[142.2312,27.0694],[142.2312,27.0694],[142.2312,27.0694]]],[[[142.17208,26.64368],[142.17208,26.64368],[142.17208,26.64368],[142.17208,26.64368]]],[[[142.22954,27.08163],[142.22954,27.08163],[142.22954,27.08163],[142.22954,27.08163]]],[[[142.1507,26.64772],[142.1507,26.64772],[142.1507,26.64772],[142.1507,26.64772]]],[[[142.13721,26.70004],[142.13721,26.70004],[142.13721,26.70004],[142.13721,26.70004]]],[[[142.18755,27.05843],[142.18755,27.05843],[142.18755,27.05843],[142.18755,27.05843]]],[[[141.46122,24.2254],[141.46122,24.2254],[141.46122,24.2254],[141.46122,24.2254]]],[[[142.23061,27.06083],[142.23061,27.06083],[142.23061,27.06083],[142.23061,27.06083]]],[[[142.1955,27.04293],[142.1955,27.04293],[142.1955,27.04293],[142.1955,27.04293]]],[[[142.17988,26.65601],[142.17988,26.65601],[142.17988,26.65601],[142.17988,26.65601]]],[[[142.19726,27.04488],[142.19726,27.04488],[142.19726,27.04488],[142.19726,27.04488]]],[[[142.14741,26.68499],[142.14741,26.68499],[142.14741,26.68499],[142.14741,26.68499]]],[[[141.28577,24.78511],[141.28577,24.78511],[141.28577,24.78511],[141.28577,24.78511]]],[[[141.28713,24.80695],[141.28713,24.80695],[141.28713,24.80695],[141.28713,24.80695]]],[[[142.18684,27.08783],[142.18684,27.08783],[142.18684,27.08783],[142.18684,27.08783]]],[[[142.18361,27.07066],[142.18361,27.07066],[142.18361,27.07066],[142.18361,27.07066]]],[[[142.17387,26.65207],[142.17387,26.65207],[142.17387,26.65207],[142.17387,26.65207]]],[[[142.12635,26.70224],[142.12635,26.70224],[142.12635,26.70224],[142.12635,26.70224]]],[[[142.22593,27.04623],[142.22593,27.04623],[142.22593,27.04623],[142.22593,27.04623]]],[[[141.28586,24.78946],[141.28586,24.78946],[141.28586,24.78946],[141.28586,24.78946]]],[[[141.37796,24.77972],[141.37796,24.77972],[141.37796,24.77972],[141.37796,24.77972]]],[[[141.45339,24.22873],[141.45339,24.22873],[141.45339,24.22873],[141.45339,24.22873]]],[[[142.18159,27.09373],[142.18159,27.09373],[142.18159,27.09373],[142.18159,27.09373]]],[[[142.14693,26.68999],[142.14693,26.68999],[142.14693,26.68999],[142.14693,26.68999]]],[[[142.18637,27.08971],[142.18637,27.08971],[142.18637,27.08971],[142.18637,27.08971]]],[[[142.14679,26.65185],[142.14679,26.65185],[142.14679,26.65185],[142.14679,26.65185]]],[[[142.13311,26.68592],[142.13311,26.68592],[142.13311,26.68592],[142.13311,26.68592]]],[[[142.17282,26.65632],[142.17282,26.65632],[142.17282,26.65632],[142.17282,26.65632]]],[[[142.18581,27.04824],[142.18581,27.04824],[142.18581,27.04824],[142.18581,27.04824]]],[[[142.14417,26.67596],[142.14417,26.67596],[142.14417,26.67596],[142.14417,26.67596]]],[[[142.18616,27.08991],[142.18616,27.08991],[142.18616,27.08991],[142.18616,27.08991]]],[[[142.13242,26.70359],[142.13242,26.70359],[142.13242,26.70359],[142.13242,26.70359]]],[[[142.19021,27.04301],[142.19021,27.04301],[142.19021,27.04301],[142.19021,27.04301]]],[[[142.18185,27.10092],[142.18185,27.10092],[142.18185,27.10092],[142.18185,27.10092]]],[[[142.20328,27.0906],[142.20328,27.0906],[142.20328,27.0906],[142.20328,27.0906]]],[[[141.28583,24.7894],[141.28583,24.7894],[141.28583,24.7894],[141.28583,24.7894]]],[[[142.14849,26.65157],[142.14849,26.65157],[142.14849,26.65157],[142.14849,26.65157]]],[[[142.16504,26.68692],[142.16504,26.68692],[142.16504,26.68692],[142.16504,26.68692]]],[[[142.15041,26.64783],[142.15041,26.64783],[142.15041,26.64783],[142.15041,26.64783]]],[[[142.23594,27.08373],[142.23594,27.08373],[142.23594,27.08373],[142.23594,27.08373]]],[[[142.19612,27.03849],[142.19612,27.03849],[142.19612,27.03849],[142.19612,27.03849]]],[[[142.14721,26.68873],[142.14721,26.68873],[142.14721,26.68873],[142.14721,26.68873]]],[[[141.47244,24.23602],[141.47244,24.23602],[141.47244,24.23602],[141.47244,24.23602]]],[[[142.17698,26.6543],[142.17698,26.6543],[142.17698,26.6543],[142.17698,26.6543]]],[[[142.13749,26.70016],[142.13749,26.70016],[142.13749,26.70016],[142.13749,26.70016]]],[[[142.182,27.09493],[142.182,27.09493],[142.182,27.09493],[142.182,27.09493]]],[[[142.13528,26.68541],[142.13528,26.68541],[142.13528,26.68541],[142.13528,26.68541]]],[[[142.14277,26.67156],[142.14277,26.67156],[142.14277,26.67156],[142.14277,26.67156]]],[[[142.17865,26.65546],[142.17865,26.65546],[142.17865,26.65546],[142.17865,26.65546]]],[[[142.15331,26.69843],[142.15331,26.69843],[142.15331,26.69843],[142.15331,26.69843]]],[[[142.23708,27.05127],[142.23708,27.05127],[142.23708,27.05127],[142.23708,27.05127]]],[[[142.21261,27.0399],[142.21261,27.0399],[142.21261,27.0399],[142.21261,27.0399]]],[[[142.23016,27.06002],[142.23016,27.06002],[142.23016,27.06002],[142.23016,27.06002]]],[[[141.46728,24.24321],[141.46728,24.24321],[141.46728,24.24321],[141.46728,24.24321]]],[[[142.18258,27.09619],[142.18258,27.09619],[142.18258,27.09619],[142.18258,27.09619]]],[[[142.23056,27.06075],[142.23056,27.06075],[142.23056,27.06075],[142.23056,27.06075]]],[[[142.18188,27.07242],[142.18188,27.07242],[142.18188,27.07242],[142.18188,27.07242]]],[[[141.4724,24.23498],[141.4724,24.23498],[141.4724,24.23498],[141.4724,24.23498]]],[[[142.17859,26.65434],[142.17859,26.65434],[142.17859,26.65434],[142.17859,26.65434]]],[[[142.15258,26.70753],[142.15258,26.70753],[142.15258,26.70753],[142.15258,26.70753]]],[[[142.1885,27.10498],[142.1885,27.10498],[142.1885,27.10498],[142.1885,27.10498]]],[[[142.23018,27.05994],[142.23018,27.05994],[142.23018,27.05994],[142.23018,27.05994]]],[[[142.1626,26.67077],[142.1626,26.67077],[142.1626,26.67077],[142.1626,26.67077]]],[[[141.28567,24.79079],[141.28567,24.79079],[141.28567,24.79079],[141.28567,24.79079]]],[[[142.14297,26.67405],[142.14297,26.67405],[142.14297,26.67405],[142.14297,26.67405]]],[[[142.16258,26.67072],[142.16258,26.67072],[142.16258,26.67072],[142.16258,26.67072]]],[[[142.17691,26.65573],[142.17691,26.65573],[142.17691,26.65573],[142.17691,26.65573]]],[[[141.28758,24.74569],[141.28758,24.74569],[141.28758,24.74569],[141.28758,24.74569]]],[[[142.23195,27.07868],[142.23195,27.07868],[142.23195,27.07868],[142.23195,27.07868]]],[[[142.18496,27.08635],[142.18496,27.08635],[142.18496,27.08635],[142.18496,27.08635]]],[[[142.23259,27.07392],[142.23259,27.07392],[142.23259,27.07392],[142.23259,27.07392]]],[[[142.13178,26.68852],[142.13178,26.68852],[142.13178,26.68852],[142.13178,26.68852]]],[[[142.13521,26.68547],[142.13521,26.68547],[142.13521,26.68547],[142.13521,26.68547]]],[[[141.28646,24.80661],[141.28646,24.80661],[141.28646,24.80661],[141.28646,24.80661]]],[[[142.18401,27.09236],[142.18401,27.09236],[142.18401,27.09236],[142.18401,27.09236]]],[[[142.12643,26.70184],[142.12643,26.70184],[142.12643,26.70184],[142.12643,26.70184]]],[[[142.17339,26.6079],[142.17339,26.6079],[142.17339,26.6079],[142.17339,26.6079]]],[[[141.2871,24.80713],[141.2871,24.80713],[141.2871,24.80713],[141.2871,24.80713]]],[[[141.29167,24.77734],[141.29167,24.77734],[141.29167,24.77734],[141.29167,24.77734]]],[[[141.28681,24.78488],[141.28681,24.78488],[141.28681,24.78488],[141.28681,24.78488]]],[[[142.23157,27.07035],[142.23157,27.07035],[142.23157,27.07035],[142.23157,27.07035]]],[[[141.28452,24.75008],[141.28452,24.75008],[141.28452,24.75008],[141.28452,24.75008]]],[[[141.46999,24.22944],[141.46999,24.22944],[141.46999,24.22944],[141.46999,24.22944]]],[[[142.17708,26.61981],[142.17708,26.61981],[142.17708,26.61981],[142.17708,26.61981]]],[[[142.23346,27.05649],[142.23346,27.05649],[142.23346,27.05649],[142.23346,27.05649]]],[[[141.45304,24.22928],[141.45304,24.22928],[141.45304,24.22928],[141.45304,24.22928]]],[[[142.14345,26.67188],[142.14345,26.67188],[142.14345,26.67188],[142.14345,26.67188]]],[[[142.16302,26.66726],[142.16302,26.66726],[142.16302,26.66726],[142.16302,26.66726]]],[[[141.46417,24.24454],[141.46417,24.24454],[141.46417,24.24454],[141.46417,24.24454]]],[[[142.14667,26.68619],[142.14667,26.68619],[142.14667,26.68619],[142.14667,26.68619]]],[[[141.28477,24.75116],[141.28477,24.75116],[141.28477,24.75116],[141.28477,24.75116]]],[[[141.46351,24.24467],[141.46351,24.24467],[141.46351,24.24467],[141.46351,24.24467]]],[[[142.23072,27.061],[142.23072,27.061],[142.23072,27.061],[142.23072,27.061]]],[[[142.22564,27.04519],[142.22564,27.04519],[142.22564,27.04519],[142.22564,27.04519]]],[[[142.19305,27.08939],[142.19305,27.08939],[142.19305,27.08939],[142.19305,27.08939]]],[[[142.18486,27.0919],[142.18486,27.0919],[142.18486,27.0919],[142.18486,27.0919]]],[[[142.23245,27.0581],[142.23245,27.0581],[142.23245,27.0581],[142.23245,27.0581]]],[[[141.2848,24.75098],[141.2848,24.75098],[141.2848,24.75098],[141.2848,24.75098]]],[[[142.14691,26.68912],[142.14691,26.68912],[142.14691,26.68912],[142.14691,26.68912]]],[[[141.28566,24.79006],[141.28566,24.79006],[141.28566,24.79006],[141.28566,24.79006]]],[[[141.32588,24.81415],[141.32588,24.81415],[141.32588,24.81415],[141.32588,24.81415]]],[[[141.464,24.24462],[141.464,24.24462],[141.464,24.24462],[141.464,24.24462]]],[[[142.14677,26.68628],[142.14677,26.68628],[142.14677,26.68628],[142.14677,26.68628]]],[[[142.23598,27.04953],[142.23598,27.04953],[142.23598,27.04953],[142.23598,27.04953]]],[[[142.18246,27.10199],[142.18246,27.10199],[142.18246,27.10199],[142.18246,27.10199]]],[[[142.23366,27.08148],[142.23366,27.08148],[142.23366,27.08148],[142.23366,27.08148]]],[[[142.1895,27.05125],[142.1895,27.05125],[142.1895,27.05125],[142.1895,27.05125]]],[[[142.22188,27.09392],[142.22188,27.09392],[142.22188,27.09392],[142.22188,27.09392]]],[[[142.23725,27.08258],[142.23725,27.08258],[142.23725,27.08258],[142.23725,27.08258]]],[[[142.14733,26.66154],[142.14733,26.66154],[142.14733,26.66154],[142.14733,26.66154]]],[[[142.20261,27.07912],[142.20261,27.07912],[142.20261,27.07912],[142.20261,27.07912]]],[[[142.23145,27.07884],[142.23145,27.07884],[142.23145,27.07884],[142.23145,27.07884]]],[[[142.21761,27.0994],[142.21761,27.0994],[142.21761,27.0994],[142.21761,27.0994]]],[[[141.46948,24.22821],[141.46948,24.22821],[141.46948,24.22821],[141.46948,24.22821]]],[[[142.23147,27.07891],[142.23147,27.07891],[142.23147,27.07891],[142.23147,27.07891]]],[[[142.14322,26.67215],[142.14322,26.67215],[142.14322,26.67215],[142.14322,26.67215]]],[[[142.13111,26.70394],[142.13111,26.70394],[142.13111,26.70394],[142.13111,26.70394]]],[[[142.18964,27.10469],[142.18964,27.10469],[142.18964,27.10469],[142.18964,27.10469]]],[[[142.18881,27.08837],[142.18881,27.08837],[142.18881,27.08837],[142.18881,27.08837]]],[[[142.14677,26.68637],[142.14677,26.68637],[142.14677,26.68637],[142.14677,26.68637]]],[[[142.1596,26.68687],[142.1596,26.68687],[142.1596,26.68687],[142.1596,26.68687]]],[[[142.18244,27.10257],[142.18244,27.10257],[142.18244,27.10257],[142.18244,27.10257]]],[[[142.19313,27.08897],[142.19313,27.08897],[142.19313,27.08897],[142.19313,27.08897]]],[[[141.29351,24.74978],[141.29351,24.74978],[141.29351,24.74978],[141.29351,24.74978]]],[[[141.28811,24.80736],[141.28811,24.80736],[141.28811,24.80736],[141.28811,24.80736]]],[[[141.28546,24.78921],[141.28546,24.78921],[141.28546,24.78921],[141.28546,24.78921]]],[[[142.19949,27.04539],[142.19949,27.04539],[142.19949,27.04539],[142.19949,27.04539]]],[[[142.18615,27.04824],[142.18615,27.04824],[142.18615,27.04824],[142.18615,27.04824]]],[[[142.17726,26.65464],[142.17726,26.65464],[142.17726,26.65464],[142.17726,26.65464]]],[[[142.22406,27.04547],[142.22406,27.04547],[142.22406,27.04547],[142.22406,27.04547]]],[[[142.15345,26.69776],[142.15345,26.69776],[142.15345,26.69776],[142.15345,26.69776]]],[[[141.37856,24.77949],[141.37856,24.77949],[141.37856,24.77949],[141.37856,24.77949]]],[[[142.15277,26.70667],[142.15277,26.70667],[142.15277,26.70667],[142.15277,26.70667]]],[[[141.28498,24.78604],[141.28498,24.78604],[141.28498,24.78604],[141.28498,24.78604]]],[[[141.29358,24.75053],[141.29358,24.75053],[141.29358,24.75053],[141.29358,24.75053]]],[[[142.20695,27.07898],[142.20695,27.07898],[142.20695,27.07898],[142.20695,27.07898]]],[[[142.18419,27.09246],[142.18419,27.09246],[142.18419,27.09246],[142.18419,27.09246]]],[[[142.14299,26.67243],[142.14299,26.67243],[142.14299,26.67243],[142.14299,26.67243]]],[[[141.2858,24.80565],[141.2858,24.80565],[141.2858,24.80565],[141.2858,24.80565]]],[[[142.18558,27.09149],[142.18558,27.09149],[142.18558,27.09149],[142.18558,27.09149]]],[[[142.18215,27.09395],[142.18215,27.09395],[142.18215,27.09395],[142.18215,27.09395]]],[[[142.20328,27.09074],[142.20328,27.09074],[142.20328,27.09074],[142.20328,27.09074]]],[[[142.15276,26.70662],[142.15276,26.70662],[142.15276,26.70662],[142.15276,26.70662]]],[[[142.18254,27.10219],[142.18254,27.10219],[142.18254,27.10219],[142.18254,27.10219]]],[[[142.2331,27.06998],[142.2331,27.06998],[142.2331,27.06998],[142.2331,27.06998]]],[[[142.12536,26.70426],[142.12536,26.70426],[142.12536,26.70426],[142.12536,26.70426]]],[[[142.18347,27.09251],[142.18347,27.09251],[142.18347,27.09251],[142.18347,27.09251]]],[[[142.23074,27.06114],[142.23074,27.06114],[142.23074,27.06114],[142.23074,27.06114]]],[[[142.23441,27.07764],[142.23441,27.07764],[142.23441,27.07764],[142.23441,27.07764]]],[[[142.14412,26.67061],[142.14412,26.67061],[142.14412,26.67061],[142.14412,26.67061]]],[[[142.18374,27.07062],[142.18374,27.07062],[142.18374,27.07062],[142.18374,27.07062]]],[[[141.28571,24.78777],[141.28571,24.78777],[141.28571,24.78777],[141.28571,24.78777]]],[[[142.18252,27.10207],[142.18252,27.10207],[142.18252,27.10207],[142.18252,27.10207]]],[[[141.28511,24.7857],[141.28511,24.7857],[141.28511,24.7857],[141.28511,24.7857]]],[[[142.17679,26.65451],[142.17679,26.65451],[142.17679,26.65451],[142.17679,26.65451]]],[[[141.28717,24.79157],[141.28717,24.79157],[141.28717,24.79157],[141.28717,24.79157]]],[[[142.23107,27.06827],[142.23107,27.06827],[142.23107,27.06827],[142.23107,27.06827]]],[[[142.2196,27.10049],[142.2196,27.10049],[142.2196,27.10049],[142.2196,27.10049]]],[[[142.18319,27.09262],[142.18319,27.09262],[142.18319,27.09262],[142.18319,27.09262]]],[[[141.29088,24.74775],[141.29088,24.74775],[141.29088,24.74775],[141.29088,24.74775]]],[[[142.21881,27.03776],[142.21881,27.03776],[142.21881,27.03776],[142.21881,27.03776]]],[[[142.18616,27.08896],[142.18616,27.08896],[142.18616,27.08896],[142.18616,27.08896]]],[[[142.18229,27.07458],[142.18229,27.07458],[142.18229,27.07458],[142.18229,27.07458]]],[[[142.16377,26.67587],[142.16377,26.67587],[142.16377,26.67587],[142.16377,26.67587]]],[[[141.28581,24.78523],[141.28581,24.78523],[141.28581,24.78523],[141.28581,24.78523]]],[[[141.28632,24.79946],[141.28632,24.79946],[141.28632,24.79946],[141.28632,24.79946]]],[[[142.15633,26.63555],[142.15633,26.63555],[142.15633,26.63555],[142.15633,26.63555]]],[[[142.18933,27.04353],[142.18933,27.04353],[142.18933,27.04353],[142.18933,27.04353]]],[[[141.28615,24.74551],[141.28615,24.74551],[141.28615,24.74551],[141.28615,24.74551]]],[[[142.19098,27.04238],[142.19098,27.04238],[142.19098,27.04238],[142.19098,27.04238]]],[[[141.28779,24.80537],[141.28779,24.80537],[141.28779,24.80537],[141.28779,24.80537]]],[[[142.23122,27.0811],[142.23122,27.0811],[142.23122,27.0811],[142.23122,27.0811]]],[[[141.32652,24.81419],[141.32652,24.81419],[141.32652,24.81419],[141.32652,24.81419]]],[[[153.97839,24.29459],[153.97839,24.29459],[153.97839,24.29459],[153.97839,24.29459]]],[[[142.17302,26.6561],[142.17302,26.6561],[142.17302,26.6561],[142.17302,26.6561]]],[[[142.18544,27.04781],[142.18544,27.04781],[142.18544,27.04781],[142.18544,27.04781]]],[[[142.16832,26.65823],[142.16832,26.65823],[142.16832,26.65823],[142.16832,26.65823]]],[[[142.21556,27.10024],[142.21556,27.10024],[142.21556,27.10024],[142.21556,27.10024]]],[[[142.12302,26.71539],[142.12302,26.71539],[142.12302,26.71539],[142.12302,26.71539]]],[[[142.15619,26.63556],[142.15619,26.63556],[142.15619,26.63556],[142.15619,26.63556]]],[[[142.22389,27.04563],[142.22389,27.04563],[142.22389,27.04563],[142.22389,27.04563]]],[[[142.12732,26.69696],[142.12732,26.69696],[142.12732,26.69696],[142.12732,26.69696]]],[[[142.12269,26.71117],[142.12269,26.71117],[142.12269,26.71117],[142.12269,26.71117]]],[[[142.21761,27.10095],[142.21761,27.10095],[142.21761,27.10095],[142.21761,27.10095]]],[[[142.19602,27.03848],[142.19602,27.03848],[142.19602,27.03848],[142.19602,27.03848]]],[[[141.28602,24.80602],[141.28602,24.80602],[141.28602,24.80602],[141.28602,24.80602]]],[[[141.28574,24.79001],[141.28574,24.79001],[141.28574,24.79001],[141.28574,24.79001]]],[[[141.28461,24.80059],[141.28461,24.80059],[141.28461,24.80059],[141.28461,24.80059]]],[[[141.28902,24.74664],[141.28902,24.74664],[141.28902,24.74664],[141.28902,24.74664]]],[[[142.23087,27.08081],[142.23087,27.08081],[142.23087,27.08081],[142.23087,27.08081]]],[[[142.1786,26.65441],[142.1786,26.65441],[142.1786,26.65441],[142.1786,26.65441]]],[[[142.22614,27.04608],[142.22614,27.04608],[142.22614,27.04608],[142.22614,27.04608]]],[[[142.18865,27.08837],[142.18865,27.08837],[142.18865,27.08837],[142.18865,27.08837]]],[[[142.17228,26.65684],[142.17228,26.65684],[142.17228,26.65684],[142.17228,26.65684]]],[[[142.15107,26.68367],[142.15107,26.68367],[142.15107,26.68367],[142.15107,26.68367]]],[[[142.18217,27.09353],[142.18217,27.09353],[142.18217,27.09353],[142.18217,27.09353]]],[[[142.16374,26.67654],[142.16374,26.67654],[142.16374,26.67654],[142.16374,26.67654]]],[[[142.12418,26.70525],[142.12418,26.70525],[142.12418,26.70525],[142.12418,26.70525]]],[[[142.18186,27.09488],[142.18186,27.09488],[142.18186,27.09488],[142.18186,27.09488]]],[[[141.28593,24.80605],[141.28593,24.80605],[141.28593,24.80605],[141.28593,24.80605]]],[[[142.20516,27.07652],[142.20516,27.07652],[142.20516,27.07652],[142.20516,27.07652]]],[[[142.23325,27.07534],[142.23325,27.07534],[142.23325,27.07534],[142.23325,27.07534]]],[[[141.47242,24.23513],[141.47242,24.23513],[141.47242,24.23513],[141.47242,24.23513]]],[[[141.29328,24.74947],[141.29328,24.74947],[141.29328,24.74947],[141.29328,24.74947]]],[[[141.28689,24.78495],[141.28689,24.78495],[141.28689,24.78495],[141.28689,24.78495]]],[[[142.12294,26.70698],[142.12294,26.70698],[142.12294,26.70698],[142.12294,26.70698]]],[[[141.28712,24.78507],[141.28712,24.78507],[141.28712,24.78507],[141.28712,24.78507]]],[[[142.18175,27.07246],[142.18175,27.07246],[142.18175,27.07246],[142.18175,27.07246]]],[[[153.97333,24.28909],[153.97333,24.28909],[153.97333,24.28909],[153.97333,24.28909]]],[[[153.97883,24.29454],[153.97883,24.29454],[153.97883,24.29454],[153.97883,24.29454]]],[[[141.28644,24.78491],[141.28644,24.78491],[141.28644,24.78491],[141.28644,24.78491]]],[[[141.46901,24.2271],[141.46901,24.2271],[141.46901,24.2271],[141.46901,24.2271]]],[[[142.23333,27.05666],[142.23333,27.05666],[142.23333,27.05666],[142.23333,27.05666]]],[[[142.22521,27.08771],[142.22521,27.08771],[142.22521,27.08771],[142.22521,27.08771]]],[[[142.17723,26.65459],[142.17723,26.65459],[142.17723,26.65459],[142.17723,26.65459]]],[[[142.23274,27.07765],[142.23274,27.07765],[142.23274,27.07765],[142.23274,27.07765]]],[[[142.23386,27.07555],[142.23386,27.07555],[142.23386,27.07555],[142.23386,27.07555]]],[[[142.16099,26.63401],[142.16099,26.63401],[142.16099,26.63401],[142.16099,26.63401]]],[[[141.28746,24.80727],[141.28746,24.80727],[141.28746,24.80727],[141.28746,24.80727]]],[[[142.18746,27.06006],[142.18746,27.06006],[142.18746,27.06006],[142.18746,27.06006]]],[[[142.22198,27.09435],[142.22198,27.09435],[142.22198,27.09435],[142.22198,27.09435]]],[[[141.46363,24.2449],[141.46363,24.2449],[141.46363,24.2449],[141.46363,24.2449]]],[[[142.12837,26.69724],[142.12837,26.69724],[142.12837,26.69724],[142.12837,26.69724]]],[[[141.28545,24.80465],[141.28545,24.80465],[141.28545,24.80465],[141.28545,24.80465]]],[[[141.28648,24.79083],[141.28648,24.79083],[141.28648,24.79083],[141.28648,24.79083]]],[[[141.32662,24.81418],[141.32662,24.81418],[141.32662,24.81418],[141.32662,24.81418]]],[[[141.28636,24.78505],[141.28636,24.78505],[141.28636,24.78505],[141.28636,24.78505]]],[[[142.18934,27.04359],[142.18934,27.04359],[142.18934,27.04359],[142.18934,27.04359]]],[[[142.22479,27.08751],[142.22479,27.08751],[142.22479,27.08751],[142.22479,27.08751]]],[[[142.17482,26.60939],[142.17482,26.60939],[142.17482,26.60939],[142.17482,26.60939]]],[[[142.17579,26.65483],[142.17579,26.65483],[142.17579,26.65483],[142.17579,26.65483]]],[[[141.28544,24.80445],[141.28544,24.80445],[141.28544,24.80445],[141.28544,24.80445]]],[[[141.37906,24.78064],[141.37906,24.78064],[141.37906,24.78064],[141.37906,24.78064]]],[[[142.21934,27.09616],[142.21934,27.09616],[142.21934,27.09616],[142.21934,27.09616]]],[[[141.28502,24.7868],[141.28502,24.7868],[141.28502,24.7868],[141.28502,24.7868]]],[[[142.13444,26.69963],[142.13444,26.69963],[142.13444,26.69963],[142.13444,26.69963]]],[[[142.18174,27.10052],[142.18174,27.10052],[142.18174,27.10052],[142.18174,27.10052]]],[[[141.28599,24.78934],[141.28599,24.78934],[141.28599,24.78934],[141.28599,24.78934]]],[[[141.28735,24.79196],[141.28735,24.79196],[141.28735,24.79196],[141.28735,24.79196]]],[[[141.28507,24.78548],[141.28507,24.78548],[141.28507,24.78548],[141.28507,24.78548]]],[[[142.1445,26.67594],[142.1445,26.67594],[142.1445,26.67594],[142.1445,26.67594]]],[[[142.22844,27.0815],[142.22844,27.0815],[142.22844,27.0815],[142.22844,27.0815]]],[[[142.12828,26.69789],[142.12828,26.69789],[142.12828,26.69789],[142.12828,26.69789]]],[[[141.28616,24.7852],[141.28616,24.7852],[141.28616,24.7852],[141.28616,24.7852]]],[[[142.17272,26.64455],[142.17272,26.64455],[142.17272,26.64455],[142.17272,26.64455]]],[[[141.28632,24.78507],[141.28632,24.78507],[141.28632,24.78507],[141.28632,24.78507]]],[[[142.18869,27.04417],[142.18869,27.04417],[142.18869,27.04417],[142.18869,27.04417]]],[[[142.12632,26.70234],[142.12632,26.70234],[142.12632,26.70234],[142.12632,26.70234]]],[[[142.12332,26.70759],[142.12332,26.70759],[142.12332,26.70759],[142.12332,26.70759]]],[[[142.18937,27.05447],[142.18937,27.05447],[142.18937,27.05447],[142.18937,27.05447]]],[[[142.19445,27.04043],[142.19445,27.04043],[142.19445,27.04043],[142.19445,27.04043]]],[[[142.1522,26.70648],[142.1522,26.70648],[142.1522,26.70648],[142.1522,26.70648]]],[[[141.29362,24.75017],[141.29362,24.75017],[141.29362,24.75017],[141.29362,24.75017]]],[[[141.45592,24.22511],[141.45592,24.22511],[141.45592,24.22511],[141.45592,24.22511]]],[[[142.23189,27.08111],[142.23189,27.08111],[142.23189,27.08111],[142.23189,27.08111]]],[[[141.28485,24.75155],[141.28485,24.75155],[141.28485,24.75155],[141.28485,24.75155]]],[[[141.28733,24.74576],[141.28733,24.74576],[141.28733,24.74576],[141.28733,24.74576]]],[[[141.30423,24.7561],[141.30423,24.7561],[141.30423,24.7561],[141.30423,24.7561]]],[[[142.1621,26.70041],[142.1621,26.70041],[142.1621,26.70041],[142.1621,26.70041]]],[[[142.22283,27.0921],[142.22283,27.0921],[142.22283,27.0921],[142.22283,27.0921]]],[[[142.23316,27.07717],[142.23316,27.07717],[142.23316,27.07717],[142.23316,27.07717]]],[[[142.14708,26.68696],[142.14708,26.68696],[142.14708,26.68696],[142.14708,26.68696]]],[[[141.28573,24.78533],[141.28573,24.78533],[141.28573,24.78533],[141.28573,24.78533]]],[[[142.18414,27.09215],[142.18414,27.09215],[142.18414,27.09215],[142.18414,27.09215]]],[[[141.28799,24.80731],[141.28799,24.80731],[141.28799,24.80731],[141.28799,24.80731]]],[[[141.28562,24.7971],[141.28562,24.7971],[141.28562,24.7971],[141.28562,24.7971]]],[[[142.18588,27.04815],[142.18588,27.04815],[142.18588,27.04815],[142.18588,27.04815]]],[[[142.2049,27.08533],[142.2049,27.08533],[142.2049,27.08533],[142.2049,27.08533]]],[[[141.37908,24.78027],[141.37908,24.78027],[141.37908,24.78027],[141.37908,24.78027]]],[[[142.23187,27.07905],[142.23187,27.07905],[142.23187,27.07905],[142.23187,27.07905]]],[[[141.28766,24.80725],[141.28766,24.80725],[141.28766,24.80725],[141.28766,24.80725]]],[[[141.37879,24.77993],[141.37879,24.77993],[141.37879,24.77993],[141.37879,24.77993]]],[[[153.97688,24.29209],[153.97688,24.29209],[153.97688,24.29209],[153.97688,24.29209]]],[[[141.28485,24.75172],[141.28485,24.75172],[141.28485,24.75172],[141.28485,24.75172]]],[[[141.28531,24.78513],[141.28531,24.78513],[141.28531,24.78513],[141.28531,24.78513]]],[[[142.18631,27.05523],[142.18631,27.05523],[142.18631,27.05523],[142.18631,27.05523]]],[[[142.18934,27.05456],[142.18934,27.05456],[142.18934,27.05456],[142.18934,27.05456]]],[[[141.2874,24.74584],[141.2874,24.74584],[141.2874,24.74584],[141.2874,24.74584]]],[[[142.15647,26.70732],[142.15647,26.70732],[142.15647,26.70732],[142.15647,26.70732]]],[[[142.18153,27.09422],[142.18153,27.09422],[142.18153,27.09422],[142.18153,27.09422]]],[[[142.19762,27.04499],[142.19762,27.04499],[142.19762,27.04499],[142.19762,27.04499]]],[[[141.28448,24.79966],[141.28448,24.79966],[141.28448,24.79966],[141.28448,24.79966]]],[[[141.28536,24.80427],[141.28536,24.80427],[141.28536,24.80427],[141.28536,24.80427]]],[[[142.22404,27.04505],[142.22404,27.04505],[142.22404,27.04505],[142.22404,27.04505]]],[[[141.28595,24.78954],[141.28595,24.78954],[141.28595,24.78954],[141.28595,24.78954]]],[[[142.18222,27.09788],[142.18222,27.09788],[142.18222,27.09788],[142.18222,27.09788]]],[[[141.30527,24.75648],[141.30527,24.75648],[141.30527,24.75648],[141.30527,24.75648]]],[[[142.22412,27.04357],[142.22412,27.04357],[142.22412,27.04357],[142.22412,27.04357]]],[[[141.2858,24.78951],[141.2858,24.78951],[141.2858,24.78951],[141.2858,24.78951]]],[[[153.98055,24.29699],[153.98055,24.29699],[153.98055,24.29699],[153.98055,24.29699]]],[[[142.1825,27.07125],[142.1825,27.07125],[142.1825,27.07125],[142.1825,27.07125]]],[[[141.28762,24.80762],[141.28762,24.80762],[141.28762,24.80762],[141.28762,24.80762]]],[[[142.23296,27.07714],[142.23296,27.07714],[142.23296,27.07714],[142.23296,27.07714]]],[[[142.222,27.09451],[142.222,27.09451],[142.222,27.09451],[142.222,27.09451]]],[[[141.4563,24.22497],[141.4563,24.22497],[141.4563,24.22497],[141.4563,24.22497]]],[[[141.28919,24.74667],[141.28919,24.74667],[141.28919,24.74667],[141.28919,24.74667]]],[[[141.28472,24.75158],[141.28472,24.75158],[141.28472,24.75158],[141.28472,24.75158]]],[[[142.19709,27.04474],[142.19709,27.04474],[142.19709,27.04474],[142.19709,27.04474]]],[[[142.17692,26.60235],[142.17692,26.60235],[142.17692,26.60235],[142.17692,26.60235]]],[[[142.23065,27.06083],[142.23065,27.06083],[142.23065,27.06083],[142.23065,27.06083]]],[[[141.28704,24.80689],[141.28704,24.80689],[141.28704,24.80689],[141.28704,24.80689]]],[[[142.22588,27.03915],[142.22588,27.03915],[142.22588,27.03915],[142.22588,27.03915]]],[[[142.16613,26.68358],[142.16613,26.68358],[142.16613,26.68358],[142.16613,26.68358]]],[[[142.12593,26.70096],[142.12593,26.70096],[142.12593,26.70096],[142.12593,26.70096]]],[[[141.29344,24.75002],[141.29344,24.75002],[141.29344,24.75002],[141.29344,24.75002]]],[[[142.22363,27.09089],[142.22363,27.09089],[142.22363,27.09089],[142.22363,27.09089]]],[[[142.22784,27.08097],[142.22784,27.08097],[142.22784,27.08097],[142.22784,27.08097]]],[[[142.22188,27.09404],[142.22188,27.09404],[142.22188,27.09404],[142.22188,27.09404]]],[[[142.18685,27.04432],[142.18685,27.04432],[142.18685,27.04432],[142.18685,27.04432]]],[[[141.34145,24.80422],[141.34145,24.80422],[141.34145,24.80422],[141.34145,24.80422]]],[[[142.18217,27.09806],[142.18217,27.09806],[142.18217,27.09806],[142.18217,27.09806]]],[[[142.14415,26.67405],[142.14415,26.67405],[142.14415,26.67405],[142.14415,26.67405]]],[[[141.28743,24.79228],[141.28743,24.79228],[141.28743,24.79228],[141.28743,24.79228]]],[[[141.28515,24.78574],[141.28515,24.78574],[141.28515,24.78574],[141.28515,24.78574]]],[[[141.28511,24.74979],[141.28511,24.74979],[141.28511,24.74979],[141.28511,24.74979]]],[[[141.28652,24.80056],[141.28652,24.80056],[141.28652,24.80056],[141.28652,24.80056]]],[[[141.28506,24.78499],[141.28506,24.78499],[141.28506,24.78499],[141.28506,24.78499]]],[[[142.12819,26.7013],[142.12819,26.7013],[142.12819,26.7013],[142.12819,26.7013]]],[[[141.28786,24.80478],[141.28786,24.80478],[141.28786,24.80478],[141.28786,24.80478]]],[[[142.1709,26.63092],[142.1709,26.63092],[142.1709,26.63092],[142.1709,26.63092]]],[[[142.182,27.095],[142.182,27.095],[142.182,27.095],[142.182,27.095]]],[[[142.1526,26.64283],[142.1526,26.64283],[142.1526,26.64283],[142.1526,26.64283]]],[[[142.12299,26.70712],[142.12299,26.70712],[142.12299,26.70712],[142.12299,26.70712]]],[[[142.21893,27.101],[142.21893,27.101],[142.21893,27.101],[142.21893,27.101]]],[[[142.22371,27.04566],[142.22371,27.04566],[142.22371,27.04566],[142.22371,27.04566]]],[[[141.28491,24.78679],[141.28491,24.78679],[141.28491,24.78679],[141.28491,24.78679]]],[[[141.28588,24.78504],[141.28588,24.78504],[141.28588,24.78504],[141.28588,24.78504]]],[[[141.28566,24.78572],[141.28566,24.78572],[141.28566,24.78572],[141.28566,24.78572]]],[[[141.28574,24.78519],[141.28574,24.78519],[141.28574,24.78519],[141.28574,24.78519]]],[[[142.19512,27.04239],[142.19512,27.04239],[142.19512,27.04239],[142.19512,27.04239]]],[[[142.1228,26.71123],[142.1228,26.71123],[142.1228,26.71123],[142.1228,26.71123]]],[[[142.1853,27.04798],[142.1853,27.04798],[142.1853,27.04798],[142.1853,27.04798]]],[[[142.22368,27.04571],[142.22368,27.04571],[142.22368,27.04571],[142.22368,27.04571]]],[[[153.97965,24.29522],[153.97965,24.29522],[153.97965,24.29522],[153.97965,24.29522]]],[[[141.28856,24.74626],[141.28856,24.74626],[141.28856,24.74626],[141.28856,24.74626]]],[[[142.14852,26.65425],[142.14852,26.65425],[142.14852,26.65425],[142.14852,26.65425]]],[[[142.18148,27.07272],[142.18148,27.07272],[142.18148,27.07272],[142.18148,27.07272]]],[[[141.28464,24.80075],[141.28464,24.80075],[141.28464,24.80075],[141.28464,24.80075]]],[[[142.14664,26.68561],[142.14664,26.68561],[142.14664,26.68561],[142.14664,26.68561]]],[[[141.30471,24.75629],[141.30471,24.75629],[141.30471,24.75629],[141.30471,24.75629]]],[[[141.28419,24.74993],[141.28419,24.74993],[141.28419,24.74993],[141.28419,24.74993]]],[[[141.34139,24.77109],[141.34139,24.77109],[141.34139,24.77109],[141.34139,24.77109]]],[[[141.28688,24.78512],[141.28688,24.78512],[141.28688,24.78512],[141.28688,24.78512]]],[[[142.17745,26.65584],[142.17745,26.65584],[142.17745,26.65584],[142.17745,26.65584]]],[[[141.28572,24.79005],[141.28572,24.79005],[141.28572,24.79005],[141.28572,24.79005]]],[[[142.16617,26.68391],[142.16617,26.68391],[142.16617,26.68391],[142.16617,26.68391]]],[[[142.15042,26.6479],[142.15042,26.6479],[142.15042,26.6479],[142.15042,26.6479]]],[[[141.32618,24.81409],[141.32618,24.81409],[141.32618,24.81409],[141.32618,24.81409]]],[[[142.18651,27.08979],[142.18651,27.08979],[142.18651,27.08979],[142.18651,27.08979]]],[[[141.45324,24.22956],[141.45324,24.22956],[141.45324,24.22956],[141.45324,24.22956]]],[[[141.288,24.80695],[141.288,24.80695],[141.288,24.80695],[141.288,24.80695]]],[[[141.28569,24.78548],[141.28569,24.78548],[141.28569,24.78548],[141.28569,24.78548]]],[[[141.29011,24.74753],[141.29011,24.74753],[141.29011,24.74753],[141.29011,24.74753]]],[[[141.28628,24.78496],[141.28628,24.78496],[141.28628,24.78496],[141.28628,24.78496]]],[[[142.23275,27.07759],[142.23275,27.07759],[142.23275,27.07759],[142.23275,27.07759]]],[[[141.28499,24.80244],[141.28499,24.80244],[141.28499,24.80244],[141.28499,24.80244]]],[[[141.28568,24.7905],[141.28568,24.7905],[141.28568,24.7905],[141.28568,24.7905]]],[[[142.18214,27.09745],[142.18214,27.09745],[142.18214,27.09745],[142.18214,27.09745]]],[[[142.22202,27.09427],[142.22202,27.09427],[142.22202,27.09427],[142.22202,27.09427]]],[[[142.14678,26.68995],[142.14678,26.68995],[142.14678,26.68995],[142.14678,26.68995]]],[[[141.28577,24.78538],[141.28577,24.78538],[141.28577,24.78538],[141.28577,24.78538]]],[[[142.19159,27.089],[142.19159,27.089],[142.19159,27.089],[142.19159,27.089]]],[[[141.28772,24.79244],[141.28772,24.79244],[141.28772,24.79244],[141.28772,24.79244]]],[[[142.15344,26.68417],[142.15344,26.68417],[142.15344,26.68417],[142.15344,26.68417]]],[[[141.28609,24.78965],[141.28609,24.78965],[141.28609,24.78965],[141.28609,24.78965]]],[[[141.28582,24.78537],[141.28582,24.78537],[141.28582,24.78537],[141.28582,24.78537]]],[[[142.20462,27.08534],[142.20462,27.08534],[142.20462,27.08534],[142.20462,27.08534]]],[[[141.28502,24.78601],[141.28502,24.78601],[141.28502,24.78601],[141.28502,24.78601]]],[[[141.28805,24.74594],[141.28805,24.74594],[141.28805,24.74594],[141.28805,24.74594]]],[[[141.28745,24.74586],[141.28745,24.74586],[141.28745,24.74586],[141.28745,24.74586]]],[[[141.37864,24.77939],[141.37864,24.77939],[141.37864,24.77939],[141.37864,24.77939]]],[[[141.32593,24.81409],[141.32593,24.81409],[141.32593,24.81409],[141.32593,24.81409]]],[[[141.28509,24.78714],[141.28509,24.78714],[141.28509,24.78714],[141.28509,24.78714]]],[[[142.12837,26.6979],[142.12837,26.6979],[142.12837,26.6979],[142.12837,26.6979]]],[[[142.21904,27.09691],[142.21904,27.09691],[142.21904,27.09691],[142.21904,27.09691]]],[[[142.18255,27.1023],[142.18255,27.1023],[142.18255,27.1023],[142.18255,27.1023]]],[[[141.28577,24.7456],[141.28577,24.7456],[141.28577,24.7456],[141.28577,24.7456]]],[[[142.14145,26.67813],[142.14145,26.67813],[142.14145,26.67813],[142.14145,26.67813]]],[[[142.18311,27.10347],[142.18311,27.10347],[142.18311,27.10347],[142.18311,27.10347]]],[[[141.29187,24.74826],[141.29187,24.74826],[141.29187,24.74826],[141.29187,24.74826]]],[[[142.12432,26.70517],[142.12432,26.70517],[142.12432,26.70517],[142.12432,26.70517]]],[[[141.37797,24.77964],[141.37797,24.77964],[141.37797,24.77964],[141.37797,24.77964]]],[[[141.28578,24.78984],[141.28578,24.78984],[141.28578,24.78984],[141.28578,24.78984]]],[[[142.14122,26.6991],[142.14122,26.6991],[142.14122,26.6991],[142.14122,26.6991]]],[[[141.28514,24.80394],[141.28514,24.80394],[141.28514,24.80394],[141.28514,24.80394]]],[[[141.28488,24.75193],[141.28488,24.75193],[141.28488,24.75193],[141.28488,24.75193]]],[[[141.28528,24.7496],[141.28528,24.7496],[141.28528,24.7496],[141.28528,24.7496]]],[[[142.23085,27.08087],[142.23085,27.08087],[142.23085,27.08087],[142.23085,27.08087]]],[[[142.18556,27.04815],[142.18556,27.04815],[142.18556,27.04815],[142.18556,27.04815]]],[[[142.18188,27.09919],[142.18188,27.09919],[142.18188,27.09919],[142.18188,27.09919]]],[[[141.28775,24.80691],[141.28775,24.80691],[141.28775,24.80691],[141.28775,24.80691]]],[[[142.2235,27.0454],[142.2235,27.0454],[142.2235,27.0454],[142.2235,27.0454]]],[[[142.17844,26.65569],[142.17844,26.65569],[142.17844,26.65569],[142.17844,26.65569]]],[[[141.2854,24.74897],[141.2854,24.74897],[141.2854,24.74897],[141.2854,24.74897]]],[[[142.14696,26.68893],[142.14696,26.68893],[142.14696,26.68893],[142.14696,26.68893]]],[[[141.28605,24.7897],[141.28605,24.7897],[141.28605,24.7897],[141.28605,24.7897]]],[[[141.28437,24.79939],[141.28437,24.79939],[141.28437,24.79939],[141.28437,24.79939]]],[[[142.23633,27.05082],[142.23633,27.05082],[142.23633,27.05082],[142.23633,27.05082]]],[[[141.28483,24.75193],[141.28483,24.75193],[141.28483,24.75193],[141.28483,24.75193]]],[[[142.22587,27.03907],[142.22587,27.03907],[142.22587,27.03907],[142.22587,27.03907]]],[[[141.28496,24.79811],[141.28496,24.79811],[141.28496,24.79811],[141.28496,24.79811]]],[[[141.46918,24.22715],[141.46918,24.22715],[141.46918,24.22715],[141.46918,24.22715]]],[[[141.2861,24.80614],[141.2861,24.80614],[141.2861,24.80614],[141.2861,24.80614]]],[[[142.18473,27.04842],[142.18473,27.04842],[142.18473,27.04842],[142.18473,27.04842]]],[[[141.37878,24.77968],[141.37878,24.77968],[141.37878,24.77968],[141.37878,24.77968]]],[[[141.28602,24.79764],[141.28602,24.79764],[141.28602,24.79764],[141.28602,24.79764]]],[[[142.23161,27.07877],[142.23161,27.07877],[142.23161,27.07877],[142.23161,27.07877]]],[[[142.14306,26.67194],[142.14306,26.67194],[142.14306,26.67194],[142.14306,26.67194]]],[[[141.2855,24.80454],[141.2855,24.80454],[141.2855,24.80454],[141.2855,24.80454]]],[[[141.28449,24.7501],[141.28449,24.7501],[141.28449,24.7501],[141.28449,24.7501]]],[[[141.46945,24.22786],[141.46945,24.22786],[141.46945,24.22786],[141.46945,24.22786]]],[[[141.29005,24.74738],[141.29005,24.74738],[141.29005,24.74738],[141.29005,24.74738]]],[[[142.15397,26.68423],[142.15397,26.68423],[142.15397,26.68423],[142.15397,26.68423]]],[[[141.28424,24.79926],[141.28424,24.79926],[141.28424,24.79926],[141.28424,24.79926]]],[[[142.18965,27.04385],[142.18965,27.04385],[142.18965,27.04385],[142.18965,27.04385]]],[[[141.29223,24.74849],[141.29223,24.74849],[141.29223,24.74849],[141.29223,24.74849]]],[[[142.18215,27.09547],[142.18215,27.09547],[142.18215,27.09547],[142.18215,27.09547]]],[[[142.18764,27.05884],[142.18764,27.05884],[142.18764,27.05884],[142.18764,27.05884]]],[[[141.28667,24.80676],[141.28667,24.80676],[141.28667,24.80676],[141.28667,24.80676]]],[[[142.21975,27.10056],[142.21975,27.10056],[142.21975,27.10056],[142.21975,27.10056]]],[[[142.22517,27.04407],[142.22517,27.04407],[142.22517,27.04407],[142.22517,27.04407]]],[[[142.17765,26.65582],[142.17765,26.65582],[142.17765,26.65582],[142.17765,26.65582]]],[[[142.22357,27.0454],[142.22357,27.0454],[142.22357,27.0454],[142.22357,27.0454]]],[[[142.22361,27.04569],[142.22361,27.04569],[142.22361,27.04569],[142.22361,27.04569]]],[[[141.28713,24.79151],[141.28713,24.79151],[141.28713,24.79151],[141.28713,24.79151]]],[[[142.182,27.10131],[142.182,27.10131],[142.182,27.10131],[142.182,27.10131]]],[[[142.18783,27.08791],[142.18783,27.08791],[142.18783,27.08791],[142.18783,27.08791]]],[[[142.19736,27.04495],[142.19736,27.04495],[142.19736,27.04495],[142.19736,27.04495]]],[[[142.16705,26.681],[142.16705,26.681],[142.16705,26.681],[142.16705,26.681]]],[[[142.15906,26.68658],[142.15906,26.68658],[142.15906,26.68658],[142.15906,26.68658]]],[[[141.29036,24.74764],[141.29036,24.74764],[141.29036,24.74764],[141.29036,24.74764]]],[[[142.22458,27.08772],[142.22458,27.08772],[142.22458,27.08772],[142.22458,27.08772]]],[[[141.2872,24.80699],[141.2872,24.80699],[141.2872,24.80699],[141.2872,24.80699]]],[[[142.18572,27.09133],[142.18572,27.09133],[142.18572,27.09133],[142.18572,27.09133]]],[[[141.28791,24.80669],[141.28791,24.80669],[141.28791,24.80669],[141.28791,24.80669]]],[[[142.15066,26.64786],[142.15066,26.64786],[142.15066,26.64786],[142.15066,26.64786]]],[[[142.18543,27.09165],[142.18543,27.09165],[142.18543,27.09165],[142.18543,27.09165]]],[[[142.17818,26.65575],[142.17818,26.65575],[142.17818,26.65575],[142.17818,26.65575]]],[[[142.18585,27.09123],[142.18585,27.09123],[142.18585,27.09123],[142.18585,27.09123]]],[[[142.19807,27.04504],[142.19807,27.04504],[142.19807,27.04504],[142.19807,27.04504]]],[[[141.29312,24.74918],[141.29313,24.74918],[141.29312,24.74918],[141.29312,24.74918]]],[[[141.28558,24.7971],[141.28558,24.7971],[141.28558,24.7971],[141.28558,24.7971]]],[[[142.21389,27.10146],[142.21389,27.10146],[142.21389,27.10146],[142.21389,27.10146]]],[[[141.28602,24.80606],[141.28602,24.80606],[141.28602,24.80606],[141.28602,24.80606]]],[[[141.28472,24.7531],[141.28472,24.7531],[141.28472,24.7531],[141.28472,24.7531]]],[[[141.28452,24.80019],[141.28452,24.80019],[141.28452,24.80019],[141.28452,24.80019]]],[[[141.33029,24.81353],[141.33029,24.81353],[141.33029,24.81353],[141.33029,24.81353]]],[[[142.12711,26.70089],[142.12711,26.70089],[142.12711,26.70089],[142.12711,26.70089]]],[[[142.18163,27.10011],[142.18163,27.10011],[142.18163,27.10011],[142.18163,27.10011]]],[[[142.22425,27.04496],[142.22425,27.04496],[142.22425,27.04496],[142.22425,27.04496]]],[[[141.2868,24.78497],[141.2868,24.78497],[141.2868,24.78497],[141.2868,24.78497]]],[[[141.28695,24.78514],[141.28695,24.78514],[141.28695,24.78514],[141.28695,24.78514]]],[[[142.23265,27.07265],[142.23265,27.07265],[142.23265,27.07265],[142.23265,27.07265]]],[[[141.37847,24.77946],[141.37847,24.77946],[141.37847,24.77946],[141.37847,24.77946]]],[[[141.28498,24.75392],[141.28498,24.75392],[141.28498,24.75392],[141.28498,24.75392]]],[[[142.18578,27.09118],[142.18578,27.09118],[142.18578,27.09118],[142.18578,27.09118]]],[[[141.29046,24.74766],[141.29046,24.74766],[141.29046,24.74766],[141.29046,24.74766]]],[[[141.29072,24.74786],[141.29072,24.74786],[141.29072,24.74786],[141.29072,24.74786]]],[[[141.3476,24.77597],[141.3476,24.77597],[141.3476,24.77597],[141.3476,24.77597]]],[[[141.29041,24.74762],[141.29041,24.74762],[141.29041,24.74762],[141.29041,24.74762]]],[[[141.34713,24.79502],[141.34713,24.79502],[141.34713,24.79502],[141.34713,24.79502]]],[[[141.29106,24.74784],[141.29106,24.74784],[141.29106,24.74784],[141.29106,24.74784]]],[[[142.18646,27.08967],[142.18646,27.08967],[142.18646,27.08967],[142.18646,27.08967]]],[[[142.1447,26.67407],[142.1447,26.67407],[142.1447,26.67407],[142.1447,26.67407]]],[[[142.22524,27.03912],[142.22524,27.03912],[142.22524,27.03912],[142.22524,27.03912]]],[[[142.22881,27.08141],[142.22881,27.08141],[142.22881,27.08141],[142.22881,27.08141]]],[[[142.20398,27.08666],[142.20398,27.08666],[142.20398,27.08666],[142.20398,27.08666]]],[[[141.28549,24.74853],[141.28549,24.74853],[141.28549,24.74853],[141.28549,24.74853]]],[[[141.28475,24.75213],[141.28475,24.75213],[141.28475,24.75213],[141.28475,24.75213]]],[[[142.22474,27.08284],[142.22474,27.08284],[142.22474,27.08284],[142.22474,27.08284]]],[[[142.18222,27.09329],[142.18222,27.09329],[142.18222,27.09329],[142.18222,27.09329]]],[[[142.22296,27.09247],[142.22296,27.09247],[142.22296,27.09247],[142.22296,27.09247]]],[[[142.19744,27.04496],[142.19744,27.04496],[142.19744,27.04496],[142.19744,27.04496]]],[[[142.15305,26.64236],[142.15305,26.64236],[142.15305,26.64236],[142.15305,26.64236]]],[[[141.28478,24.75091],[141.28478,24.75091],[141.28478,24.75091],[141.28478,24.75091]]],[[[141.28464,24.75266],[141.28464,24.75266],[141.28464,24.75266],[141.28464,24.75266]]],[[[141.29278,24.7488],[141.29278,24.7488],[141.29278,24.7488],[141.29278,24.7488]]],[[[142.2252,27.0393],[142.2252,27.0393],[142.2252,27.0393],[142.2252,27.0393]]],[[[141.37975,24.78014],[141.37975,24.78014],[141.37975,24.78014],[141.37975,24.78014]]],[[[141.28668,24.78495],[141.28668,24.78495],[141.28668,24.78495],[141.28668,24.78495]]],[[[141.28568,24.79011],[141.28568,24.79011],[141.28568,24.79011],[141.28568,24.79011]]],[[[142.2245,27.04251],[142.2245,27.04251],[142.2245,27.04251],[142.2245,27.04251]]],[[[141.28686,24.78491],[141.28686,24.78491],[141.28686,24.78491],[141.28686,24.78491]]],[[[142.18731,27.06034],[142.18731,27.06034],[142.18731,27.06034],[142.18731,27.06034]]],[[[153.97775,24.2929],[153.97775,24.2929],[153.97775,24.2929],[153.97775,24.2929]]],[[[142.2314,27.07087],[142.2314,27.07087],[142.2314,27.07087],[142.2314,27.07087]]],[[[141.28624,24.78521],[141.28624,24.78521],[141.28624,24.78521],[141.28624,24.78521]]],[[[141.28466,24.80113],[141.28466,24.80113],[141.28466,24.80113],[141.28466,24.80113]]],[[[141.28567,24.79003],[141.28567,24.79003],[141.28567,24.79003],[141.28567,24.79003]]],[[[141.28789,24.80743],[141.28789,24.80743],[141.28789,24.80743],[141.28789,24.80743]]],[[[142.19325,27.08912],[142.19325,27.08912],[142.19325,27.08912],[142.19325,27.08912]]],[[[141.28704,24.80698],[141.28704,24.80698],[141.28704,24.80698],[141.28704,24.80698]]],[[[142.16691,26.68124],[142.16691,26.68124],[142.16691,26.68124],[142.16691,26.68124]]],[[[141.28612,24.80627],[141.28612,24.80627],[141.28612,24.80627],[141.28612,24.80627]]],[[[141.29362,24.75067],[141.29362,24.75067],[141.29362,24.75067],[141.29362,24.75067]]],[[[141.29335,24.74948],[141.29335,24.74948],[141.29335,24.74948],[141.29335,24.74948]]],[[[142.18835,27.08834],[142.18835,27.08834],[142.18835,27.08834],[142.18835,27.08834]]],[[[141.29071,24.74768],[141.29071,24.74768],[141.29071,24.74768],[141.29071,24.74768]]],[[[141.28652,24.79124],[141.28652,24.79124],[141.28652,24.79124],[141.28652,24.79124]]],[[[142.17824,26.6557],[142.17824,26.6557],[142.17824,26.6557],[142.17824,26.6557]]],[[[141.30418,24.75623],[141.30418,24.75623],[141.30418,24.75623],[141.30418,24.75623]]],[[[141.28576,24.78814],[141.28576,24.78814],[141.28576,24.78814],[141.28576,24.78814]]],[[[142.22197,27.09429],[142.22197,27.09429],[142.22197,27.09429],[142.22197,27.09429]]],[[[141.28724,24.807],[141.28724,24.807],[141.28724,24.807],[141.28724,24.807]]],[[[142.18997,27.06782],[142.18997,27.06782],[142.18997,27.06782],[142.18997,27.06782]]],[[[141.37888,24.77977],[141.37888,24.77977],[141.37888,24.77977],[141.37888,24.77977]]],[[[141.28794,24.80643],[141.28794,24.80643],[141.28794,24.80643],[141.28794,24.80643]]],[[[142.18749,27.08788],[142.18749,27.08788],[142.18749,27.08788],[142.18749,27.08788]]],[[[142.18181,27.09517],[142.18181,27.09517],[142.18181,27.09517],[142.18181,27.09517]]],[[[142.22213,27.09393],[142.22213,27.09393],[142.22213,27.09393],[142.22213,27.09393]]],[[[141.2905,24.74773],[141.2905,24.74773],[141.2905,24.74773],[141.2905,24.74773]]],[[[142.22529,27.04193],[142.22529,27.04193],[142.22529,27.04193],[142.22529,27.04193]]],[[[141.28896,24.74662],[141.28896,24.74662],[141.28896,24.74662],[141.28896,24.74662]]],[[[141.28568,24.79],[141.28568,24.79],[141.28568,24.79],[141.28568,24.79]]],[[[142.22395,27.09114],[142.22395,27.09114],[142.22395,27.09114],[142.22395,27.09114]]],[[[141.32647,24.81421],[141.32647,24.81421],[141.32647,24.81421],[141.32647,24.81421]]],[[[142.19805,27.04514],[142.19805,27.04514],[142.19805,27.04514],[142.19805,27.04514]]],[[[142.18494,27.10416],[142.18494,27.10416],[142.18494,27.10416],[142.18494,27.10416]]],[[[141.37889,24.77979],[141.37889,24.77979],[141.37889,24.77979],[141.37889,24.77979]]],[[[141.2882,24.80648],[141.2882,24.80648],[141.2882,24.80648],[141.2882,24.80648]]],[[[141.28501,24.78584],[141.28501,24.78584],[141.28501,24.78584],[141.28501,24.78584]]],[[[141.32652,24.81419],[141.32652,24.81419],[141.32652,24.81419],[141.32652,24.81419]]],[[[142.18701,27.0878],[142.18701,27.0878],[142.18701,27.0878],[142.18701,27.0878]]],[[[141.28702,24.78496],[141.28702,24.78496],[141.28702,24.78496],[141.28702,24.78496]]],[[[141.287,24.78511],[141.287,24.78511],[141.287,24.78511],[141.287,24.78511]]],[[[141.28571,24.78943],[141.28571,24.78943],[141.28571,24.78943],[141.28571,24.78943]]],[[[142.23373,27.07821],[142.23373,27.07821],[142.23373,27.07821],[142.23373,27.07821]]],[[[142.22882,27.08135],[142.22882,27.08135],[142.22882,27.08135],[142.22882,27.08135]]],[[[141.29361,24.75014],[141.29361,24.75014],[141.29361,24.75014],[141.29361,24.75014]]],[[[141.28778,24.80726],[141.28778,24.80726],[141.28778,24.80726],[141.28778,24.80726]]],[[[141.28799,24.80737],[141.28799,24.80737],[141.28799,24.80737],[141.28799,24.80737]]],[[[141.28517,24.7905],[141.28517,24.7905],[141.28517,24.7905],[141.28517,24.7905]]],[[[142.18978,27.06788],[142.18978,27.06788],[142.18978,27.06788],[142.18978,27.06788]]],[[[142.14665,26.68554],[142.14665,26.68554],[142.14665,26.68554],[142.14665,26.68554]]],[[[141.28709,24.80744],[141.28709,24.80744],[141.28709,24.80744],[141.28709,24.80744]]],[[[141.28743,24.78531],[141.28743,24.78531],[141.28743,24.78531],[141.28743,24.78531]]],[[[142.21404,27.10128],[142.21404,27.10128],[142.21404,27.10128],[142.21404,27.10128]]],[[[142.16539,26.67972],[142.16539,26.67972],[142.16539,26.67972],[142.16539,26.67972]]],[[[141.29245,24.74862],[141.29245,24.74862],[141.29245,24.74862],[141.29245,24.74862]]],[[[141.28794,24.80513],[141.28794,24.80513],[141.28794,24.80513],[141.28794,24.80513]]],[[[141.28579,24.78544],[141.28579,24.78544],[141.28579,24.78544],[141.28579,24.78544]]],[[[141.28479,24.75103],[141.28479,24.75103],[141.28479,24.75103],[141.28479,24.75103]]],[[[141.28532,24.78755],[141.28532,24.78755],[141.28532,24.78755],[141.28532,24.78755]]],[[[141.28516,24.78531],[141.28516,24.78531],[141.28516,24.78531],[141.28516,24.78531]]],[[[142.18933,27.0887],[142.18933,27.0887],[142.18933,27.0887],[142.18933,27.0887]]],[[[142.19045,27.04276],[142.19045,27.04276],[142.19045,27.04276],[142.19045,27.04276]]],[[[141.28571,24.78536],[141.28571,24.78536],[141.28571,24.78536],[141.28571,24.78536]]],[[[141.28448,24.79876],[141.28448,24.79876],[141.28448,24.79876],[141.28448,24.79876]]],[[[142.19749,27.04485],[142.19749,27.04485],[142.19749,27.04485],[142.19749,27.04485]]],[[[141.32594,24.81414],[141.32594,24.81414],[141.32594,24.81414],[141.32594,24.81414]]],[[[142.19789,27.04509],[142.19789,27.04509],[142.19789,27.04509],[142.19789,27.04509]]],[[[142.18743,27.08779],[142.18743,27.08779],[142.18743,27.08779],[142.18743,27.08779]]],[[[141.28673,24.80675],[141.28673,24.80675],[141.28673,24.80675],[141.28673,24.80675]]],[[[141.2849,24.8021],[141.2849,24.8021],[141.2849,24.8021],[141.2849,24.8021]]],[[[141.37992,24.77961],[141.37992,24.77961],[141.37992,24.77961],[141.37992,24.77961]]],[[[142.19142,27.08881],[142.19142,27.08881],[142.19142,27.08881],[142.19142,27.08881]]],[[[141.28477,24.75381],[141.28477,24.75381],[141.28477,24.75381],[141.28477,24.75381]]],[[[141.28605,24.80598],[141.28605,24.80598],[141.28605,24.80598],[141.28605,24.80598]]],[[[141.28577,24.78554],[141.28577,24.78554],[141.28577,24.78554],[141.28577,24.78554]]],[[[141.28517,24.79047],[141.28517,24.79047],[141.28517,24.79047],[141.28517,24.79047]]],[[[142.219,27.03736],[142.219,27.03736],[142.219,27.03736],[142.219,27.03736]]],[[[141.28477,24.75056],[141.28477,24.75056],[141.28477,24.75056],[141.28477,24.75056]]],[[[141.34268,24.77154],[141.34268,24.77154],[141.34268,24.77154],[141.34268,24.77154]]],[[[141.37849,24.78071],[141.37849,24.78071],[141.37849,24.78071],[141.37849,24.78071]]],[[[141.30428,24.75619],[141.30428,24.75619],[141.30428,24.75619],[141.30428,24.75619]]],[[[141.32642,24.81424],[141.32642,24.81424],[141.32642,24.81424],[141.32642,24.81424]]],[[[141.28726,24.80271],[141.28726,24.80271],[141.28726,24.80271],[141.28726,24.80271]]],[[[141.28566,24.78806],[141.28566,24.78806],[141.28566,24.78806],[141.28566,24.78806]]],[[[141.28763,24.80431],[141.28763,24.80431],[141.28763,24.80431],[141.28763,24.80431]]],[[[141.28714,24.78521],[141.28716,24.78521],[141.28714,24.78521],[141.28714,24.78521]]],[[[141.28759,24.80463],[141.28759,24.80463],[141.28759,24.80463],[141.28759,24.80463]]],[[[141.28435,24.80013],[141.28435,24.80013],[141.28435,24.80013],[141.28435,24.80013]]],[[[142.22466,27.08411],[142.22466,27.08411],[142.22466,27.08411],[142.22466,27.08411]]],[[[141.32548,24.81408],[141.32548,24.81408],[141.32548,24.81408],[141.32548,24.81408]]],[[[142.18908,27.05229],[142.18908,27.05229],[142.18908,27.05229],[142.18908,27.05229]]],[[[141.28673,24.80183],[141.28673,24.80183],[141.28673,24.80183],[141.28673,24.80183]]],[[[153.97916,24.29575],[153.97916,24.29575],[153.97916,24.29575],[153.97916,24.29575]]],[[[141.28471,24.75062],[141.28471,24.75062],[141.28471,24.75062],[141.28471,24.75062]]],[[[142.15082,26.68385],[142.15082,26.68385],[142.15082,26.68385],[142.15082,26.68385]]],[[[141.28468,24.75295],[141.28468,24.75295],[141.28468,24.75295],[141.28468,24.75295]]],[[[141.28956,24.74707],[141.28956,24.74707],[141.28956,24.74707],[141.28956,24.74707]]],[[[141.28442,24.8001],[141.28442,24.8001],[141.28442,24.8001],[141.28442,24.8001]]],[[[141.28474,24.75066],[141.28474,24.75066],[141.28474,24.75066],[141.28474,24.75066]]],[[[141.29171,24.77742],[141.29171,24.77742],[141.29171,24.77742],[141.29171,24.77742]]],[[[142.22198,27.09388],[142.22198,27.09388],[142.22198,27.09388],[142.22198,27.09388]]],[[[142.22531,27.04188],[142.22531,27.04188],[142.22531,27.04188],[142.22531,27.04188]]],[[[142.18734,27.08768],[142.18734,27.08768],[142.18734,27.08768],[142.18734,27.08768]]],[[[141.28555,24.78546],[141.28555,24.78546],[141.28555,24.78546],[141.28555,24.78546]]],[[[141.28446,24.79961],[141.28445,24.79962],[141.28446,24.79961],[141.28446,24.79961]]],[[[141.30499,24.7564],[141.30499,24.7564],[141.30499,24.7564],[141.30499,24.7564]]],[[[142.22354,27.04553],[142.22354,27.04553],[142.22354,27.04553],[142.22354,27.04553]]],[[[141.28507,24.78455],[141.28507,24.78455],[141.28507,24.78455],[141.28507,24.78455]]],[[[141.28464,24.80063],[141.28464,24.80063],[141.28464,24.80063],[141.28464,24.80063]]],[[[142.18542,27.09144],[142.18542,27.09144],[142.18542,27.09144],[142.18542,27.09144]]],[[[142.18597,27.08344],[142.18597,27.08344],[142.18597,27.08344],[142.18597,27.08344]]],[[[141.28567,24.79781],[141.28567,24.79781],[141.28567,24.79781],[141.28567,24.79781]]],[[[141.28478,24.75321],[141.28478,24.75321],[141.28478,24.75321],[141.28478,24.75321]]],[[[141.28479,24.75208],[141.28479,24.75208],[141.28479,24.75208],[141.28479,24.75208]]],[[[141.2854,24.74897],[141.2854,24.74897],[141.2854,24.74897],[141.2854,24.74897]]],[[[141.2924,24.74861],[141.2924,24.74861],[141.2924,24.74861],[141.2924,24.74861]]],[[[142.19647,27.0446],[142.19647,27.0446],[142.19647,27.0446],[142.19647,27.0446]]],[[[142.22928,27.08117],[142.22928,27.08117],[142.22928,27.08117],[142.22928,27.08117]]],[[[142.22514,27.04402],[142.22514,27.04402],[142.22514,27.04402],[142.22514,27.04402]]],[[[142.18613,27.10512],[142.18613,27.10512],[142.18613,27.10512],[142.18613,27.10512]]],[[[141.288,24.80698],[141.288,24.80698],[141.288,24.80698],[141.288,24.80698]]],[[[142.1528,26.68396],[142.1528,26.68396],[142.1528,26.68396],[142.1528,26.68396]]],[[[141.29245,24.74858],[141.29245,24.74858],[141.29245,24.74858],[141.29245,24.74858]]],[[[141.28676,24.78497],[141.28676,24.78497],[141.28676,24.78497],[141.28676,24.78497]]],[[[141.28784,24.80538],[141.28784,24.80538],[141.28784,24.80538],[141.28784,24.80538]]],[[[141.28574,24.78546],[141.28574,24.78546],[141.28574,24.78546],[141.28574,24.78546]]],[[[141.34344,24.7716],[141.34344,24.7716],[141.34344,24.7716],[141.34344,24.7716]]],[[[141.29223,24.74835],[141.29223,24.74835],[141.29223,24.74835],[141.29223,24.74835]]],[[[141.28708,24.80691],[141.28708,24.80691],[141.28708,24.80691],[141.28708,24.80691]]],[[[141.29048,24.7477],[141.29048,24.7477],[141.29048,24.7477],[141.29048,24.7477]]],[[[141.28652,24.78481],[141.28652,24.78481],[141.28652,24.78481],[141.28652,24.78481]]],[[[141.37798,24.77956],[141.37798,24.77956],[141.37798,24.77956],[141.37798,24.77956]]],[[[141.3413,24.80431],[141.3413,24.80431],[141.3413,24.80431],[141.3413,24.80431]]],[[[142.18616,27.08359],[142.18616,27.08359],[142.18616,27.08359],[142.18616,27.08359]]],[[[142.19147,27.08889],[142.19147,27.08889],[142.19147,27.08889],[142.19147,27.08889]]],[[[141.28621,24.80642],[141.28621,24.80642],[141.28621,24.80642],[141.28621,24.80642]]],[[[141.293,24.74914],[141.293,24.74914],[141.293,24.74914],[141.293,24.74914]]],[[[141.29265,24.7488],[141.29265,24.7488],[141.29265,24.7488],[141.29265,24.7488]]],[[[141.37867,24.78037],[141.37868,24.78037],[141.37867,24.78037],[141.37867,24.78037]]],[[[141.29169,24.77719],[141.29169,24.77719],[141.29169,24.77719],[141.29169,24.77719]]],[[[141.28601,24.79761],[141.28601,24.79761],[141.28601,24.79761],[141.28601,24.79761]]],[[[142.18739,27.06027],[142.18739,27.06027],[142.18739,27.06027],[142.18739,27.06027]]],[[[142.23615,27.08378],[142.23615,27.08378],[142.23615,27.08378],[142.23615,27.08378]]],[[[141.28495,24.80285],[141.28495,24.80285],[141.28495,24.80285],[141.28495,24.80285]]],[[[141.28714,24.80287],[141.28714,24.80287],[141.28714,24.80287],[141.28714,24.80287]]],[[[141.29122,24.74804],[141.29122,24.74804],[141.29122,24.74804],[141.29122,24.74804]]],[[[141.32638,24.81417],[141.32638,24.81417],[141.32638,24.81417],[141.32638,24.81417]]],[[[141.34689,24.77562],[141.34689,24.77562],[141.34689,24.77562],[141.34689,24.77562]]],[[[141.34367,24.77151],[141.34367,24.77151],[141.34367,24.77151],[141.34367,24.77151]]],[[[141.28795,24.80651],[141.28795,24.80651],[141.28795,24.80651],[141.28795,24.80651]]],[[[141.28708,24.78515],[141.28708,24.78515],[141.28708,24.78515],[141.28708,24.78515]]],[[[141.37878,24.77996],[141.37878,24.77996],[141.37878,24.77996],[141.37878,24.77996]]],[[[141.28708,24.79139],[141.28708,24.79139],[141.28708,24.79139],[141.28708,24.79139]]],[[[141.32605,24.81411],[141.32605,24.81411],[141.32605,24.81411],[141.32605,24.81411]]],[[[141.28507,24.78453],[141.28507,24.78453],[141.28507,24.78453],[141.28507,24.78453]]],[[[141.28552,24.75526],[141.28552,24.75526],[141.28552,24.75526],[141.28552,24.75526]]],[[[141.28638,24.79061],[141.28638,24.79061],[141.28638,24.79061],[141.28638,24.79061]]],[[[141.28589,24.79774],[141.28589,24.79774],[141.28589,24.79774],[141.28589,24.79774]]],[[[141.28523,24.74936],[141.28523,24.74936],[141.28523,24.74936],[141.28523,24.74936]]],[[[141.28603,24.78507],[141.28603,24.78507],[141.28603,24.78507],[141.28603,24.78507]]],[[[141.28462,24.78571],[141.28462,24.78571],[141.28462,24.78571],[141.28462,24.78571]]],[[[141.28796,24.80663],[141.28796,24.80663],[141.28796,24.80663],[141.28796,24.80663]]],[[[141.29184,24.74821],[141.29184,24.74821],[141.29184,24.74821],[141.29184,24.74821]]],[[[141.28471,24.80085],[141.28471,24.80085],[141.28471,24.80085],[141.28471,24.80085]]],[[[141.28485,24.80178],[141.28485,24.80178],[141.28485,24.80178],[141.28485,24.80178]]],[[[141.28738,24.78527],[141.28738,24.78527],[141.28738,24.78527],[141.28738,24.78527]]],[[[141.29213,24.74839],[141.29213,24.74839],[141.29213,24.74839],[141.29213,24.74839]]],[[[141.28549,24.78825],[141.28549,24.78825],[141.28549,24.78825],[141.28549,24.78825]]],[[[141.28809,24.80635],[141.28809,24.80635],[141.28809,24.80635],[141.28809,24.80635]]],[[[141.28534,24.78551],[141.28534,24.78551],[141.28534,24.78551],[141.28534,24.78551]]],[[[141.28523,24.78544],[141.28523,24.78544],[141.28523,24.78544],[141.28523,24.78544]]],[[[142.14213,26.67754],[142.14213,26.67754],[142.14213,26.67754],[142.14213,26.67754]]],[[[141.28568,24.78533],[141.28568,24.78533],[141.28568,24.78533],[141.28568,24.78533]]],[[[141.29369,24.75113],[141.29369,24.75113],[141.29369,24.75113],[141.29369,24.75113]]],[[[141.2845,24.7996],[141.2845,24.7996],[141.2845,24.7996],[141.2845,24.7996]]],[[[141.29319,24.74929],[141.29319,24.74929],[141.29319,24.74929],[141.29319,24.74929]]],[[[141.28714,24.78514],[141.28714,24.78514],[141.28714,24.78514],[141.28714,24.78514]]],[[[142.18275,27.09678],[142.18275,27.09678],[142.18275,27.09678],[142.18275,27.09678]]],[[[142.23281,27.07677],[142.23281,27.07677],[142.23281,27.07677],[142.23281,27.07677]]],[[[141.28546,24.80459],[141.28546,24.80459],[141.28546,24.80459],[141.28546,24.80459]]],[[[141.29202,24.74829],[141.29202,24.74829],[141.29202,24.74829],[141.29202,24.74829]]],[[[141.28699,24.80744],[141.28699,24.80744],[141.28699,24.80744],[141.28699,24.80744]]],[[[141.28654,24.78505],[141.28654,24.78505],[141.28654,24.78505],[141.28654,24.78505]]],[[[142.18277,27.09683],[142.18277,27.09683],[142.18277,27.09683],[142.18277,27.09683]]],[[[142.1874,27.08768],[142.1874,27.08768],[142.1874,27.08768],[142.1874,27.08768]]],[[[141.34804,24.77652],[141.34804,24.77652],[141.34804,24.77652],[141.34804,24.77652]]],[[[141.2928,24.74892],[141.2928,24.74892],[141.2928,24.74892],[141.2928,24.74892]]],[[[141.28478,24.75043],[141.28478,24.75043],[141.28478,24.75043],[141.28478,24.75043]]],[[[141.28616,24.78523],[141.28616,24.78523],[141.28616,24.78523],[141.28616,24.78523]]],[[[141.28992,24.74737],[141.28992,24.74737],[141.28992,24.74737],[141.28992,24.74737]]],[[[142.18793,27.08787],[142.18793,27.08787],[142.18793,27.08787],[142.18793,27.08787]]],[[[142.23277,27.07792],[142.23277,27.07792],[142.23277,27.07792],[142.23277,27.07792]]],[[[141.29344,24.75009],[141.29344,24.75009],[141.29344,24.75009],[141.29344,24.75009]]],[[[141.28479,24.75187],[141.28479,24.75187],[141.28479,24.75187],[141.28479,24.75187]]],[[[141.29169,24.74807],[141.29169,24.74807],[141.29169,24.74807],[141.29169,24.74807]]],[[[141.47259,24.23223],[141.47259,24.23223],[141.47259,24.23223],[141.47259,24.23223]]],[[[141.28616,24.79758],[141.28616,24.79758],[141.28616,24.79758],[141.28616,24.79758]]],[[[141.28581,24.78977],[141.28581,24.78977],[141.28581,24.78977],[141.28581,24.78977]]],[[[141.28618,24.78989],[141.28618,24.78989],[141.28618,24.78989],[141.28618,24.78989]]],[[[141.28487,24.75198],[141.28487,24.75198],[141.28487,24.75198],[141.28487,24.75198]]],[[[142.22499,27.04209],[142.22499,27.04209],[142.22499,27.04209],[142.22499,27.04209]]],[[[141.28474,24.75294],[141.28474,24.75294],[141.28474,24.75294],[141.28474,24.75294]]],[[[141.28648,24.80129],[141.28648,24.80129],[141.28648,24.80129],[141.28648,24.80129]]],[[[141.30423,24.75619],[141.30423,24.75619],[141.30423,24.75619],[141.30423,24.75619]]],[[[141.28716,24.80723],[141.28716,24.80723],[141.28716,24.80723],[141.28716,24.80723]]],[[[141.28507,24.80231],[141.28507,24.80231],[141.28507,24.80231],[141.28507,24.80231]]],[[[141.29272,24.74889],[141.29272,24.74889],[141.29272,24.74889],[141.29272,24.74889]]],[[[141.28488,24.75186],[141.28488,24.75186],[141.28488,24.75186],[141.28488,24.75186]]],[[[141.29259,24.74867],[141.29259,24.74867],[141.29259,24.74867],[141.29259,24.74867]]],[[[141.28528,24.7854],[141.28528,24.7854],[141.28528,24.7854],[141.28528,24.7854]]],[[[141.28454,24.75041],[141.28454,24.75041],[141.28454,24.75041],[141.28454,24.75041]]],[[[141.28466,24.75196],[141.28466,24.75196],[141.28466,24.75196],[141.28466,24.75196]]],[[[141.32582,24.81411],[141.32582,24.81411],[141.32582,24.81411],[141.32582,24.81411]]],[[[141.28794,24.80521],[141.28794,24.80521],[141.28794,24.80521],[141.28794,24.80521]]],[[[141.29323,24.74937],[141.29323,24.74937],[141.29323,24.74937],[141.29323,24.74937]]],[[[142.22497,27.04195],[142.22497,27.04195],[142.22497,27.04195],[142.22497,27.04195]]],[[[141.28462,24.80125],[141.28462,24.80125],[141.28462,24.80125],[141.28462,24.80125]]],[[[141.29372,24.75092],[141.29372,24.75092],[141.29372,24.75092],[141.29372,24.75092]]],[[[141.28873,24.74639],[141.28873,24.74639],[141.28873,24.74639],[141.28873,24.74639]]],[[[141.28688,24.78502],[141.28688,24.78502],[141.28688,24.78502],[141.28688,24.78502]]],[[[141.29193,24.74832],[141.29193,24.74832],[141.29193,24.74832],[141.29193,24.74832]]],[[[141.33038,24.81339],[141.33038,24.81339],[141.33038,24.81339],[141.33038,24.81339]]],[[[141.28795,24.80646],[141.28795,24.80646],[141.28795,24.80646],[141.28795,24.80646]]],[[[141.2865,24.80659],[141.2865,24.80659],[141.2865,24.80659],[141.2865,24.80659]]],[[[141.46939,24.22731],[141.46939,24.22731],[141.46939,24.22731],[141.46939,24.22731]]],[[[141.29296,24.74894],[141.29296,24.74894],[141.29296,24.74894],[141.29296,24.74894]]],[[[141.28485,24.75351],[141.28485,24.75351],[141.28485,24.75351],[141.28485,24.75351]]],[[[141.28574,24.78548],[141.28574,24.78548],[141.28574,24.78548],[141.28574,24.78548]]],[[[141.37861,24.77952],[141.37861,24.77952],[141.37861,24.77952],[141.37861,24.77952]]],[[[141.34452,24.79887],[141.34452,24.79887],[141.34452,24.79887],[141.34452,24.79887]]],[[[142.23259,27.07252],[142.23259,27.07252],[142.23259,27.07252],[142.23259,27.07252]]],[[[141.28724,24.78523],[141.28724,24.78523],[141.28724,24.78523],[141.28724,24.78523]]],[[[141.29167,24.77723],[141.29167,24.77723],[141.29167,24.77723],[141.29167,24.77723]]],[[[141.28438,24.79944],[141.28438,24.79944],[141.28438,24.79944],[141.28438,24.79944]]],[[[141.28582,24.78925],[141.28582,24.78925],[141.28582,24.78925],[141.28582,24.78925]]],[[[141.37911,24.7806],[141.37911,24.7806],[141.37911,24.7806],[141.37911,24.7806]]],[[[142.14418,26.67415],[142.14418,26.67415],[142.14418,26.67415],[142.14418,26.67415]]],[[[142.17514,26.61689],[142.17514,26.61689],[142.17514,26.61689],[142.17514,26.61689]]],[[[141.34727,24.79499],[141.34727,24.79499],[141.34727,24.79499],[141.34727,24.79499]]],[[[142.17509,26.61687],[142.17509,26.61687],[142.17509,26.61687],[142.17509,26.61687]]],[[[141.29182,24.74805],[141.29182,24.74805],[141.29182,24.74805],[141.29182,24.74805]]],[[[141.34722,24.79506],[141.34722,24.79506],[141.34722,24.79506],[141.34722,24.79506]]],[[[141.37968,24.78025],[141.37968,24.78025],[141.37968,24.78025],[141.37968,24.78025]]],[[[141.31906,24.81314],[141.31906,24.81314],[141.31906,24.81314],[141.31906,24.81314]]],[[[141.28465,24.75034],[141.28465,24.75034],[141.28465,24.75034],[141.28465,24.75034]]],[[[141.34756,24.77591],[141.34756,24.77591],[141.34756,24.77591],[141.34756,24.77591]]],[[[141.28566,24.78552],[141.28566,24.78552],[141.28566,24.78552],[141.28566,24.78552]]],[[[141.34373,24.77154],[141.34373,24.77154],[141.34373,24.77154],[141.34373,24.77154]]],[[[142.14703,26.6889],[142.14703,26.6889],[142.14703,26.6889],[142.14703,26.6889]]],[[[141.28507,24.80279],[141.28507,24.80279],[141.28507,24.80279],[141.28507,24.80279]]],[[[141.28557,24.74901],[141.28557,24.74901],[141.28557,24.74901],[141.28557,24.74901]]],[[[141.32598,24.81408],[141.32598,24.81408],[141.32598,24.81408],[141.32598,24.81408]]],[[[141.29239,24.74858],[141.29239,24.74858],[141.29239,24.74858],[141.29239,24.74858]]],[[[141.28721,24.80271],[141.28721,24.80271],[141.28721,24.80271],[141.28721,24.80271]]],[[[141.28473,24.75298],[141.28473,24.75298],[141.28473,24.75298],[141.28473,24.75298]]],[[[141.30442,24.75613],[141.30442,24.75613],[141.30442,24.75613],[141.30442,24.75613]]],[[[141.29221,24.74843],[141.29221,24.74843],[141.29221,24.74843],[141.29221,24.74843]]],[[[141.2887,24.74625],[141.2887,24.74625],[141.2887,24.74625],[141.2887,24.74625]]],[[[141.28501,24.80223],[141.28501,24.80223],[141.28501,24.80223],[141.28501,24.80223]]],[[[141.29365,24.75092],[141.29365,24.75092],[141.29365,24.75092],[141.29365,24.75092]]],[[[141.28478,24.75183],[141.28478,24.75183],[141.28478,24.75183],[141.28478,24.75183]]],[[[141.28726,24.80706],[141.28726,24.80706],[141.28726,24.80706],[141.28726,24.80706]]],[[[141.2877,24.80486],[141.2877,24.80486],[141.2877,24.80486],[141.2877,24.80486]]],[[[141.28542,24.80432],[141.28542,24.80432],[141.28542,24.80432],[141.28542,24.80432]]],[[[141.29182,24.74819],[141.29182,24.74819],[141.29182,24.74819],[141.29182,24.74819]]],[[[141.28597,24.78516],[141.28597,24.78516],[141.28597,24.78516],[141.28597,24.78516]]],[[[142.22512,27.04224],[142.22512,27.04224],[142.22512,27.04224],[142.22512,27.04224]]],[[[141.28724,24.80711],[141.28724,24.80711],[141.28724,24.80711],[141.28724,24.80711]]],[[[141.2841,24.79942],[141.2841,24.79942],[141.2841,24.79942],[141.2841,24.79942]]],[[[141.28507,24.80227],[141.28507,24.80227],[141.28507,24.80227],[141.28507,24.80227]]],[[[141.34313,24.7716],[141.34313,24.7716],[141.34313,24.7716],[141.34313,24.7716]]],[[[141.28765,24.79288],[141.28765,24.79288],[141.28765,24.79288],[141.28765,24.79288]]],[[[141.28572,24.78984],[141.28572,24.78984],[141.28572,24.78984],[141.28572,24.78984]]],[[[141.28671,24.80174],[141.28671,24.80174],[141.28671,24.80174],[141.28671,24.80174]]],[[[141.34138,24.80416],[141.34138,24.80416],[141.34138,24.80416],[141.34138,24.80416]]],[[[141.28795,24.80588],[141.28795,24.80588],[141.28795,24.80588],[141.28795,24.80588]]],[[[141.29241,24.74851],[141.29241,24.74851],[141.29241,24.74851],[141.29241,24.74851]]],[[[141.28479,24.80183],[141.28479,24.80183],[141.28479,24.80183],[141.28479,24.80183]]],[[[141.28546,24.78715],[141.28546,24.78715],[141.28546,24.78715],[141.28546,24.78715]]],[[[141.28505,24.80222],[141.28505,24.80222],[141.28505,24.80222],[141.28505,24.80222]]],[[[142.22588,27.03902],[142.22588,27.03902],[142.22588,27.03902],[142.22588,27.03902]]],[[[141.29236,24.74854],[141.29236,24.74854],[141.29236,24.74854],[141.29236,24.74854]]],[[[141.28481,24.80179],[141.28481,24.80179],[141.28481,24.80179],[141.28481,24.80179]]],[[[141.293,24.74911],[141.293,24.74911],[141.293,24.74911],[141.293,24.74911]]],[[[141.29239,24.74849],[141.29239,24.74849],[141.29239,24.74849],[141.29239,24.74849]]],[[[141.28562,24.78817],[141.28562,24.78817],[141.28562,24.78817],[141.28562,24.78817]]],[[[141.37855,24.77956],[141.37855,24.77956],[141.37855,24.77956],[141.37855,24.77956]]],[[[141.28568,24.78526],[141.28568,24.78526],[141.28568,24.78526],[141.28568,24.78526]]],[[[142.18954,27.05146],[142.18954,27.05146],[142.18954,27.05146],[142.18954,27.05146]]],[[[141.28794,24.80643],[141.28794,24.80643],[141.28794,24.80643],[141.28794,24.80643]]],[[[141.34807,24.77647],[141.34807,24.77647],[141.34807,24.77647],[141.34807,24.77647]]],[[[141.28484,24.80211],[141.28484,24.80211],[141.28484,24.80211],[141.28484,24.80211]]],[[[141.34773,24.77615],[141.34773,24.77615],[141.34773,24.77615],[141.34773,24.77615]]],[[[141.28783,24.80565],[141.28783,24.80565],[141.28783,24.80565],[141.28783,24.80565]]],[[[142.22421,27.04547],[142.22421,27.04547],[142.22421,27.04547],[142.22421,27.04547]]],[[[141.28778,24.79287],[141.28778,24.79287],[141.28778,24.79287],[141.28778,24.79287]]],[[[141.34148,24.80464],[141.34148,24.80464],[141.34148,24.80464],[141.34148,24.80464]]],[[[141.28693,24.78522],[141.28693,24.78522],[141.28693,24.78522],[141.28693,24.78522]]],[[[141.29301,24.74917],[141.29301,24.74917],[141.29301,24.74917],[141.29301,24.74917]]],[[[141.28508,24.74989],[141.28508,24.74989],[141.28508,24.74989],[141.28508,24.74989]]],[[[141.2925,24.74865],[141.2925,24.74865],[141.2925,24.74865],[141.2925,24.74865]]],[[[142.23291,27.07733],[142.23291,27.07733],[142.23291,27.07733],[142.23291,27.07733]]],[[[141.28484,24.75347],[141.28484,24.75347],[141.28484,24.75347],[141.28484,24.75347]]],[[[141.2877,24.8048],[141.2877,24.8048],[141.2877,24.8048],[141.2877,24.8048]]],[[[141.28624,24.80645],[141.28624,24.80645],[141.28624,24.80645],[141.28624,24.80645]]],[[[141.3798,24.78005],[141.3798,24.78005],[141.3798,24.78005],[141.3798,24.78005]]],[[[141.28605,24.78945],[141.28605,24.78945],[141.28605,24.78945],[141.28605,24.78945]]],[[[141.28581,24.79759],[141.28581,24.79759],[141.28581,24.79759],[141.28581,24.79759]]],[[[141.28599,24.78507],[141.28599,24.78507],[141.28599,24.78507],[141.28599,24.78507]]],[[[141.28489,24.75391],[141.28489,24.75391],[141.28489,24.75391],[141.28489,24.75391]]],[[[141.29332,24.74976],[141.29332,24.74976],[141.29332,24.74976],[141.29332,24.74976]]],[[[141.28603,24.78513],[141.28603,24.78513],[141.28603,24.78513],[141.28603,24.78513]]],[[[141.29356,24.75049],[141.29356,24.75049],[141.29356,24.75049],[141.29356,24.75049]]],[[[141.29272,24.74889],[141.29272,24.74889],[141.29272,24.74889],[141.29272,24.74889]]],[[[141.28605,24.80598],[141.28605,24.80598],[141.28605,24.80598],[141.28605,24.80598]]],[[[141.2846,24.75228],[141.2846,24.75228],[141.2846,24.75228],[141.2846,24.75228]]],[[[141.28802,24.80633],[141.28802,24.80633],[141.28802,24.80633],[141.28802,24.80633]]],[[[141.28533,24.80466],[141.28533,24.80466],[141.28533,24.80466],[141.28533,24.80466]]],[[[141.28486,24.752],[141.28486,24.752],[141.28486,24.752],[141.28486,24.752]]],[[[141.28546,24.78706],[141.28546,24.78706],[141.28546,24.78706],[141.28546,24.78706]]],[[[142.22728,27.03549],[142.22728,27.03549],[142.22728,27.03549],[142.22728,27.03549]]],[[[141.28613,24.79763],[141.28613,24.79763],[141.28613,24.79763],[141.28613,24.79763]]],[[[141.28485,24.79822],[141.28485,24.79822],[141.28485,24.79822],[141.28485,24.79822]]],[[[141.29345,24.7499],[141.29345,24.7499],[141.29345,24.7499],[141.29345,24.7499]]],[[[141.2914,24.74798],[141.2914,24.74798],[141.2914,24.74798],[141.2914,24.74798]]],[[[141.28425,24.79944],[141.28425,24.79944],[141.28425,24.79944],[141.28425,24.79944]]],[[[141.29146,24.74791],[141.29146,24.74791],[141.29146,24.74791],[141.29146,24.74791]]],[[[141.34142,24.80439],[141.34142,24.80439],[141.34142,24.80439],[141.34142,24.80439]]],[[[141.28769,24.7929],[141.28769,24.7929],[141.28769,24.7929],[141.28769,24.7929]]],[[[141.2878,24.80543],[141.2878,24.80543],[141.2878,24.80543],[141.2878,24.80543]]],[[[141.28782,24.80677],[141.28782,24.80677],[141.28782,24.80677],[141.28782,24.80677]]],[[[141.29375,24.75114],[141.29375,24.75114],[141.29375,24.75114],[141.29375,24.75114]]],[[[141.28585,24.78536],[141.28585,24.78536],[141.28585,24.78536],[141.28585,24.78536]]],[[[141.28441,24.79944],[141.28441,24.79944],[141.28441,24.79944],[141.28441,24.79944]]],[[[141.28777,24.80495],[141.28777,24.80495],[141.28777,24.80495],[141.28777,24.80495]]],[[[141.28789,24.80522],[141.28789,24.80522],[141.28789,24.80522],[141.28789,24.80522]]],[[[141.28572,24.78525],[141.28572,24.78525],[141.28572,24.78525],[141.28572,24.78525]]],[[[141.29298,24.74906],[141.29298,24.74906],[141.29298,24.74906],[141.29298,24.74906]]],[[[141.37907,24.77973],[141.37907,24.77973],[141.37907,24.77973],[141.37907,24.77973]]],[[[141.28703,24.8022],[141.28703,24.8022],[141.28703,24.8022],[141.28703,24.8022]]],[[[141.29251,24.74869],[141.29251,24.74869],[141.29251,24.74869],[141.29251,24.74869]]],[[[141.28723,24.80708],[141.28723,24.80708],[141.28723,24.80708],[141.28723,24.80708]]],[[[141.28733,24.78528],[141.28733,24.78528],[141.28733,24.78528],[141.28733,24.78528]]],[[[141.28745,24.80755],[141.28745,24.80755],[141.28745,24.80755],[141.28745,24.80755]]],[[[141.28787,24.80667],[141.28787,24.80667],[141.28787,24.80667],[141.28787,24.80667]]],[[[141.28461,24.80051],[141.28461,24.80051],[141.28461,24.80051],[141.28461,24.80051]]],[[[142.22521,27.03935],[142.22521,27.03935],[142.22521,27.03935],[142.22521,27.03935]]],[[[141.28449,24.79993],[141.28449,24.79993],[141.28449,24.79993],[141.28449,24.79993]]],[[[141.28642,24.80006],[141.28642,24.80006],[141.28642,24.80006],[141.28642,24.80006]]],[[[141.28596,24.78507],[141.28596,24.78507],[141.28596,24.78507],[141.28596,24.78507]]],[[[141.28446,24.79971],[141.28446,24.79971],[141.28446,24.79971],[141.28446,24.79971]]],[[[141.28465,24.8007],[141.28465,24.8007],[141.28465,24.8007],[141.28465,24.8007]]],[[[141.37888,24.78074],[141.37888,24.78074],[141.37888,24.78074],[141.37888,24.78074]]],[[[141.2877,24.80416],[141.2877,24.80416],[141.2877,24.80416],[141.2877,24.80416]]],[[[141.28534,24.80408],[141.28534,24.80408],[141.28534,24.80408],[141.28534,24.80408]]],[[[141.28475,24.75213],[141.28475,24.75213],[141.28475,24.75213],[141.28475,24.75213]]],[[[141.28685,24.78504],[141.28685,24.78504],[141.28685,24.78504],[141.28685,24.78504]]],[[[141.28586,24.79752],[141.28586,24.79752],[141.28586,24.79752],[141.28586,24.79752]]],[[[141.28621,24.78497],[141.28621,24.78497],[141.28621,24.78497],[141.28621,24.78497]]],[[[141.28599,24.78507],[141.28599,24.78507],[141.28599,24.78507],[141.28599,24.78507]]],[[[141.28704,24.78519],[141.28704,24.78519],[141.28704,24.78519],[141.28704,24.78519]]],[[[141.29313,24.74918],[141.29312,24.74918],[141.29313,24.74918],[141.29313,24.74918]]],[[[141.29315,24.74929],[141.29315,24.74929],[141.29315,24.74929],[141.29315,24.74929]]],[[[142.12526,26.70402],[142.12526,26.70402],[142.12526,26.70402],[142.12526,26.70402]]],[[[141.28716,24.80693],[141.28716,24.80693],[141.28716,24.80693],[141.28716,24.80693]]],[[[141.28483,24.75332],[141.28483,24.75332],[141.28483,24.75332],[141.28483,24.75332]]],[[[141.37904,24.7798],[141.37904,24.7798],[141.37904,24.7798],[141.37904,24.7798]]],[[[141.29328,24.74946],[141.29328,24.74946],[141.29328,24.74946],[141.29328,24.74946]]],[[[141.28558,24.78564],[141.28558,24.78564],[141.28558,24.78564],[141.28558,24.78564]]],[[[141.34075,24.80491],[141.34075,24.80491],[141.34075,24.80491],[141.34075,24.80491]]],[[[141.28728,24.78525],[141.28728,24.78525],[141.28728,24.78525],[141.28728,24.78525]]],[[[141.29277,24.74892],[141.29277,24.74892],[141.29277,24.74892],[141.29277,24.74892]]],[[[141.29162,24.77731],[141.29162,24.77731],[141.29162,24.77731],[141.29162,24.77731]]],[[[141.29164,24.74799],[141.29164,24.74799],[141.29164,24.74799],[141.29164,24.74799]]],[[[141.37987,24.77961],[141.37987,24.77961],[141.37987,24.77961],[141.37987,24.77961]]],[[[141.28715,24.80711],[141.28715,24.80711],[141.28715,24.80711],[141.28715,24.80711]]],[[[141.28991,24.7473],[141.28991,24.7473],[141.28991,24.7473],[141.28991,24.7473]]],[[[141.28784,24.80509],[141.28784,24.80509],[141.28784,24.80509],[141.28784,24.80509]]],[[[141.47245,24.23161],[141.47245,24.23161],[141.47245,24.23161],[141.47245,24.23161]]],[[[141.32582,24.81415],[141.32582,24.81415],[141.32582,24.81415],[141.32582,24.81415]]],[[[141.28787,24.80539],[141.28787,24.80539],[141.28787,24.80539],[141.28787,24.80539]]],[[[141.34409,24.80028],[141.34409,24.80028],[141.34409,24.80028],[141.34409,24.80028]]],[[[141.28786,24.80518],[141.28786,24.80518],[141.28786,24.80518],[141.28786,24.80518]]],[[[141.28911,24.74661],[141.28911,24.74661],[141.28911,24.74661],[141.28911,24.74661]]],[[[141.2879,24.80652],[141.2879,24.80652],[141.2879,24.80652],[141.2879,24.80652]]],[[[141.34443,24.80006],[141.34443,24.80006],[141.34443,24.80006],[141.34443,24.80006]]],[[[141.28872,24.74645],[141.28872,24.74645],[141.28872,24.74645],[141.28872,24.74645]]],[[[141.28746,24.80712],[141.28746,24.80712],[141.28746,24.80712],[141.28746,24.80712]]],[[[141.28655,24.80099],[141.28655,24.80099],[141.28655,24.80099],[141.28655,24.80099]]],[[[141.28732,24.80316],[141.28732,24.80316],[141.28732,24.80316],[141.28732,24.80316]]],[[[141.2872,24.78519],[141.2872,24.78519],[141.2872,24.78519],[141.2872,24.78519]]],[[[141.28566,24.78982],[141.28566,24.78982],[141.28566,24.78982],[141.28566,24.78982]]],[[[141.29319,24.74939],[141.29319,24.74939],[141.29319,24.74939],[141.29319,24.74939]]],[[[141.288,24.80695],[141.288,24.80695],[141.288,24.80695],[141.288,24.80695]]],[[[141.2901,24.74748],[141.2901,24.74748],[141.2901,24.74748],[141.2901,24.74748]]],[[[141.28541,24.80438],[141.28541,24.80438],[141.28541,24.80438],[141.28541,24.80438]]],[[[141.30442,24.75613],[141.30442,24.75613],[141.30442,24.75613],[141.30442,24.75613]]],[[[141.28694,24.78519],[141.28694,24.78519],[141.28694,24.78519],[141.28694,24.78519]]],[[[141.28724,24.78518],[141.28724,24.78518],[141.28724,24.78518],[141.28724,24.78518]]],[[[141.2929,24.74904],[141.2929,24.74904],[141.2929,24.74904],[141.2929,24.74904]]],[[[141.28508,24.7543],[141.28508,24.7543],[141.28508,24.7543],[141.28508,24.7543]]],[[[141.28735,24.78532],[141.28735,24.78532],[141.28735,24.78532],[141.28735,24.78532]]],[[[141.28599,24.78511],[141.28599,24.78511],[141.28599,24.78511],[141.28599,24.78511]]],[[[141.32542,24.81405],[141.32542,24.81405],[141.32542,24.81405],[141.32542,24.81405]]],[[[141.34745,24.77588],[141.34745,24.77588],[141.34745,24.77588],[141.34745,24.77588]]],[[[141.29226,24.74848],[141.29226,24.74848],[141.29226,24.74848],[141.29226,24.74848]]],[[[141.28574,24.78809],[141.28574,24.78809],[141.28574,24.78809],[141.28574,24.78809]]],[[[141.28988,24.74728],[141.28988,24.74728],[141.28988,24.74728],[141.28988,24.74728]]],[[[141.3788,24.78001],[141.3788,24.78001],[141.3788,24.78001],[141.3788,24.78001]]],[[[141.37862,24.77944],[141.37862,24.77944],[141.37862,24.77944],[141.37862,24.77944]]],[[[141.29287,24.749],[141.29287,24.749],[141.29287,24.749],[141.29287,24.749]]],[[[141.28551,24.74901],[141.28551,24.74901],[141.28551,24.74901],[141.28551,24.74901]]],[[[141.28497,24.78973],[141.28497,24.78973],[141.28497,24.78973],[141.28497,24.78973]]],[[[141.37911,24.77927],[141.37911,24.77927],[141.37911,24.77927],[141.37911,24.77927]]],[[[141.29347,24.75002],[141.29347,24.75002],[141.29347,24.75002],[141.29347,24.75002]]],[[[141.29262,24.7488],[141.29262,24.7488],[141.29262,24.7488],[141.29262,24.7488]]],[[[141.29259,24.74877],[141.29259,24.74877],[141.29259,24.74877],[141.29259,24.74877]]],[[[141.29353,24.74996],[141.29353,24.74996],[141.29353,24.74996],[141.29353,24.74996]]],[[[141.37836,24.78054],[141.37836,24.78054],[141.37836,24.78054],[141.37836,24.78054]]],[[[141.28464,24.7528],[141.28464,24.7528],[141.28464,24.7528],[141.28464,24.7528]]],[[[142.18473,27.08657],[142.18473,27.08657],[142.18473,27.08657],[142.18473,27.08657]]],[[[141.28615,24.80621],[141.28615,24.80621],[141.28615,24.80621],[141.28615,24.80621]]],[[[141.28467,24.80177],[141.28467,24.80177],[141.28467,24.80177],[141.28467,24.80177]]],[[[141.29318,24.74935],[141.29318,24.74935],[141.29318,24.74935],[141.29318,24.74935]]],[[[141.28702,24.78509],[141.28702,24.78509],[141.28702,24.78509],[141.28702,24.78509]]],[[[141.28705,24.78516],[141.28705,24.78516],[141.28705,24.78516],[141.28705,24.78516]]],[[[141.29257,24.74873],[141.29257,24.74873],[141.29257,24.74873],[141.29257,24.74873]]],[[[141.28831,24.74584],[141.28831,24.74584],[141.28831,24.74584],[141.28831,24.74584]]],[[[141.29222,24.7484],[141.29222,24.7484],[141.29222,24.7484],[141.29222,24.7484]]],[[[141.2934,24.74959],[141.2934,24.74959],[141.2934,24.74959],[141.2934,24.74959]]],[[[141.37797,24.77971],[141.37797,24.77971],[141.37797,24.77971],[141.37797,24.77971]]],[[[141.29264,24.74877],[141.29264,24.74877],[141.29264,24.74877],[141.29264,24.74877]]],[[[141.37868,24.7794],[141.37868,24.7794],[141.37868,24.7794],[141.37868,24.7794]]],[[[141.29208,24.74822],[141.29208,24.74822],[141.29208,24.74822],[141.29208,24.74822]]],[[[141.29367,24.7511],[141.29367,24.7511],[141.29367,24.7511],[141.29367,24.7511]]],[[[141.29366,24.75068],[141.29366,24.75068],[141.29366,24.75068],[141.29366,24.75068]]],[[[141.37973,24.78019],[141.37973,24.78019],[141.37973,24.78019],[141.37973,24.78019]]],[[[141.29316,24.74922],[141.29316,24.74922],[141.29316,24.74922],[141.29316,24.74922]]],[[[141.28747,24.78541],[141.28747,24.78541],[141.28747,24.78541],[141.28747,24.78541]]],[[[141.28633,24.7995],[141.28633,24.7995],[141.28633,24.7995],[141.28633,24.7995]]],[[[141.37906,24.78064],[141.37906,24.78064],[141.37906,24.78064],[141.37906,24.78064]]],[[[141.2858,24.78809],[141.2858,24.78809],[141.2858,24.78809],[141.2858,24.78809]]],[[[141.29311,24.74922],[141.29311,24.74922],[141.29311,24.74922],[141.29311,24.74922]]],[[[141.37884,24.77978],[141.37884,24.77978],[141.37884,24.77978],[141.37884,24.77978]]],[[[141.29286,24.74894],[141.29286,24.74894],[141.29286,24.74894],[141.29286,24.74894]]],[[[141.34323,24.77159],[141.34323,24.77159],[141.34323,24.77159],[141.34323,24.77159]]],[[[141.37867,24.77943],[141.37867,24.77943],[141.37867,24.77943],[141.37867,24.77943]]],[[[141.28985,24.74725],[141.28985,24.74725],[141.28985,24.74725],[141.28985,24.74725]]],[[[141.287,24.78517],[141.287,24.78517],[141.287,24.78517],[141.287,24.78517]]],[[[141.28766,24.80351],[141.28766,24.80351],[141.28766,24.80351],[141.28766,24.80351]]],[[[141.29346,24.74999],[141.29346,24.74999],[141.29346,24.74999],[141.29346,24.74999]]],[[[141.28744,24.78522],[141.28744,24.78522],[141.28744,24.78522],[141.28744,24.78522]]],[[[141.2864,24.79819],[141.2864,24.79819],[141.2864,24.79819],[141.2864,24.79819]]],[[[141.28598,24.7852],[141.28598,24.7852],[141.28598,24.7852],[141.28598,24.7852]]],[[[141.37958,24.78062],[141.37958,24.78062],[141.37958,24.78062],[141.37958,24.78062]]],[[[141.28704,24.78512],[141.28704,24.78512],[141.28704,24.78512],[141.28704,24.78512]]],[[[141.28549,24.80457],[141.28549,24.80457],[141.28549,24.80457],[141.28549,24.80457]]],[[[141.34693,24.77564],[141.34693,24.77564],[141.34693,24.77564],[141.34693,24.77564]]],[[[141.33958,24.7705],[141.33958,24.7705],[141.33958,24.7705],[141.33958,24.7705]]],[[[141.30531,24.75652],[141.30531,24.75652],[141.30531,24.75652],[141.30531,24.75652]]],[[[141.3784,24.78037],[141.3784,24.78037],[141.3784,24.78037],[141.3784,24.78037]]],[[[141.28626,24.79947],[141.28626,24.79947],[141.28626,24.79947],[141.28626,24.79947]]],[[[141.28582,24.78535],[141.28582,24.78535],[141.28582,24.78535],[141.28582,24.78535]]],[[[141.30423,24.75616],[141.30423,24.75616],[141.30423,24.75616],[141.30423,24.75616]]],[[[141.34689,24.77566],[141.34689,24.77566],[141.34689,24.77566],[141.34689,24.77566]]],[[[141.37907,24.77973],[141.37907,24.77973],[141.37907,24.77973],[141.37907,24.77973]]],[[[141.29315,24.74936],[141.29315,24.74936],[141.29315,24.74936],[141.29315,24.74936]]],[[[141.28706,24.80691],[141.28706,24.80691],[141.28706,24.80691],[141.28706,24.80691]]],[[[141.29363,24.75105],[141.29363,24.75105],[141.29363,24.75105],[141.29363,24.75105]]],[[[141.29316,24.74927],[141.29316,24.74927],[141.29316,24.74927],[141.29316,24.74927]]],[[[141.37886,24.77982],[141.37884,24.77983],[141.37886,24.77982],[141.37886,24.77982]]],[[[141.34677,24.77554],[141.34677,24.77554],[141.34677,24.77554],[141.34677,24.77554]]],[[[141.28709,24.78518],[141.28709,24.78518],[141.28709,24.78518],[141.28709,24.78518]]],[[[141.28418,24.79947],[141.28418,24.79947],[141.28418,24.79947],[141.28418,24.79947]]],[[[141.37989,24.7796],[141.37989,24.7796],[141.37989,24.7796],[141.37989,24.7796]]],[[[141.28494,24.80211],[141.28494,24.80211],[141.28494,24.80211],[141.28494,24.80211]]],[[[141.37966,24.78027],[141.37966,24.78027],[141.37966,24.78027],[141.37966,24.78027]]],[[[141.37851,24.77961],[141.37851,24.77961],[141.37851,24.77961],[141.37851,24.77961]]],[[[141.37886,24.77982],[141.37886,24.77982],[141.37886,24.77982],[141.37886,24.77982]]],[[[141.29304,24.74915],[141.29304,24.74915],[141.29304,24.74915],[141.29304,24.74915]]],[[[141.34138,24.80443],[141.34138,24.80443],[141.34138,24.80443],[141.34138,24.80443]]],[[[141.29354,24.7503],[141.29354,24.7503],[141.29354,24.7503],[141.29354,24.7503]]],[[[141.29186,24.74823],[141.29186,24.74823],[141.29186,24.74823],[141.29186,24.74823]]],[[[141.29259,24.74874],[141.29259,24.74874],[141.29259,24.74874],[141.29259,24.74874]]],[[[141.29323,24.74937],[141.29323,24.74937],[141.29323,24.74937],[141.29323,24.74937]]],[[[141.3786,24.77954],[141.3786,24.77954],[141.3786,24.77954],[141.3786,24.77954]]],[[[141.29081,24.74784],[141.29081,24.74784],[141.29081,24.74784],[141.29081,24.74784]]],[[[141.34132,24.80412],[141.34132,24.80412],[141.34132,24.80412],[141.34132,24.80412]]],[[[141.29229,24.74853],[141.29229,24.74853],[141.29229,24.74853],[141.29229,24.74853]]],[[[141.28715,24.80708],[141.28715,24.80708],[141.28715,24.80708],[141.28715,24.80708]]],[[[141.28446,24.80039],[141.28446,24.80039],[141.28446,24.80039],[141.28446,24.80039]]],[[[141.29133,24.74805],[141.29133,24.74805],[141.29133,24.74805],[141.29133,24.74805]]],[[[141.29316,24.74927],[141.29316,24.74927],[141.29316,24.74927],[141.29316,24.74927]]],[[[141.37834,24.78059],[141.37834,24.78059],[141.37834,24.78059],[141.37834,24.78059]]],[[[141.29364,24.75108],[141.29364,24.75108],[141.29364,24.75108],[141.29364,24.75108]]],[[[141.28789,24.80662],[141.28789,24.80662],[141.28789,24.80662],[141.28789,24.80662]]],[[[141.37849,24.77943],[141.37849,24.77943],[141.37849,24.77943],[141.37849,24.77943]]],[[[141.29372,24.75123],[141.29372,24.75123],[141.29372,24.75123],[141.29372,24.75123]]],[[[141.37994,24.77956],[141.37994,24.77956],[141.37994,24.77956],[141.37994,24.77956]]],[[[141.3791,24.77979],[141.3791,24.77979],[141.3791,24.77979],[141.3791,24.77979]]],[[[141.37993,24.77957],[141.37993,24.77957],[141.37993,24.77957],[141.37993,24.77957]]],[[[141.3789,24.77981],[141.3789,24.77981],[141.3789,24.77981],[141.3789,24.77981]]],[[[141.37859,24.77939],[141.37859,24.77939],[141.37859,24.77939],[141.37859,24.77939]]],[[[141.29329,24.74932],[141.29329,24.74932],[141.29329,24.74932],[141.29329,24.74932]]],[[[141.37883,24.77986],[141.37883,24.77986],[141.37883,24.77986],[141.37883,24.77986]]],[[[141.29356,24.75029],[141.29356,24.75029],[141.29356,24.75029],[141.29356,24.75029]]],[[[141.29366,24.75096],[141.29366,24.75096],[141.29366,24.75096],[141.29366,24.75096]]],[[[141.28504,24.75408],[141.28504,24.75408],[141.28504,24.75408],[141.28504,24.75408]]],[[[141.30411,24.75613],[141.30411,24.75613],[141.30411,24.75613],[141.30411,24.75613]]],[[[141.34676,24.77556],[141.34676,24.77556],[141.34676,24.77556],[141.34676,24.77556]]],[[[141.29369,24.75113],[141.29369,24.75113],[141.29369,24.75113],[141.29369,24.75113]]],[[[141.30426,24.75633],[141.30426,24.75633],[141.30426,24.75633],[141.30426,24.75633]]],[[[141.37835,24.78057],[141.37835,24.78057],[141.37835,24.78057],[141.37835,24.78057]]],[[[141.28568,24.78984],[141.28568,24.78984],[141.28568,24.78984],[141.28568,24.78984]]],[[[141.29125,24.748],[141.29125,24.748],[141.29125,24.748],[141.29125,24.748]]],[[[141.29157,24.74805],[141.29157,24.74805],[141.29157,24.74805],[141.29157,24.74805]]],[[[141.29351,24.75013],[141.29351,24.75013],[141.29351,24.75013],[141.29351,24.75013]]],[[[141.28747,24.78538],[141.28747,24.78538],[141.28747,24.78538],[141.28747,24.78538]]],[[[141.379,24.77974],[141.379,24.77974],[141.379,24.77974],[141.379,24.77974]]],[[[141.29171,24.74803],[141.29171,24.74803],[141.29171,24.74803],[141.29171,24.74803]]],[[[141.34776,24.7762],[141.34776,24.7762],[141.34776,24.7762],[141.34776,24.7762]]],[[[141.29257,24.74855],[141.29257,24.74855],[141.29257,24.74855],[141.29257,24.74855]]],[[[141.37889,24.77979],[141.37889,24.77979],[141.37889,24.77979],[141.37889,24.77979]]],[[[141.3788,24.77959],[141.3788,24.77959],[141.3788,24.77959],[141.3788,24.77959]]],[[[141.37898,24.7796],[141.37898,24.7796],[141.37898,24.7796],[141.37898,24.7796]]],[[[141.37956,24.78061],[141.37956,24.78061],[141.37956,24.78061],[141.37956,24.78061]]],[[[141.28707,24.78519],[141.28707,24.78519],[141.28707,24.78519],[141.28707,24.78519]]],[[[141.37884,24.77983],[141.37884,24.77983],[141.37884,24.77983],[141.37884,24.77983]]],[[[141.37907,24.78023],[141.37907,24.78023],[141.37907,24.78023],[141.37907,24.78023]]],[[[141.28734,24.78529],[141.28734,24.78529],[141.28734,24.78529],[141.28734,24.78529]]],[[[141.28634,24.79924],[141.28634,24.79924],[141.28634,24.79924],[141.28634,24.79924]]],[[[141.29279,24.74889],[141.29279,24.74889],[141.29279,24.74889],[141.29279,24.74889]]],[[[141.37959,24.7806],[141.37959,24.7806],[141.37959,24.7806],[141.37959,24.7806]]],[[[141.29002,24.7474],[141.29002,24.7474],[141.29002,24.7474],[141.29002,24.7474]]],[[[141.3796,24.78061],[141.3796,24.78061],[141.3796,24.78061],[141.3796,24.78061]]]]}}]}
